RMSE,MAE,MAPE,DA,N,Model
22.02920766441805,14.70387398401782,1.0364728844423525,48.4472049689441,162,Random Walk
159.46624014729284,153.37740619198712,10.734630762987232,31.05590062111801,162,ARIMA
20.002369544174442,15.161417419631904,1.0750791927136065,62.732919254658384,162,Hybrid
