RMSE,MAE,MAPE,DA,N,Model
16.598428280886342,13.161652103450784,0.8748024708791916,54.037267080745345,162,Random Walk
59.878257406502044,45.86186616598595,3.125029412133521,51.5527950310559,162,ARIMA
46.16339008492993,37.643114748979315,2.546771540969684,44.099378881987576,162,Hybrid
