RMSE,MAE,MAPE,DA,N,Model
24.832276008266568,17.299714315255876,1.0722025351349167,50.931677018633536,162,Random Walk
137.1783804351919,116.97284381046245,7.051046391083343,51.5527950310559,162,ARIMA
49.86242506901891,38.12741096498699,2.321470262548991,57.14285714285714,162,Hybrid ARIMA-LSTM
24.61251166762814,17.420181829197126,1.0799398179568962,51.5527950310559,162,Winning Hybrid
24.638954629476483,17.45403487548599,1.0820394950594123,51.5527950310559,162,Improved Hybrid
