RMSE,MAE,MAPE,DA,N,Model
19.155190486621194,13.936852353818853,1.0184545383431214,53.41614906832298,162,Random Walk
60.05193382970233,49.95443871951675,3.6023505328289325,31.67701863354037,162,ARIMA
23.643876296336604,19.028315129820385,1.3912853849429605,62.732919254658384,162,Hybrid
