date,actual,previous_actual,lstm_prediction,raw_lstm_output,abs_error,pct_error,actual_direction,predicted_direction,direction_correct
2021-05-11,413.58,407.63,311.09830853019287,5.740108966827393,102.48169146980712,24.779170044442942,1,0,0
2021-05-12,412.14,413.58,311.10884107805254,5.740142822265625,101.03115892194745,24.51379602124216,0,0,1
2021-05-13,410.97,412.14,311.34391348013554,5.740898132324219,99.62608651986449,24.24169319411745,0,0,1
2021-05-14,409.24,410.97,311.1576514827425,5.740299701690674,98.08234851725751,23.966950571121476,0,0,1
2021-05-15,410.12,409.24,310.7906485511669,5.739119529724121,99.32935144883311,24.219582426809986,1,0,0
2021-05-16,409.69,410.12,310.7491562928333,5.738986015319824,98.94084370716672,24.15017298620096,0,0,1
2021-05-17,412.0,409.69,310.923016232256,5.7395453453063965,101.07698376774403,24.53324848731651,1,0,0
2021-05-18,410.86,412.0,310.96423514619977,5.739677906036377,99.89576485380024,24.313820974005804,0,0,1
2021-05-19,409.67,410.86,311.180946684966,5.740374565124512,98.48905331503403,24.041070450614892,0,0,1
2021-05-20,410.14,409.67,311.1701149408925,5.740339756011963,98.96988505910747,24.13075658533854,1,0,0
2021-05-21,412.2,410.14,311.09356158294173,5.74009370803833,101.10643841705826,24.528490639752125,1,0,0
2021-05-22,412.88,412.2,311.17931448022523,5.7403693199157715,101.70068551977477,24.632020325463756,1,0,0
2021-05-23,412.88,412.88,311.1049840473144,5.740130424499512,101.77501595268558,24.650023239848277,0,0,1
2021-05-24,411.93,412.88,311.00234526195794,5.739800453186035,100.92765473804207,24.501166396728102,0,0,1
2021-05-25,410.8,411.93,311.088369692322,5.740077018737793,99.71163030767804,24.272548760389007,0,0,1
2021-05-26,407.22,410.8,311.12382461268015,5.7401909828186035,96.09617538731987,23.598098174775274,0,0,1
2021-05-27,411.69,407.22,311.24564824079266,5.740582466125488,100.44435175920734,24.398054788604856,1,0,0
2021-05-28,411.43,411.69,311.03808700695583,5.739915370941162,100.39191299304417,24.40072746106122,0,0,1
2021-05-29,411.72,411.43,311.25277216985893,5.740605354309082,100.4672278301411,24.4018332435007,1,0,0
2021-05-30,411.72,411.72,311.21923176059147,5.740497589111328,100.50076823940856,24.40997965593329,0,0,1
2021-05-31,410.13,411.72,311.11329155755493,5.740157127380371,99.01670844244506,24.14276167128595,0,0,1
2021-06-01,412.56,410.13,310.9860329675726,5.739748001098633,101.57396703242739,24.62041085719105,1,0,0
2021-06-02,412.76,412.56,311.18168859904193,5.740376949310303,101.57831140095806,24.609533724430193,1,0,0
2021-06-03,412.93,412.76,311.2734028008979,5.740671634674072,101.65659719910212,24.618360787325244,1,0,0
2021-06-04,413.37,412.93,311.34851578490577,5.740912914276123,102.02148421509423,24.680427756028315,1,0,0
2021-06-05,413.06,413.37,311.4719126033573,5.74130916595459,101.58808739664272,24.594026871796522,0,0,1
2021-06-06,411.91,413.06,311.46404106959557,5.741283893585205,100.44595893040446,24.38541402986197,0,0,1
2021-06-07,412.44,411.91,311.5730720879455,5.741633892059326,100.8669279120545,24.45614584231755,1,0,0
2021-06-08,412.75,412.44,311.36558944529935,5.740967750549316,101.38441055470065,24.56315216346472,1,0,0
2021-06-09,412.88,412.75,311.3612838252669,5.7409539222717285,101.51871617473307,24.587947145595106,1,0,0
2021-06-10,414.09,412.88,311.300566076672,5.740758895874023,102.78943392332798,24.822969384271047,1,0,0
2021-06-11,413.76,414.09,311.45468459955566,5.741253852844238,102.30531540044433,24.72576261611667,0,0,1
2021-06-12,415.65,413.76,311.537863077946,5.741520881652832,104.11213692205399,25.04803005462625,1,0,0
2021-06-13,415.92,415.65,311.49939027091716,5.741397380828857,104.42060972908286,25.105936172601186,1,0,0
2021-06-14,413.39,415.92,311.5494504141159,5.741558074951172,101.8405495858841,24.635465198936625,0,0,1
2021-06-15,408.64,413.39,311.518254721584,5.741457939147949,97.12174527841597,23.76706765818715,0,0,1
2021-06-16,415.04,408.64,311.3966213642903,5.741067409515381,103.64337863570972,24.97190117475658,1,0,0
2021-06-17,412.95,415.04,311.18688204710196,5.74039363861084,101.76311795289803,24.64296354350358,0,0,1
2021-06-18,412.73,412.95,311.26672366994075,5.740650177001953,101.46327633005927,24.58345076201373,0,0,1
2021-06-19,413.34,412.73,311.0557369352942,5.739972114562988,102.28426306470578,24.745793551242507,1,0,0
2021-06-20,413.39,413.34,311.00560782350993,5.739810943603516,102.38439217649005,24.767021983233764,1,0,0
2021-06-21,414.82,413.39,310.91011791046947,5.739503860473633,103.90988208953053,25.049390600629316,1,0,0
2021-06-22,412.23,414.82,311.20083059374485,5.740438461303711,101.02916940625516,24.507961430816575,0,0,1
2021-06-23,412.93,412.23,311.09771515782535,5.74010705947876,101.83228484217466,24.66090737950129,1,0,0
2021-06-24,414.81,412.93,311.1779790463507,5.740365028381348,103.63202095364932,24.98300931839862,1,0,0
2021-06-25,415.27,414.81,311.3413896644671,5.740890026092529,103.92861033553288,25.02675616720035,1,0,0
2021-06-26,415.4,415.27,311.1411826787226,5.740246772766113,104.25881732127738,25.098415339739383,1,0,0
2021-06-27,413.73,415.4,311.3161526329757,5.740808963775635,102.41384736702435,24.753788066377673,0,0,1
2021-06-28,413.6,413.73,311.4190434789846,5.7411394119262695,102.18095652101545,24.70526028070973,0,0,1
2021-06-29,414.3,413.6,311.4027093284812,5.741086959838867,102.89729067151882,24.836420630344875,1,0,0
2021-06-30,415.34,414.3,311.4846857040784,5.741350173950195,103.85531429592157,25.004891003977846,1,0,0
2021-07-01,417.0,415.34,311.53385217737423,5.7415080070495605,105.46614782262577,25.291642163699226,1,0,0
2021-07-02,412.7,417.0,311.47547713691364,5.741320610046387,101.22452286308635,24.52738620380091,0,0,1
2021-07-03,415.09,412.7,311.23362698022436,5.740543842315674,103.85637301977562,25.020205984190326,1,0,0
2021-07-04,413.81,415.09,311.2888395630383,5.740721225738525,102.52116043696168,24.77493546240102,0,0,1
2021-07-05,413.52,413.81,311.11240145656126,5.740154266357422,102.40759854343872,24.764847780866397,0,0,1
2021-07-06,416.9,413.52,311.1313908300993,5.740215301513672,105.76860916990069,25.370258855816907,1,0,0
2021-07-07,416.48,416.9,311.22012216722953,5.740500450134277,105.25987783277048,25.273693294460834,0,0,1
2021-07-08,416.47,416.48,311.2238322223089,5.740512371063232,105.24616777769114,25.271008182508016,0,0,1
2021-07-09,417.17,416.47,311.31837934758187,5.740816116333008,105.85162065241815,25.37373748170246,1,0,0
2021-07-10,415.53,417.17,311.24831969508466,5.740591049194336,104.28168030491531,25.096065339425632,0,0,1
2021-07-11,415.7,415.53,311.24579665431844,5.7405829429626465,104.45420334568155,25.127304148588298,1,0,0
2021-07-12,419.08,415.7,311.4821607472823,5.741342067718506,107.59783925271768,25.674773134656313,1,0,0
2021-07-13,416.15,419.08,311.42290440338223,5.741151809692383,104.72709559661774,25.165708421631084,0,0,1
2021-07-14,417.48,416.15,311.4067185406299,5.741099834442139,106.0732814593701,25.407991151521053,1,0,0
2021-07-15,416.68,417.48,311.4802299117781,5.741335868835449,105.1997700882219,25.247136912792048,0,0,1
2021-07-16,414.47,416.68,311.4680510713712,5.741296768188477,103.00194892862885,24.851484770581425,0,0,1
2021-07-17,414.33,414.47,311.5222654213434,5.741470813751221,102.8077345786566,24.81300764575498,0,0,1
2021-07-18,416.28,414.33,311.65880855169746,5.741909027099609,104.62119144830251,25.132408822980327,1,0,0
2021-07-19,418.43,416.28,311.7121642881207,5.742080211639404,106.71783571187933,25.504346177826477,1,0,0
2021-07-20,418.2,418.43,311.80180464816095,5.742367744445801,106.39819535183904,25.44194054324224,0,0,1
2021-07-21,418.47,418.2,311.57114068889433,5.7416276931762695,106.8988593111057,25.54516675295856,1,0,0
2021-07-22,416.2,418.47,311.81801104614624,5.742419719696045,104.38198895385375,25.079766687615027,0,0,1
2021-07-23,419.57,416.2,311.7447172592298,5.742184638977051,107.8252827407702,25.698997244981815,1,0,0
2021-07-24,416.45,419.57,311.80834657899214,5.742388725280762,104.64165342100785,25.127062893746633,0,0,1
2021-07-25,418.03,416.45,311.75423109816273,5.742215156555176,106.27576890183724,25.423000478874062,1,0,0
2021-07-26,417.86,418.03,311.8422478735562,5.742497444152832,106.01775212644384,25.371596258661715,0,0,1
2021-07-27,417.76,417.86,311.68823481991643,5.742003440856934,106.07176518008356,25.390598712199246,0,0,1
2021-07-28,419.77,417.76,311.75125799230733,5.742205619812012,108.01874200769265,25.732839890342962,1,0,0
2021-07-29,417.32,419.77,311.5654951295451,5.741609573364258,105.75450487045487,25.341345938477637,0,0,1
2021-07-30,416.62,417.32,311.6909100729758,5.742012023925781,104.92908992702422,25.185802392353754,0,0,1
2021-07-31,418.44,416.62,311.6290878687928,5.741813659667969,106.8109121312072,25.52598033916624,1,0,0
2021-08-01,418.03,418.44,311.621063770352,5.741787910461426,106.40893622964796,25.45485640495849,0,0,1
2021-08-02,422.88,418.03,311.59981576693133,5.741719722747803,111.28018423306867,26.314837361206173,1,0,0
2021-08-03,419.6,422.88,311.70027363951056,5.742042064666748,107.89972636048947,25.714901420517034,0,0,1
2021-08-04,418.34,419.6,311.7652318363668,5.742250442504883,106.57476816363317,25.475634212275462,0,0,1
2021-08-05,417.64,418.34,311.69105869881906,5.7420125007629395,105.94894130118092,25.36848513101737,0,0,1
2021-08-06,416.71,417.64,311.59699271467736,5.741710662841797,105.11300728532262,25.224498400643764,0,0,1
2021-08-07,417.89,416.71,311.7115697449173,5.7420783042907715,106.17843025508267,25.40822471346112,1,0,0
2021-08-08,419.44,417.89,311.6038275167636,5.741732597351074,107.8361724832364,25.70955857410748,1,0,0
2021-08-09,421.2,419.44,311.50904516200274,5.741428375244141,109.69095483799725,26.042486903608086,1,0,0
2021-08-10,420.92,421.2,311.5500446481009,5.741559982299805,109.36995535189914,25.98354921407848,0,0,1
2021-08-11,419.91,420.92,311.5295442305741,5.741494178771973,108.38045576942591,25.81040122155364,0,0,1
2021-08-12,419.32,419.91,311.6053133631421,5.741737365722656,107.71468663685789,25.687943965672492,0,0,1
2021-08-13,420.17,419.32,311.74620377742457,5.742189407348633,108.42379622257545,25.804744799146878,1,0,0
2021-08-14,419.29,420.17,311.79764167273123,5.742354393005371,107.49235832726879,25.63675697661971,0,0,1
2021-08-15,422.22,419.29,311.7261363798558,5.742125034332275,110.49386362014423,26.169737013913178,1,0,0
2021-08-16,419.93,422.22,311.60041009698074,5.7417216300964355,108.32958990301927,25.797059010553962,0,0,1
2021-08-17,420.16,419.93,311.3848912323091,5.741029739379883,108.77510876769094,25.88897295499118,1,0,0
2021-08-18,417.59,420.16,311.40196688745135,5.741084575653076,106.18803311254862,25.42877777546125,0,0,1
2021-08-19,420.24,417.59,311.6305738356224,5.741818428039551,108.60942616437762,25.844618828378454,1,0,0
2021-08-20,421.66,420.24,311.61675461757414,5.741774082183838,110.04324538242588,26.097624954329525,1,0,0
2021-08-21,419.36,421.66,311.40508515167176,5.741094589233398,107.95491484832826,25.742778245022954,0,0,1
2021-08-22,419.87,419.36,311.5705464146718,5.741625785827637,108.2994535853282,25.793567910383736,1,0,0
2021-08-23,421.93,419.87,311.6131884672345,5.741762638092041,110.31681153276548,26.145761508488487,1,0,0
2021-08-24,419.17,421.93,311.70235447027375,5.742048740386963,107.46764552972627,25.638200617822427,0,0,1
2021-08-25,422.48,419.17,311.49983587468796,5.741398811340332,110.98016412531206,26.268737958083708,1,0,0
2021-08-26,420.58,422.48,311.6002615143621,5.741721153259277,108.97973848563788,25.91177385649291,0,0,1
2021-08-27,420.87,420.58,311.7463524296339,5.742189884185791,109.12364757036613,25.9281126168095,1,0,0
2021-08-28,420.05,420.87,311.85027766738546,5.742523193359375,108.19972233261456,25.75877213013083,0,0,1
2021-08-29,422.06,420.05,311.75631228913204,5.742221832275391,110.30368771086796,26.134598803693304,1,0,0
2021-08-30,424.8,422.06,311.75051472027377,5.742203235626221,113.04948527972624,26.612402372816913,1,0,0
2021-08-31,422.79,424.8,311.78366637600817,5.7423095703125,111.00633362399185,26.255666790603335,0,0,1
2021-09-01,420.82,422.79,311.80150729092986,5.742366790771484,109.01849270907013,25.906205196775375,0,0,1
2021-09-02,423.46,420.82,311.8345156749118,5.7424726486206055,111.62548432508817,26.360337298703104,1,0,0
2021-09-03,421.73,423.46,311.93445424498196,5.742793083190918,109.79554575501805,26.03455901999337,0,0,1
2021-09-04,423.98,421.73,311.93534669789085,5.742795944213867,112.04465330210917,26.426872329380906,1,0,0
2021-09-05,423.37,423.98,312.0412692410067,5.743135452270508,111.32873075899329,26.295847783025085,0,0,1
2021-09-06,418.72,423.37,311.9985686086293,5.7429986000061035,106.72143139137074,25.487540932215023,0,0,1
2021-09-07,421.29,418.72,311.9115488274371,5.742719650268555,109.3784511725629,25.962745655620335,1,0,0
2021-09-08,423.87,421.29,311.95944389161485,5.742873191833496,111.91055610838515,26.402094063836824,1,0,0
2021-09-09,422.97,423.87,311.8617279162049,5.742559909820557,111.1082720837951,26.26859400992862,0,0,1
2021-09-10,421.59,422.97,311.9866670347697,5.742960453033447,109.60333296523027,25.997612126765404,0,0,1
2021-09-11,422.2,421.59,312.0510897250938,5.743166923522949,110.1489102749062,26.089272921578917,1,0,0
2021-09-12,420.69,422.2,312.00853652608123,5.743030548095703,108.68146347391877,25.834097191261684,0,0,1
2021-09-13,423.11,420.69,311.94159393974695,5.742815971374512,111.16840606025306,26.27411454710431,1,0,0
2021-09-14,426.13,423.11,311.94070146896456,5.7428131103515625,114.18929853103543,26.796822221161484,1,0,0
2021-09-15,424.46,426.13,311.9909813028346,5.742974281311035,112.46901869716538,26.496965249296842,0,0,1
2021-09-16,426.33,424.46,311.9177955926846,5.742739677429199,114.41220440731536,26.836536112240605,1,0,0
2021-09-17,424.78,426.33,311.8889425321745,5.742647171020508,112.89105746782548,26.57635893117037,0,0,1
2021-09-18,425.07,424.78,311.920324080852,5.742747783660889,113.14967591914797,26.619068840225836,1,0,0
2021-09-19,426.38,425.07,312.12847404714074,5.743414878845215,114.25152595285925,26.795704759336566,1,0,0
2021-09-20,424.46,426.38,312.1740207130614,5.743560791015625,112.28597928693858,26.45384236133878,0,0,1
2021-09-21,423.85,424.46,312.2433953970876,5.743782997131348,111.6066046029124,26.331627840724877,0,0,1
2021-09-22,425.51,423.85,311.9514112868781,5.742847442626953,113.55858871312188,26.687642761185845,1,0,0
2021-09-23,426.16,425.51,311.853549124149,5.7425336837768555,114.306450875851,26.822426054967853,1,0,0
2021-09-24,423.81,426.16,311.9645015636732,5.742889404296875,111.8454984363268,26.39048121477238,0,0,1
2021-09-25,423.61,423.81,311.9572125917741,5.742866039276123,111.65278740822589,26.35744845688862,0,0,1
2021-09-26,424.81,423.61,311.9964858004299,5.742991924285889,112.81351419957008,26.556228478512764,1,0,0
2021-09-27,425.8,424.81,312.0128510965656,5.743044376373291,113.7871489034344,26.723144411327944,1,0,0
2021-09-28,425.87,425.8,312.2410131781218,5.743775367736816,113.62898682187819,26.6816133613258,1,0,0
2021-09-29,423.15,425.87,312.2034956266927,5.743655204772949,110.94650437330728,26.219190446250096,0,0,1
2021-09-30,427.51,423.15,312.24488429317074,5.74378776550293,115.26511570682925,26.96196947599571,1,0,0
2021-10-01,424.36,427.51,312.1805704533783,5.743581771850586,112.17942954662169,26.434967844900953,0,0,1
2021-10-02,424.95,424.36,312.2305911838407,5.743741989135742,112.71940881615927,26.525334466680615,1,0,0
2021-10-03,424.25,424.95,311.9734270673361,5.742918014526367,112.2765729326639,26.46471960699208,0,0,1
2021-10-04,428.95,424.25,312.015380355278,5.7430524826049805,116.93461964472198,27.260664330276715,1,0,0
2021-10-05,425.93,428.95,312.11031677183155,5.743356704711914,113.81968322816846,26.722626541490023,0,0,1
2021-10-06,424.64,425.93,312.2867251759485,5.743921756744385,112.35327482405148,26.45847655050195,0,0,1
2021-10-07,426.94,424.64,311.99737843081283,5.742994785308838,114.94262156918717,26.92242974872047,1,0,0
2021-10-08,426.93,426.94,312.1135909565282,5.7433671951293945,114.81640904347182,26.893497539051328,0,0,1
2021-10-09,425.81,426.93,312.15749811513484,5.7435078620910645,113.65250188486516,26.69089544277146,0,0,1
2021-10-10,427.24,425.81,312.24547985359186,5.7437896728515625,114.99452014640815,26.915672724091408,1,0,0
2021-10-11,425.22,427.24,312.3287205953177,5.744056224822998,112.89127940468234,26.54891101187205,0,0,1
2021-10-12,425.75,425.22,312.22523143652296,5.743724822998047,113.52476856347704,26.664654976741527,1,0,0
2021-10-13,423.92,425.75,312.47083207864654,5.744511127471924,111.44916792135348,26.290141517586683,0,0,1
2021-10-14,424.91,423.92,312.52641316477224,5.744688987731934,112.38358683522779,26.448797824298744,1,0,0
2021-10-15,429.02,424.91,312.29997843956824,5.743964195251465,116.72002156043175,27.206195879080635,1,0,0
2021-10-16,428.92,429.02,312.1546700103541,5.743498802185059,116.76532998964592,27.22310220778838,0,0,1
2021-10-17,427.01,428.92,312.26900539886066,5.743865013122559,114.74099460113933,26.870798014364848,0,0,1
2021-10-18,429.17,427.01,312.39708691890905,5.744275093078613,116.77291308109096,27.209011133371614,1,0,0
2021-10-19,426.94,429.17,312.5867737966989,5.744882106781006,114.35322620330112,26.7843786488268,0,0,1
2021-10-20,426.94,426.94,312.36670003888344,5.74417781829834,114.57329996111656,26.835925413668562,0,0,1
2021-10-21,427.44,426.94,312.4608493919708,5.744479179382324,114.97915060802922,26.89948311061885,1,0,0
2021-10-22,427.31,427.44,312.389638880739,5.744251251220703,114.92036111926097,26.893908665666842,0,0,1
2021-10-23,427.31,427.31,312.369232165989,5.744185924530029,114.94076783401101,26.89868428869229,0,0,1
2021-10-24,429.16,427.31,312.36282741360077,5.744165420532227,116.79717258639926,27.215297927672484,1,0,0
2021-10-25,427.99,429.16,312.4027475466816,5.744293212890625,115.5872524533184,27.00699840027066,0,0,1
2021-10-26,428.82,427.99,312.4209218343925,5.744351387023926,116.39907816560748,27.14404136131885,1,0,0
2021-10-27,429.34,428.82,312.4884143023131,5.744567394256592,116.85158569768686,27.21656162893904,1,0,0
2021-10-28,428.63,429.34,312.5696331729426,5.7448272705078125,116.06036682705741,27.07705172924373,0,0,1
2021-10-29,426.99,428.63,312.6686145994326,5.745143890380859,114.32138540056741,26.773785194165534,0,0,1
2021-10-30,426.61,426.99,312.8771147217905,5.745810508728027,113.7328852782095,26.65968572659091,0,0,1
2021-10-31,428.65,426.61,312.66458914097734,5.745131015777588,115.98541085902264,27.058301845100345,1,0,0
2021-11-01,428.34,428.65,312.42390132669044,5.74436092376709,115.91609867330953,27.061703010064328,0,0,1
2021-11-02,428.79,428.34,312.47485504254047,5.744524002075195,116.31514495745955,27.126366043391766,1,0,0
2021-11-03,428.76,428.79,312.4703850858555,5.744509696960449,116.28961491414447,27.122309663715008,0,0,1
2021-11-04,432.22,428.76,312.64923323837894,5.745081901550293,119.57076676162109,27.664329915695962,1,0,0
2021-11-05,427.29,432.22,312.4980998480953,5.744598388671875,114.79190015190471,26.865103361160973,0,0,1
2021-11-06,426.55,427.29,312.6243374067362,5.745002269744873,113.92566259326384,26.708630311396984,0,0,1
2021-11-07,429.65,426.55,312.33750758535473,5.744084358215332,117.31249241464525,27.30419932844065,1,0,0
2021-11-08,428.84,429.65,312.57947028556606,5.744858741760254,116.26052971443391,27.11046770693823,0,0,1
2021-11-09,429.84,428.84,312.6775602482192,5.745172500610352,117.16243975178077,27.257221233896512,1,0,0
2021-11-10,430.3,429.84,312.73362547506065,5.745351791381836,117.56637452493936,27.321955501961273,1,0,0
2021-11-11,431.31,430.3,312.8854695536571,5.745837211608887,118.42453044634289,27.45694058712826,1,0,0
2021-11-12,427.82,431.31,312.9218753535193,5.745953559875488,114.89812464648071,26.856651079070804,0,0,1
2021-11-13,429.15,427.82,312.7619601311046,5.7454423904418945,116.38803986889536,27.120596497470665,1,0,0
2021-11-14,430.53,429.15,312.6794985058571,5.745178699493408,117.85050149414286,27.37335412030355,1,0,0
2021-11-15,431.09,430.53,313.02932699776494,5.7462968826293945,118.06067300223503,27.386548749039655,1,0,0
2021-11-16,433.03,431.09,312.55905117016357,5.74479341506958,120.4709488298364,27.820462515261394,1,0,0
2021-11-17,431.54,433.03,312.78492799912965,5.745515823364258,118.75507200087037,27.518902535308513,0,0,1
2021-11-18,430.34,431.54,312.6528112453778,5.74509334564209,117.68718875462218,27.34749006706841,0,0,1
2021-11-19,429.38,430.34,312.64625159715865,5.745072364807129,116.73374840284134,27.186582608142285,0,0,1
2021-11-20,429.91,429.38,312.432839974074,5.744389533996582,117.47716002592603,27.32598916655254,1,0,0
2021-11-21,429.98,429.91,312.4262849409874,5.744368553161621,117.55371505901263,27.339344866973494,1,0,0
2021-11-22,431.7,429.98,312.6314928918543,5.745025157928467,119.0685071081457,27.581308109368937,1,0,0
2021-11-23,431.3,431.7,312.7255729360191,5.745326042175293,118.57442706398092,27.492331802453258,0,0,1
2021-11-24,429.36,431.3,312.428966528809,5.744377136230469,116.93103347119103,27.233797622319504,0,0,1
2021-11-25,430.62,429.36,312.7222923314096,5.7453155517578125,117.89770766859039,27.378595436484694,1,0,0
2021-11-26,432.43,430.62,312.65206582387634,5.745090961456299,119.77793417612367,27.698803083995948,1,0,0
2021-11-27,431.86,432.43,312.69947816943085,5.745242595672607,119.16052183056917,27.59239610766664,0,0,1
2021-11-28,432.25,431.86,312.77269814518075,5.745476722717285,119.47730185481925,27.640787010947196,1,0,0
2021-11-29,432.11,432.25,312.795368496707,5.745549201965332,119.31463150329301,27.612096804816602,0,0,1
2021-11-30,433.83,432.11,312.7716541554113,5.745473384857178,121.0583458445887,27.904558431779428,1,0,0
2021-12-01,432.14,433.83,312.79029735435813,5.745532989501953,119.34970264564186,27.618295609210406,0,0,1
2021-12-02,431.45,432.14,312.82758708608117,5.745652198791504,118.62241291391882,27.493895680593074,0,0,1
2021-12-03,430.87,431.45,312.7649428758127,5.745451927185059,118.10505712418728,27.410833226770784,0,0,1
2021-12-04,432.49,430.87,312.81207401770524,5.745602607727051,119.67792598229477,27.67183657016226,1,0,0
2021-12-05,429.11,432.49,312.8809937231265,5.745822906494141,116.22900627687352,27.086063311708774,0,0,1
2021-12-06,432.14,429.11,312.81162653676404,5.745601177215576,119.32837346323595,27.61335989800434,1,0,0
2021-12-07,432.22,432.14,312.8574220722283,5.7457475662231445,119.36257792777172,27.616162585667418,1,0,0
2021-12-08,430.83,432.22,312.9400798419189,5.746011734008789,117.88992015808111,27.3634426938888,0,0,1
2021-12-09,431.5,430.83,312.94545186052807,5.746028900146484,118.55454813947193,27.474982187594886,1,0,0
2021-12-10,433.87,431.5,312.87890502412364,5.745816230773926,120.99109497587636,27.886485577679114,1,0,0
2021-12-11,433.23,433.87,312.86696986873545,5.7457780838012695,120.36303013126457,27.782708983972615,0,0,1
2021-12-12,433.17,433.23,312.7788130123808,5.7454962730407715,120.39118698761922,27.7930574572614,0,0,1
2021-12-13,433.54,433.17,312.8993450352024,5.7458815574646,120.64065496479765,27.82687986455636,1,0,0
2021-12-14,433.37,433.54,312.85234992384625,5.745731353759766,120.51765007615376,27.8094122980718,0,0,1
2021-12-15,434.98,433.37,312.92381512564265,5.745959758758545,122.05618487435737,28.060183197930332,1,0,0
2021-12-16,433.63,434.98,312.98261084743774,5.746147632598877,120.64738915256225,27.822657369776593,0,0,1
2021-12-17,431.69,433.63,312.9749996113109,5.746123313903809,118.71500038868908,27.500058001966476,0,0,1
2021-12-18,435.81,431.69,312.79596510709445,5.745551109313965,123.01403489290556,28.226528737960475,1,0,0
2021-12-19,434.28,435.81,312.7983515600236,5.745558738708496,121.48164843997637,27.973116063363815,0,0,1
2021-12-20,433.14,434.28,312.8560794367127,5.745743274688721,120.28392056328727,27.77021761169305,0,0,1
2021-12-21,432.39,433.14,312.8929294134925,5.745861053466797,119.4970705865075,27.636409395801824,0,0,1
2021-12-22,434.64,432.39,312.5732102689858,5.744838714599609,122.06678973101418,28.084573378201313,1,0,0
2021-12-23,434.08,434.64,312.75301206765255,5.745413780212402,121.32698793234744,27.950375030489184,0,0,1
2021-12-24,436.4,434.08,312.9493317090971,5.746041297912598,123.45066829090285,28.288420781600106,1,0,0
2021-12-25,434.0,436.4,312.75345946474505,5.745415210723877,121.24654053525495,27.93699090674077,0,0,1
2021-12-26,433.47,434.0,312.86428452151716,5.745769500732422,120.60571547848286,27.82331314242805,0,0,1
2021-12-27,435.84,433.47,312.85294664291723,5.745733261108398,122.98705335708274,28.218395135160325,1,0,0
2021-12-28,435.99,435.84,312.8672682420713,5.745779037475586,123.1227317579287,28.23980636205617,1,0,0
2021-12-29,435.11,435.99,312.65191673978927,5.745090484619141,122.45808326021074,28.14416659240439,0,0,1
2021-12-30,435.88,435.11,312.7066353744043,5.745265483856201,123.1733646255957,28.25854928549043,1,0,0
2021-12-31,434.95,435.88,312.7088720345536,5.745272636413574,122.24112796544637,28.10463914598146,0,0,1
2022-01-01,435.39,434.95,312.80640597308116,5.745584487915039,122.58359402691883,28.154894238939534,1,0,0
2022-01-02,436.69,435.39,302.52529047287584,5.712164878845215,134.16470952712416,30.72310094738239,1,0,0
2022-01-03,436.06,436.69,305.44196586860687,5.721759796142578,130.61803413139313,29.95414257932237,0,0,1
2022-01-04,435.11,436.06,306.36325312923833,5.724771499633789,128.74674687076168,29.58947090868095,0,0,1
2022-01-05,437.18,435.11,306.5023579847188,5.725225448608398,130.6776420152812,29.891038477350563,1,0,0
2022-01-06,432.4,437.18,306.19077486158324,5.724208354949951,126.20922513841674,29.188072418690272,0,0,1
2022-01-07,438.26,432.4,306.1866868009834,5.7241950035095215,132.07331319901658,30.135835622465336,1,0,0
2022-01-08,433.43,438.26,305.7908416731145,5.722901344299316,127.63915832688548,29.44862107534907,0,0,1
2022-01-09,434.92,433.43,305.825547002139,5.723014831542969,129.09445299786103,29.682344568624348,1,0,0
2022-01-10,435.77,434.92,305.6877696558943,5.722564220428467,130.0822303441057,29.851121083164447,1,0,0
2022-01-11,435.72,435.77,305.54932589243765,5.722111225128174,130.17067410756238,29.874844879179832,0,0,1
2022-01-12,437.31,435.72,305.40526526176967,5.721639633178711,131.90473473823033,30.162752907143748,1,0,0
2022-01-13,434.69,437.31,305.0662845647534,5.720529079437256,129.6237154352466,29.819806168820676,0,0,1
2022-01-14,436.5,434.69,305.2724808723461,5.72120475769043,131.22751912765392,30.06357826521281,1,0,0
2022-01-15,435.48,436.5,304.6364419344717,5.719119071960449,130.84355806552833,30.04582485200889,0,0,1
2022-01-16,436.71,435.48,304.4968771558094,5.718660831451416,132.2131228441906,30.27481002133924,1,0,0
2022-01-17,436.32,436.71,304.98381595854613,5.720258712768555,131.33618404145386,30.100885598059648,0,0,1
2022-01-18,436.61,436.32,305.17816915386555,5.720895767211914,131.43183084613446,30.10279903028663,1,0,0
2022-01-19,435.85,436.61,304.97218197116024,5.720220565795898,130.87781802883978,30.028178967268506,0,0,1
2022-01-20,435.98,435.85,304.97523584989057,5.720230579376221,131.00476415010945,30.048342618952578,1,0,0
2022-01-21,437.11,435.98,305.1676918727744,5.720861434936523,131.9423081272256,30.185149762582782,1,0,0
2022-01-22,438.05,437.11,305.0920332997516,5.720613479614258,132.9579667002484,30.3522352928315,1,0,0
2022-01-23,436.11,438.05,305.06701190032146,5.720531463623047,131.04298809967855,30.048150260181732,0,0,1
2022-01-24,435.84,436.11,305.1455743494797,5.720788955688477,130.69442565052026,29.98679002627576,0,0,1
2022-01-25,437.86,435.84,305.3061082999136,5.721314907073975,132.5538917000864,30.273121933971225,1,0,0
2022-01-26,437.1,437.86,305.0216294826997,5.7203826904296875,132.0783705173003,30.21696877540615,0,0,1
2022-01-27,438.31,437.1,305.2187720158267,5.721028804779053,133.09122798417332,30.36463415942445,1,0,0
2022-01-28,436.12,438.31,305.13102422153344,5.720741271972656,130.98897577846657,30.035076533629866,0,0,1
2022-01-29,435.06,436.12,304.7969987125056,5.719645977020264,130.26300128749438,29.94138769077699,0,0,1
2022-01-30,436.77,435.06,304.8910472513358,5.719954490661621,131.87895274866418,30.194141710434366,1,0,0
2022-01-31,436.55,436.77,304.8923557045683,5.719958782196045,131.65764429543174,30.158663221952065,0,0,1
2022-02-01,437.53,436.55,304.7548534514931,5.719507694244385,132.77514654850688,30.346524020868717,1,0,0
2022-02-02,436.88,437.53,304.86880440549965,5.719881534576416,132.01119559450035,30.216809099638425,0,0,1
2022-02-03,438.78,436.88,305.1431007787807,5.720780849456787,133.63689922121927,30.456470035375194,1,0,0
2022-02-04,437.51,438.78,305.18209822701306,5.7209086418151855,132.32790177298693,30.245686218140598,0,0,1
2022-02-05,438.16,437.51,304.9288492735291,5.720078468322754,133.2311507264709,30.406963375586745,1,0,0
2022-02-06,438.26,438.16,304.7172183000155,5.71938419342041,133.54278169998452,30.47113167982123,1,0,0
2022-02-07,438.39,438.26,305.12753229406314,5.720729827880859,133.26246770593684,30.39815408789818,1,0,0
2022-02-08,438.18,438.39,304.81516657078146,5.719705581665039,133.36483342921855,30.436084127349158,0,0,1
2022-02-09,438.97,438.18,304.70196213023576,5.719334125518799,134.26803786976427,30.587064690016234,1,0,0
2022-02-10,437.33,438.97,304.58952592952045,5.71896505355835,132.74047407047954,30.352473891678947,0,0,1
2022-02-11,440.3,437.33,304.6958598761971,5.719314098358154,135.6041401238029,30.79812403447715,1,0,0
2022-02-12,438.23,440.3,304.733637698016,5.719438076019287,133.496362301984,30.462625174448117,0,0,1
2022-02-13,436.9,438.23,304.6912106218141,5.719298839569092,132.20878937818588,30.260652180861957,0,0,1
2022-02-14,438.96,436.9,304.78827852516775,5.7196173667907715,134.17172147483222,30.565819545022833,1,0,0
2022-02-15,437.67,438.96,304.35926299836217,5.7182087898254395,133.31073700163785,30.459190029391515,0,0,1
2022-02-16,439.75,437.67,304.4025147534722,5.718350887298584,135.3474852465278,30.778279760438387,1,0,0
2022-02-17,441.87,439.75,304.6697087430689,5.719228267669678,137.2002912569311,31.049922207194673,1,0,0
2022-02-18,438.0,441.87,305.16288990582154,5.720845699310303,132.83711009417846,30.328107327438005,0,0,1
2022-02-19,439.56,438.0,305.421867370988,5.721693992614746,134.13813262901198,30.516455689555915,1,0,0
2022-02-20,436.89,439.56,305.5815266862511,5.722216606140137,131.3084733137489,30.055270963800705,0,0,1
2022-02-21,439.88,436.89,305.47371836414436,5.721863746643066,134.40628163585563,30.555215430539153,1,0,0
2022-02-22,438.2,439.88,304.9766900886056,5.720235347747803,133.22330991139438,30.402398427976813,0,0,1
2022-02-23,438.63,438.2,305.06541176436076,5.720526218414307,133.56458823563923,30.45039970718812,1,0,0
2022-02-24,438.08,438.63,304.8690951511869,5.719882488250732,133.21090484881307,30.407894642260107,0,0,1
2022-02-25,440.58,438.08,304.86851366008966,5.7198805809021,135.71148633991032,30.80291577917979,1,0,0
2022-02-26,441.03,440.58,305.05959315889106,5.7205071449279785,135.9704068411089,30.83019450856153,1,0,0
2022-02-27,439.81,441.03,305.2238659461494,5.72104549407959,134.58613405385063,30.600971795514113,0,0,1
2022-02-28,438.72,439.81,305.05842945111476,5.720503330230713,133.66157054888527,30.466258786671514,0,0,1
2022-03-01,442.04,438.72,305.10367185919006,5.720651626586914,136.93632814080996,30.978266252106135,1,0,0
2022-03-02,439.04,442.04,305.2020354147513,5.720973968505859,133.8379645852487,30.484230271785872,0,0,1
2022-03-03,437.26,439.04,305.4811471766818,5.721888065338135,131.77885282331818,30.137413169125505,0,0,1
2022-03-04,440.8,437.26,305.44036376593954,5.721754550933838,135.35963623406047,30.707721468707003,1,0,0
2022-03-05,438.82,440.8,304.8110968764111,5.719692230224609,134.00890312358888,30.53846750913561,0,0,1
2022-03-06,441.66,438.82,304.81618400286413,5.7197089195251465,136.8438159971359,30.983973191399695,1,0,0
2022-03-07,439.94,441.66,305.25006464501314,5.721131324768066,134.68993535498686,30.61552378846817,0,0,1
2022-03-08,441.32,439.94,305.92808196315644,5.7233500480651855,135.39191803684355,30.67885390121534,1,0,0
2022-03-09,442.46,441.32,305.6097962433847,5.722309112548828,136.85020375661526,30.92939559657715,1,0,0
2022-03-10,439.09,442.46,305.37774270059464,5.7215495109558105,133.71225729940534,30.452129927669805,0,0,1
2022-03-11,440.02,439.09,305.59362107360533,5.722256183624268,134.42637892639465,30.55006111685711,1,0,0
2022-03-12,440.75,440.02,305.3254712264086,5.721378326416016,135.42452877359142,30.72592825265829,1,0,0
2022-03-13,442.97,440.75,305.2957722027896,5.721281051635742,137.67422779721045,31.079808519134577,1,0,0
2022-03-14,440.15,442.97,305.493237591189,5.721927642822266,134.656762408811,30.593380076976263,0,0,1
2022-03-15,440.31,440.15,305.4865368204242,5.721905708312988,134.8234631795758,30.620122908763328,1,0,0
2022-03-16,441.81,440.31,305.6488533355421,5.722436904907227,136.16114666445787,30.81893725005271,1,0,0
2022-03-17,440.5,441.81,305.8201513773012,5.722997188568115,134.67984862269878,30.574312967695526,0,0,1
2022-03-18,441.55,440.5,305.6663432036024,5.722494125366211,135.8836567963976,30.774240017302137,1,0,0
2022-03-19,439.37,441.55,305.6613876393781,5.722477912902832,133.70861236062188,30.431893930086687,0,0,1
2022-03-20,444.44,439.37,305.40162456900026,5.721627712249756,139.03837543099974,31.283947311448053,1,0,0
2022-03-21,439.81,444.44,305.2579246931695,5.721157073974609,134.5520753068305,30.593227827205038,0,0,1
2022-03-22,441.25,439.81,305.62451493459474,5.722357273101807,135.62548506540526,30.73665383918533,1,0,0
2022-03-23,441.72,441.25,305.67100733744127,5.722509384155273,136.04899266255876,30.799826284197852,1,0,0
2022-03-24,444.38,441.72,305.5555909393734,5.722131729125977,138.82440906062658,31.240021841808044,1,0,0
2022-03-25,440.17,444.38,305.84567206417563,5.723080635070801,134.32432793582439,30.516465896318326,0,0,1
2022-03-26,444.64,440.17,305.9257479260246,5.723342418670654,138.7142520739754,31.196980045424475,1,0,0
2022-03-27,443.09,444.64,306.10157993767314,5.723917007446289,136.98842006232684,30.916612891811337,0,0,1
2022-03-28,442.72,443.09,305.9161202110822,5.723310947418213,136.8038797889178,30.900767932082985,0,0,1
2022-03-29,440.95,442.72,305.8996370995673,5.723257064819336,135.05036290043267,30.627137521359035,0,0,1
2022-03-30,443.09,440.95,305.6048415959185,5.722292900085449,137.48515840408146,31.028720667151475,1,0,0
2022-03-31,441.46,443.09,305.29373414043437,5.721274375915527,136.1662658595656,30.844530843013096,0,0,1
2022-04-01,444.18,441.46,305.5515113593372,5.722118377685547,138.6284886406628,31.209979882179027,1,0,0
2022-04-02,441.29,444.18,305.82204712653174,5.723003387451172,135.46795287346828,30.698169655661417,0,0,1
2022-04-03,442.51,441.29,306.2082957395292,5.7242655754089355,136.30170426047079,30.801948941373254,1,0,0
2022-04-04,442.01,442.51,305.9458795818525,5.723408222198486,136.06412041814747,30.783041202268606,0,0,1
2022-04-05,441.52,442.01,306.08888162821614,5.723875522613525,135.43111837178384,30.67383547105088,0,0,1
2022-04-06,443.9,441.52,306.1009960957999,5.723915100097656,137.79900390420005,31.04280331250283,1,0,0
2022-04-07,443.71,443.9,305.80819384530025,5.722958087921143,137.90180615469973,31.079264870005126,0,0,1
2022-04-08,444.68,443.71,306.2262556799157,5.7243242263793945,138.4537443200843,31.1355906089962,1,0,0
2022-04-09,440.79,444.68,306.53173588693426,5.725321292877197,134.25826411306576,30.458554893047882,0,0,1
2022-04-10,444.66,440.79,306.70601495190436,5.725889682769775,137.95398504809566,31.02459970496461,1,0,0
2022-04-11,446.66,444.66,306.4114650987565,5.724928855895996,140.24853490124354,31.39939437183619,1,0,0
2022-04-12,442.81,446.66,306.45296268625253,5.725064277648926,136.35703731374747,30.793576774180227,0,0,1
2022-04-13,446.01,442.81,306.74331066958257,5.726011276245117,139.26668933041742,31.22501498406256,1,0,0
2022-04-14,443.22,446.01,306.67077101029827,5.725774765014648,136.54922898970176,30.80845381293754,0,0,1
2022-04-15,441.83,443.22,306.8601999553995,5.7263922691345215,134.9698000446005,30.54790304972512,0,0,1
2022-04-16,443.33,441.83,307.09411217142105,5.72715425491333,136.23588782857894,30.73013056381904,1,0,0
2022-04-17,445.21,443.33,306.95898343537897,5.726714134216309,138.251016564621,31.05298995184767,1,0,0
2022-04-18,442.78,445.21,307.0822512558957,5.727115631103516,135.69774874410427,30.64676560461274,0,0,1
2022-04-19,443.18,442.78,306.9468350114868,5.726674556732178,136.23316498851318,30.739917186811944,1,0,0
2022-04-20,444.86,443.18,306.8565419185603,5.726380348205566,138.0034580814397,31.0217727108393,1,0,0
2022-04-21,444.15,444.86,306.67720528663017,5.725795745849609,137.4727947133698,30.951884433945697,0,0,1
2022-04-22,445.01,444.15,306.88419775841373,5.726470470428467,138.12580224158626,31.038808620387467,1,0,0
2022-04-23,444.63,445.01,306.9898689429012,5.7268147468566895,137.6401310570988,30.956105313878687,0,0,1
2022-04-24,445.04,444.63,306.8964900428472,5.726510524749756,138.14350995715284,31.04069520877962,1,0,0
2022-04-25,443.9,445.04,307.0257351611902,5.726931571960449,136.87426483880978,30.83448182897269,0,0,1
2022-04-26,444.87,443.9,306.90102660553214,5.72652530670166,137.96897339446787,31.013323756258654,1,0,0
2022-04-27,443.41,444.87,306.8645896571684,5.726406574249268,136.54541034283164,30.794391272824615,0,0,1
2022-04-28,446.44,443.41,307.35971159223135,5.728018760681152,139.08028840776865,31.153187081750882,1,0,0
2022-04-29,443.96,446.44,307.12149652857556,5.727243423461914,136.83850347142442,30.822259543973423,0,0,1
2022-04-30,446.4,443.96,307.06702309777467,5.7270660400390625,139.3329769022253,31.212584431502087,1,0,0
2022-05-01,444.66,446.4,306.96249632226414,5.7267255783081055,137.69750367773588,30.966919371595345,0,0,1
2022-05-02,445.32,444.66,307.481674145786,5.728415489196777,137.83832585421402,30.95264660338948,1,0,0
2022-05-03,444.48,445.32,307.64519744921654,5.728947162628174,136.83480255078348,30.785367744506722,0,0,1
2022-05-04,443.86,444.48,307.7580278675567,5.729313850402832,136.10197213244334,30.663265924490453,0,0,1
2022-05-05,442.97,443.86,307.87691870153577,5.729700088500977,135.09308129846426,30.49711747939234,0,0,1
2022-05-06,443.97,442.97,307.49838913048814,5.7284698486328125,136.4716108695119,30.73892624941142,1,0,0
2022-05-07,445.03,443.97,307.4179016308458,5.728208065032959,137.61209836915418,30.921982421219738,1,0,0
2022-05-08,445.83,445.03,307.5956179730597,5.728785991668701,138.2343820269403,31.006074518749365,1,0,0
2022-05-09,446.98,445.83,307.57977769473996,5.728734493255615,139.40022230526006,31.18712745654393,1,0,0
2022-05-10,445.12,446.98,307.5852043648944,5.728752136230469,137.53479563510558,30.898363505370593,0,0,1
2022-05-11,444.62,445.12,308.16920359346994,5.730648994445801,136.45079640653006,30.689306915237744,0,0,1
2022-05-12,443.95,444.62,308.1355546759133,5.730539798736572,135.8144453240867,30.592284113996328,0,0,1
2022-05-13,446.6,443.95,308.21358464017635,5.730792999267578,138.38641535982367,30.986658163865577,1,0,0
2022-05-14,447.89,446.6,308.0454994525696,5.730247497558594,139.8445005474304,31.222956651729312,1,0,0
2022-05-15,447.82,447.89,308.0503467795457,5.7302632331848145,139.7696532204543,31.21112349168289,0,0,1
2022-05-16,447.16,447.82,308.1548031702646,5.730602264404297,139.00519682973544,31.08623240668562,0,0,1
2022-05-17,447.15,447.16,308.4789755136947,5.731653690338135,138.67102448630527,31.01219377978425,0,0,1
2022-05-18,448.65,447.15,308.5085428724509,5.731749534606934,140.14145712754907,31.23625479272241,1,0,0
2022-05-19,446.9,448.65,308.26282274881993,5.730952739715576,138.63717725118005,31.0219685055225,0,0,1
2022-05-20,447.4,446.9,308.0901565015298,5.7303924560546875,139.30984349847017,31.137649418522617,1,0,0
2022-05-21,446.19,447.4,308.0698837493583,5.7303266525268555,138.12011625064167,30.95544863189262,0,0,1
2022-05-22,444.88,446.19,308.3558822021334,5.731254577636719,136.5241177978666,30.68785240915901,0,0,1
2022-05-23,445.87,444.88,308.2024152981377,5.730756759643555,137.66758470186232,30.876171238670985,1,0,0
2022-05-24,446.86,445.87,308.04329614734087,5.730240345001221,138.81670385265915,31.064920523801444,1,0,0
2022-05-25,447.03,446.86,308.21270283529884,5.730790138244629,138.81729716470113,31.05323964044944,1,0,0
2022-05-26,449.62,447.03,308.48677160682377,5.7316789627075195,141.13322839317624,31.38944628645884,1,0,0
2022-05-27,447.22,449.62,308.35749959734363,5.731259822845459,138.8625004026564,31.05015437651634,0,0,1
2022-05-28,448.78,447.22,308.4976570475824,5.731714248657227,140.2823429524176,31.258599525918626,1,0,0
2022-05-29,446.7,448.78,308.4249966515982,5.731478691101074,138.2750033484018,30.954780243653865,0,0,1
2022-05-30,446.94,446.7,308.4807406496014,5.731659412384033,138.4592593503986,30.97938411205052,1,0,0
2022-05-31,445.66,446.94,308.32383011979385,5.7311506271362305,137.33616988020617,30.81635549077911,0,0,1
2022-06-01,446.53,445.66,308.3498538038162,5.731235027313232,138.18014619618378,30.945321970793405,1,0,0
2022-06-02,448.32,446.53,308.39058454273584,5.731367111206055,139.92941545726416,31.21195027151681,1,0,0
2022-06-03,447.7,448.32,308.3053061236449,5.731090545654297,139.39469387635506,31.135736849755432,0,0,1
2022-06-04,449.04,447.7,308.4426453763981,5.731535911560059,140.59735462360192,31.31065264199223,1,0,0
2022-06-05,448.1,449.04,308.4545588365419,5.731574535369873,139.64544116345814,31.163901174616857,0,0,1
2022-06-06,447.47,448.1,308.57533728708995,5.731966018676758,138.89466271291008,31.0399943488748,0,0,1
2022-06-07,450.91,447.47,308.7710958035187,5.732600212097168,142.13890419648135,31.52267729624123,1,0,0
2022-06-08,447.98,450.91,308.737086730733,5.732490062713623,139.24291326926704,31.082395033096795,0,0,1
2022-06-09,449.75,447.98,308.78434710572594,5.732643127441406,140.96565289427406,31.343113483996458,1,0,0
2022-06-10,447.73,449.75,308.6109472668855,5.732081413269043,139.11905273311453,31.07208646575269,0,0,1
2022-06-11,449.31,447.73,308.4779458557468,5.731650352478027,140.83205414425322,31.34407294390359,1,0,0
2022-06-12,449.68,449.31,308.5931417633379,5.7320237159729,141.08685823666212,31.37494623658204,1,0,0
2022-06-13,448.8,449.68,308.91026284387743,5.73305082321167,139.88973715612258,31.16972753033034,0,0,1
2022-06-14,445.43,448.8,309.0489031440174,5.733499526977539,136.3810968559826,30.617851706437065,0,0,1
2022-06-15,448.71,445.43,309.07970417294194,5.7335991859436035,139.63029582705803,31.118160020293296,1,0,0
2022-06-16,450.42,448.71,309.09694819443115,5.733654975891113,141.32305180556887,31.375838507519397,1,0,0
2022-06-17,449.56,450.42,309.1162567447462,5.733717441558838,140.44374325525382,31.240266762001475,0,0,1
2022-06-18,449.53,449.56,309.04507165174965,5.733487129211426,140.48492834825032,31.251513435866425,0,0,1
2022-06-19,446.69,449.53,309.1764010269859,5.733911991119385,137.5135989730141,30.785018463143142,0,0,1
2022-06-20,448.12,446.69,309.3313854224787,5.734413146972656,138.7886145775213,30.97130558277276,1,0,0
2022-06-21,449.73,448.12,309.30660629760996,5.734333038330078,140.42339370239006,31.22393296030731,1,0,0
2022-06-22,449.81,449.73,309.13143912367286,5.733766555786133,140.67856087632714,31.27510746233457,1,0,0
2022-06-23,450.98,449.81,309.1186151236214,5.733725070953369,141.86138487637862,31.45624747802089,1,0,0
2022-06-24,449.23,450.98,309.2036761873488,5.734000205993652,140.02632381265124,31.170296688255736,0,0,1
2022-06-25,450.05,449.23,309.20426594712023,5.734002113342285,140.84573405287978,31.29557472567043,1,0,0
2022-06-26,449.61,450.05,309.06393484163925,5.733548164367676,140.54606515836076,31.25955053454344,0,0,1
2022-06-27,448.34,449.61,308.9889310013907,5.73330545425415,139.35106899860926,31.081560645628155,0,0,1
2022-06-28,446.71,448.34,309.06393484163925,5.733548164367676,137.64606515836073,30.813293895001394,0,0,1
2022-06-29,450.42,446.71,309.21724094669077,5.734044075012207,141.20275905330925,31.349131711138327,1,0,0
2022-06-30,450.15,450.42,309.3496760498629,5.734472274780273,140.80032395013706,31.278534699575047,0,0,1
2022-07-01,449.17,450.15,309.44321116021814,5.734774589538574,139.72678883978188,31.107774081034325,0,0,1
2022-07-02,447.9,449.17,309.2709160471557,5.734217643737793,138.62908395284427,30.95090063693777,0,0,1
2022-07-03,451.02,447.9,309.3423006667638,5.734448432922363,141.6776993332362,31.412730994908475,1,0,0
2022-07-04,449.89,451.02,309.50548522261136,5.734975814819336,140.38451477738863,31.20418652946023,0,0,1
2022-07-05,451.08,449.89,309.53839814114565,5.735082149505615,141.54160185885434,31.378381187118546,1,0,0
2022-07-06,452.93,451.08,309.32932041958867,5.734406471252441,143.60067958041134,31.704828468066,1,0,0
2022-07-07,447.6,452.93,309.48984174406417,5.734925270080566,138.11015825593586,30.855710066116142,0,0,1
2022-07-08,449.63,447.6,309.5884383855165,5.735243797302246,140.0415616144835,31.14595592253264,1,0,0
2022-07-09,450.38,449.63,309.5925718647032,5.735257148742676,140.7874281352968,31.259698062812916,1,0,0
2022-07-10,452.71,450.38,309.4048494926891,5.734650611877441,143.30515050731088,31.65495582322257,1,0,0
2022-07-11,448.61,452.71,309.40057098612556,5.7346367835998535,139.20942901387446,31.0312808483704,0,0,1
2022-07-12,453.53,448.61,309.4826105919676,5.7349019050598145,144.04738940803236,31.76138059401415,1,0,0
2022-07-13,451.17,453.53,309.3130958765472,5.734354019165039,141.8569041234528,31.442007253020545,0,0,1
2022-07-14,450.94,451.17,309.27047363187796,5.734216213226318,141.66952636812204,31.416491410857773,0,0,1
2022-07-15,450.89,450.94,309.3396455718941,5.734439849853516,141.5503544281059,31.393544861963207,0,0,1
2022-07-16,450.65,450.89,309.3732784574789,5.734548568725586,141.2767215425211,31.34954433429959,0,0,1
2022-07-17,452.74,450.65,309.5066658945915,5.734979629516602,143.23333410540852,31.63699564991132,1,0,0
2022-07-18,449.95,452.74,309.78247614602907,5.735870361328125,140.16752385397092,31.151799945320796,0,0,1
2022-07-19,451.95,449.95,309.7216232159324,5.735673904418945,142.22837678406756,31.469936228358794,1,0,0
2022-07-20,451.05,451.95,309.63021859020796,5.735378742218018,141.41978140979205,31.35346001769029,0,0,1
2022-07-21,450.62,451.05,309.6748100452681,5.735522747039795,140.94518995473192,31.278059108502045,0,0,1
2022-07-22,455.24,450.62,309.4671158349683,5.734851837158203,145.7728841650317,32.02110626593263,1,0,0
2022-07-23,452.38,455.24,309.3682627951897,5.734532356262207,143.0117372048103,31.613187409878925,0,0,1
2022-07-24,452.73,452.38,309.5255572588176,5.735040664672852,143.2044427411824,31.631312866649523,1,0,0
2022-07-25,453.52,452.73,309.7059688130229,5.735623359680176,143.8140311869771,31.710626033466465,1,0,0
2022-07-26,450.13,453.52,309.62948037512035,5.735376358032227,140.50051962487964,31.213320512936182,0,0,1
2022-07-27,454.52,450.13,309.42609536709995,5.734719276428223,145.09390463290003,31.922446676251877,1,0,0
2022-07-28,448.82,454.52,309.4826105919676,5.7349019050598145,139.33738940803238,31.04527191480602,0,0,1
2022-07-29,451.26,448.82,309.65162759338483,5.735447883605957,141.60837240661516,31.380661349690904,1,0,0
2022-07-30,451.77,451.26,309.6395202511138,5.735408782958984,142.13047974888616,31.46080522143705,1,0,0
2022-07-31,453.26,451.77,309.57411925936805,5.7351975440979,143.68588074063194,31.700542898255296,1,0,0
2022-08-01,452.85,453.26,309.37032805804904,5.734539031982422,143.47967194195098,31.683708058286623,0,0,1
2022-08-02,452.41,452.85,309.54902548110397,5.735116481781006,142.86097451889606,31.577766742312516,0,0,1
2022-08-03,452.7,452.41,309.7591379294912,5.735795021057129,142.94086207050879,31.575184906231232,1,0,0
2022-08-04,451.47,452.7,309.44262094469525,5.734772682189941,142.02737905530478,31.45887413456149,0,0,1
2022-08-05,450.85,451.47,309.2865484598811,5.7342681884765625,141.56345154011893,31.399235120354646,0,0,1
2022-08-06,453.95,450.85,309.3653124435927,5.734522819519043,144.5846875564073,31.85035522775797,1,0,0
2022-08-07,453.99,453.95,309.47464176290197,5.7348761558532715,144.51535823709804,31.832277855701236,1,0,0
2022-08-08,455.29,453.99,309.58725740159963,5.7352399826049805,145.7027425984004,32.00218379459255,1,0,0
2022-08-09,452.14,455.29,309.4231444639712,5.734709739685059,142.7168555360288,31.564748868940768,0,0,1
2022-08-10,454.24,452.14,309.49972951120515,5.734957218170166,144.74027048879486,31.864272298519474,1,0,0
2022-08-11,452.99,454.24,309.2694413320245,5.734212875366211,143.72055866797552,31.727093019266547,0,0,1
2022-08-12,455.08,452.99,309.3718032542468,5.734543800354004,145.70819674575318,32.018149939736574,1,0,0
2022-08-13,454.93,455.08,309.55625818500386,5.735139846801758,145.37374181499615,31.955189109312677,0,0,1
2022-08-14,453.91,454.93,309.6151593506923,5.735330104827881,144.29484064930773,31.789306393185374,0,0,1
2022-08-15,453.25,453.91,309.6014295059423,5.735285758972168,143.6485704940577,31.69301058887098,0,0,1
2022-08-16,455.1,453.25,309.68071667985356,5.735541820526123,145.41928332014646,31.953259354020314,1,0,0
2022-08-17,454.75,455.1,309.75751318241464,5.735789775848389,144.99248681758536,31.883999300183696,0,0,1
2022-08-18,453.02,454.75,309.9328873292981,5.736355781555176,143.08711267070186,31.58516459995185,0,0,1
2022-08-19,452.23,453.02,309.8084752170015,5.735954284667969,142.42152478299852,31.493161617539418,0,0,1
2022-08-20,453.73,452.23,309.82841916496346,5.736018657684326,143.90158083503655,31.715244933118054,1,0,0
2022-08-21,456.27,453.73,309.8835302290434,5.736196517944336,146.38646977095658,32.08329931202064,1,0,0
2022-08-22,455.85,456.27,309.90791224521473,5.7362751960754395,145.9420877547853,32.015375179288206,0,0,1
2022-08-23,452.85,455.85,310.1150150419656,5.736943244934082,142.73498495803443,31.519263543785897,0,0,1
2022-08-24,452.86,452.85,310.252716636487,5.737387180328369,142.60728336351303,31.490368626841192,1,0,0
2022-08-25,456.27,452.86,309.98520852619083,5.73652458190918,146.28479147380915,32.061014634713906,1,0,0
2022-08-26,453.07,456.27,309.62032665425676,5.735346794128418,143.44967334574324,31.661702020823103,0,0,1
2022-08-27,455.39,453.07,309.7637168080123,5.735809803009033,145.62628319198768,31.978366497285332,1,0,0
2022-08-28,453.94,455.39,309.7953276868153,5.735911846160889,144.14467231318469,31.7541244026049,0,0,1
2022-08-29,457.07,453.94,310.08692018579575,5.736852645874023,146.98307981420425,32.15767383862521,1,0,0
2022-08-30,453.89,457.07,310.2036044361872,5.737228870391846,143.68639556381277,31.65665592187816,0,0,1
2022-08-31,456.59,453.89,310.02201601528304,5.736643314361572,146.56798398471693,32.10056812122844,1,0,0
2022-09-01,455.36,456.59,309.74422011734634,5.73574686050415,145.61577988265367,31.978166699458374,0,0,1
2022-09-02,455.54,455.36,309.72044172395675,5.73567008972168,145.81955827604327,32.010264362304795,1,0,0
2022-09-03,452.58,455.54,309.72856457231114,5.735696315765381,142.85143542768884,31.563797655152428,0,0,1
2022-09-04,452.35,452.58,309.67835401250017,5.735534191131592,142.67164598749986,31.54010080413393,0,0,1
2022-09-05,455.14,452.35,309.5902098698388,5.7352495193481445,145.54979013016117,31.979125132961542,1,0,0
2022-09-06,455.86,455.14,309.5317562389502,5.735060691833496,146.3282437610498,32.09938221406787,1,0,0
2022-09-07,454.07,455.86,309.58563355607,5.73523473739624,144.48436644393,31.81984417467131,0,0,1
2022-09-08,454.2,454.07,309.74865107564966,5.7357611656188965,144.45134892435033,31.803467398579993,1,0,0
2022-09-09,456.54,454.2,309.9147099977434,5.736297130584717,146.62529000225663,32.116636001720906,1,0,0
2022-09-10,456.62,456.54,309.9742705966916,5.736489295959473,146.6457294033084,32.115485393392404,1,0,0
2022-09-11,455.75,456.62,309.9566820329291,5.7364325523376465,145.7933179670709,31.989757096450003,0,0,1
2022-09-12,457.08,455.75,309.93140945764935,5.736351013183594,147.14859054235063,32.19318074349143,1,0,0
2022-09-13,454.49,457.08,310.0752393895062,5.736814975738525,144.41476061049383,31.775123899424372,0,0,1
2022-09-14,455.69,454.49,310.0061986069716,5.7365922927856445,145.68380139302838,31.969936007599106,1,0,0
2022-09-15,458.52,455.69,309.82708952849026,5.736014366149902,148.69291047150972,32.42888215814135,1,0,0
2022-09-16,456.44,458.52,309.77582900654403,5.735848903656006,146.66417099345597,32.1321906479397,0,0,1
2022-09-17,456.6,456.44,309.6533994392797,5.7354536056518555,146.9466005607203,32.182785930950566,1,0,0
2022-09-18,459.67,456.6,309.8711183031387,5.736156463623047,149.79888169686132,32.588352882907586,1,0,0
2022-09-19,454.68,459.67,309.9166311287426,5.736303329467773,144.7633688712574,31.838516950659233,0,0,1
2022-09-20,457.77,454.68,309.8669811049806,5.736143112182617,147.9030188950194,32.309460841693294,1,0,0
2022-09-21,459.04,457.77,309.938355515673,5.736373424530029,149.10164448432704,32.48118780157002,1,0,0
2022-09-22,456.4,459.04,310.1323168250051,5.736999034881592,146.2676831749949,32.04813391213736,0,0,1
2022-09-23,458.1,456.4,310.2046398541517,5.737232208251953,147.89536014584831,32.28451433002583,1,0,0
2022-09-24,455.66,458.1,309.74702638357866,5.735755920410156,145.91297361642137,32.02233542914045,0,0,1
2022-09-25,456.15,455.66,309.672299759684,5.7355146408081055,146.47770024031598,32.111739612039024,1,0,0
2022-09-26,457.7,456.15,309.5785477843417,5.7352118492126465,148.12145221565828,32.3621263307097,1,0,0
2022-09-27,458.35,457.7,309.5339701905132,5.735067844390869,148.81602980948685,32.46777131220396,1,0,0
2022-09-28,458.87,458.35,309.5772192201978,5.735207557678223,149.29278077980223,32.53487497108162,1,0,0
2022-09-29,459.57,458.87,309.4680012287553,5.734854698181152,150.10199877124467,32.66140060736007,1,0,0
2022-09-30,457.41,459.57,309.47169039680097,5.734866619110107,147.93830960319906,32.342605015893625,0,0,1
2022-10-01,459.22,457.41,309.51375002105505,5.735002517700195,149.70624997894498,32.60011540850681,1,0,0
2022-10-02,457.19,459.22,309.41591487023976,5.734686374664307,147.77408512976024,32.322247890321364,0,0,1
2022-10-03,458.99,457.19,309.4721330999218,5.734868049621582,149.51786690007822,32.57540837492717,1,0,0
2022-10-04,458.11,458.99,309.2744553921613,5.73422908782959,148.8355446078387,32.48904075611506,0,0,1
2022-10-05,458.52,458.11,309.4882184094986,5.734920024871826,149.0317815905014,32.502787575351434,1,0,0
2022-10-06,458.58,458.52,309.6055631585803,5.735299110412598,148.97443684141967,32.48603010192762,1,0,0
2022-10-07,455.87,458.58,309.5497635043719,5.735118865966797,146.32023649562808,32.09692159949724,0,0,1
2022-10-08,456.61,455.87,309.65059402129486,5.73544454574585,146.95940597870515,32.184885565078545,1,0,0
2022-10-09,458.38,456.61,309.5279187604198,5.735048294067383,148.85208123958017,32.473511331118324,1,0,0
2022-10-10,456.0,458.38,309.6787970112559,5.735535621643066,146.32120298874412,32.08798311156669,0,0,1
2022-10-11,459.55,456.0,309.8551608431804,5.736104965209961,149.69483915681963,32.57422242559452,1,0,0
2022-10-12,459.69,459.55,309.89564711244896,5.736235618591309,149.79435288755104,32.585949854804554,1,0,0
2022-10-13,459.02,459.69,309.6594533225849,5.735473155975342,149.36054667741507,32.539006291101714,0,0,1
2022-10-14,457.11,459.02,309.5062231420711,5.734978199005127,147.6037768579289,32.29064707793067,0,0,1
2022-10-15,460.64,457.11,309.2841887997811,5.734260559082031,151.3558112002189,32.85772212578563,1,0,0
2022-10-16,461.62,460.64,309.09945381606326,5.733663082122803,152.52054618393674,33.04028122350348,1,0,0
2022-10-17,459.1,461.62,309.2685565063211,5.734210014343262,149.83144349367893,32.63590579256783,0,0,1
2022-10-18,459.69,459.1,309.4641645406398,5.734842300415039,150.2258354593602,32.67981366994283,1,0,0
2022-10-19,459.34,459.69,309.698141908281,5.735598087310791,149.64185809171897,32.57758046147058,0,0,1
2022-10-20,459.88,459.34,309.6383390723355,5.735404968261719,150.2416609276645,32.66975318075683,1,0,0
2022-10-21,459.07,459.88,309.5051900553201,5.7349748611450195,149.5648099446799,32.579957292935696,0,0,1
2022-10-22,459.27,459.07,309.7295984046564,5.735699653625488,149.5404015953436,32.56045498189379,1,0,0
2022-10-23,460.64,459.27,309.8884064788123,5.736212253570557,150.75159352118766,32.72655295267186,1,0,0
2022-10-24,462.71,460.64,309.9147099977434,5.736297130584717,152.7952900022566,33.02182576608601,1,0,0
2022-10-25,457.63,462.71,309.56171972646155,5.735157489776611,148.06828027353845,32.35545752541102,0,0,1
2022-10-26,459.5,457.63,309.13527168671095,5.733778953552246,150.36472831328905,32.72355349581916,1,0,0
2022-10-27,458.1,459.5,309.0046965057816,5.733356475830078,149.0953034942184,32.54645350233975,0,0,1
2022-10-28,462.0,458.1,309.1621009584449,5.733865737915039,152.8378990415551,33.081796329340925,1,0,0
2022-10-29,459.08,462.0,309.2311012067369,5.734088897705078,149.84889879326306,32.641129823399645,0,0,1
2022-10-30,457.98,459.08,309.4517694118067,5.73480224609375,148.5282305881933,32.431160877809795,0,0,1
2022-10-31,460.94,457.98,309.14455847882175,5.733808994293213,151.79544152117825,32.93171378513001,1,0,0
2022-11-01,462.55,460.94,308.77153750443017,5.732601642608643,153.77846249556984,33.24580315545775,1,0,0
2022-11-02,461.14,462.55,308.8713781199759,5.732924938201904,152.2686218800241,33.02004204363623,0,0,1
2022-11-03,460.59,461.14,309.13674576206995,5.733783721923828,151.45325423793003,32.88244517638899,0,0,1
2022-11-04,460.95,460.59,309.2420129123358,5.734124183654785,151.7079870876642,32.91202670304029,1,0,0
2022-11-05,462.42,460.95,309.35351131856817,5.734484672546387,153.06648868143185,33.10118262216856,1,0,0
2022-11-06,459.34,462.42,309.0723352263972,5.733575344085693,150.2676647736028,32.713820867680326,0,0,1
2022-11-07,460.48,459.34,309.20308642870214,5.7339982986450195,151.27691357129788,32.85200520571966,1,0,0
2022-11-08,460.09,460.48,309.0026336837681,5.733349800109863,151.08736631623185,32.83865467978697,0,0,1
2022-11-09,459.18,460.09,308.79907144183585,5.732690811157227,150.38092855816416,32.74988644064727,0,0,1
2022-11-10,460.43,459.18,308.8538521365515,5.732868194580078,151.5761478634485,32.920562922365725,1,0,0
2022-11-11,462.49,460.43,308.7428282594071,5.732508659362793,153.74717174059293,33.24335050284178,1,0,0
2022-11-12,461.83,462.49,308.6197768232178,5.732110023498535,153.21022317678216,33.1745930703467,0,0,1
2022-11-13,462.02,461.83,308.59358320968386,5.732025146484375,153.42641679031613,33.20774355878883,1,0,0
2022-11-14,461.41,462.02,308.8052558723746,5.732710838317871,152.60474412762545,33.07356670371805,0,0,1
2022-11-15,462.02,461.41,308.96300070642,5.733221530914307,153.05699929357996,33.12778652300332,1,0,0
2022-11-16,460.27,462.02,308.88183527285435,5.732958793640137,151.38816472714564,32.89116490910675,0,0,1
2022-11-17,461.03,460.27,309.2169460542905,5.734043121337891,151.8130539457095,32.92910525252359,1,0,0
2022-11-18,461.8,461.03,309.3004118265463,5.734313011169434,152.49958817345373,33.02286448104238,1,0,0
2022-11-19,462.01,461.8,309.2098687210529,5.734020233154297,152.8001312789471,33.07290562519147,1,0,0
2022-11-20,462.15,462.01,308.83794706283754,5.732816696166992,153.31205293716243,33.17365637502163,1,0,0
2022-11-21,461.59,462.15,308.7759545482976,5.732615947723389,152.81404545170238,33.10601300974943,0,0,1
2022-11-22,461.35,461.59,308.95946492571005,5.73321008682251,152.39053507428997,33.03143710291318,0,0,1
2022-11-23,466.33,461.35,308.65804115323976,5.732234001159668,157.67195884676022,33.81124071939619,1,0,0
2022-11-24,463.29,466.33,308.7774269102948,5.732620716094971,154.5125730897052,33.351156530403244,0,0,1
2022-11-25,462.69,463.29,309.2252031478043,5.73406982421875,153.46479685219572,33.167951944540775,0,0,1
2022-11-26,461.87,462.69,309.1063812286318,5.733685493469238,152.76361877136821,33.075025174046424,0,0,1
2022-11-27,461.65,461.87,309.1093291108565,5.733695030212402,152.54067088914348,33.04249342340376,0,0,1
2022-11-28,462.18,461.65,309.1684400824721,5.733886241912842,153.0115599175279,33.106486632378704,1,0,0
2022-11-29,462.85,462.18,308.7549005397557,5.732547760009766,154.09509946024434,33.29266489364683,1,0,0
2022-11-30,459.92,462.85,308.45220552399473,5.731566905975342,151.46779447600528,32.933508974605424,0,0,1
2022-12-01,460.43,459.92,308.2143194795014,5.730795383453369,152.2156805204986,33.05946192048707,1,0,0
2022-12-02,461.81,460.43,307.92580936564013,5.729858875274658,153.88419063435987,33.321970211636796,1,0,0
2022-12-03,463.06,461.81,307.68392780563624,5.7290730476379395,155.37607219436376,33.55419863394889,1,0,0
2022-12-04,462.52,463.06,308.0882466925981,5.730386257171631,154.4317533074019,33.389205506227164,0,0,1
2022-12-05,464.99,462.52,308.10925524198854,5.730454444885254,156.88074475801147,33.73852013118808,1,0,0
2022-12-06,460.96,464.99,307.97500150126064,5.730018615722656,152.98499849873934,33.18834573471437,0,0,1
2022-12-07,462.06,460.96,308.30177786960905,5.7310791015625,153.75822213039095,33.276678814524296,1,0,0
2022-12-08,465.3,462.06,307.9917433036885,5.730072975158691,157.3082566963115,33.80792106088792,1,0,0
2022-12-09,463.45,465.3,308.23592453860863,5.730865478515625,155.21407546139136,33.49100775949754,0,0,1
2022-12-10,464.58,463.45,308.5348763885672,5.731834888458252,156.04512361143276,33.588429035135555,1,0,0
2022-12-11,466.29,464.58,308.0786978255178,5.730355262756348,158.21130217448223,33.92980809678145,1,0,0
2022-12-12,462.55,466.29,307.73469542838274,5.729238033294678,154.81530457161728,33.46996099267479,0,0,1
2022-12-13,463.46,462.55,307.90951161502096,5.729805946350098,155.55048838497902,33.56287239135611,1,0,0
2022-12-14,463.3,463.46,307.90143647260334,5.7297797203063965,155.39856352739667,33.54167138514929,0,0,1
2022-12-15,461.04,463.3,307.684074520801,5.729073524475098,153.35592547919902,33.26304127173326,0,0,1
2022-12-16,463.41,461.04,307.55073930308424,5.728640079498291,155.85926069691578,33.63312416583928,1,0,0
2022-12-17,465.15,463.41,307.3885853730572,5.728112697601318,157.76141462694278,33.91624521701447,1,0,0
2022-12-18,464.76,465.15,307.6397697206149,5.72892951965332,157.1202302793851,33.806745477103256,0,0,1
2022-12-19,464.96,464.76,307.7542123791595,5.729301452636719,157.20578762084045,33.81060470166046,1,0,0
2022-12-20,463.65,464.96,307.43270740350806,5.7282562255859375,156.21729259649192,33.69293488547221,0,0,1
2022-12-21,463.34,463.65,307.17656551516063,5.727422714233398,156.16343448483934,33.703853430491506,0,0,1
2022-12-22,466.11,463.34,307.18271745118716,5.727442741394043,158.92728254881285,34.0965185361423,1,0,0
2022-12-23,463.73,466.11,307.2313513772033,5.727601051330566,156.49864862279674,33.74779475617207,0,0,1
2022-12-24,464.92,463.73,307.31721197666917,5.727880477905273,157.60278802333085,33.89890476282604,1,0,0
2022-12-25,464.82,464.92,307.1610397482768,5.727372169494629,157.65896025172322,33.918282400009296,0,0,1
2022-12-26,466.71,464.82,307.2840956609725,5.7277727127075195,159.42590433902745,34.15952183133583,1,0,0
2022-12-27,466.11,466.71,307.72075550704443,5.729192733764648,158.38924449295558,33.981086973666216,0,0,1
2022-12-28,463.03,466.11,307.2923011411234,5.727799415588379,155.73769885887657,33.63447268187301,0,0,1
2022-12-29,463.26,463.03,306.7965563358551,5.726184844970703,156.4634436641449,33.77443415450177,1,0,0
2022-12-30,465.81,463.26,306.8697110552655,5.726423263549805,158.9402889447345,34.12127024854222,1,0,0
2022-12-31,464.91,465.81,307.12676866372516,5.727260589599609,157.78323133627487,33.93844643829448,0,0,1
2023-01-01,466.13,464.91,307.0948443417126,5.727156639099121,159.0351556582874,34.11819785430833,1,0,0
2023-01-02,469.96,466.13,305.4702225148733,5.7218523025512695,164.4897774851267,35.00080378864727,1,0,0
2023-01-03,470.57,469.96,307.27193437021106,5.727733135223389,163.29806562978894,34.70218365594682,1,0,0
2023-01-04,472.15,470.57,308.2394520390086,5.730876922607422,163.91054796099138,34.715778451973186,1,0,0
2023-01-05,474.95,472.15,308.9951192343154,5.733325481414795,165.9548807656846,34.941547692532815,1,0,0
2023-01-06,475.07,474.95,309.8226574481239,5.736000061035156,165.2473425518761,34.78378818950388,1,0,0
2023-01-07,479.62,475.07,309.9054000700578,5.73626708984375,169.7145999299422,35.38522161918648,1,0,0
2023-01-08,478.01,479.62,310.00871159922815,5.736600399017334,168.00128840077184,35.14597778305304,0,0,1
2023-01-09,481.86,478.01,310.2638123366718,5.737422943115234,171.59618766332824,35.61121231547093,1,0,0
2023-01-10,484.76,481.86,310.5007632198691,5.738186359405518,174.2592367801309,35.94752800976378,1,0,0
2023-01-11,482.45,484.76,310.63982109429276,5.73863410949707,171.81017890570723,35.612017598861485,0,0,1
2023-01-12,485.72,482.45,310.71863338257924,5.738887786865234,175.00136661742079,36.02926925336012,1,0,0
2023-01-13,489.66,485.72,310.8494881425581,5.739308834075928,178.81051185744195,36.517279716015594,1,0,0
2023-01-14,491.46,489.66,311.12041245718245,5.740180015563965,180.33958754281753,36.69466234135383,1,0,0
2023-01-15,491.27,491.46,311.5075597746657,5.741423606872559,179.76244022533427,36.591373425068554,0,0,1
2023-01-16,492.21,491.27,311.15972869109993,5.740306377410889,181.05027130890005,36.7831355130737,1,0,0
2023-01-17,496.48,492.21,310.97253889798895,5.739704608917236,185.50746110201106,37.364538571948735,1,0,0
2023-01-18,498.59,496.48,311.33738129339633,5.740877151489258,187.25261870660364,37.55643288204811,1,0,0
2023-01-19,496.86,498.59,311.6281962920962,5.7418107986450195,185.2318037079038,37.28048216960588,0,0,1
2023-01-20,498.56,496.86,311.8010612556149,5.74236536026001,186.7589387443851,37.45967160309393,1,0,0
2023-01-21,502.47,498.56,311.54737060409394,5.741551399230957,190.92262939590609,37.99682158057318,1,0,0
2023-01-22,504.85,502.47,311.42305290143037,5.741152286529541,193.42694709856966,38.313746082711624,1,0,0
2023-01-23,505.22,504.85,311.5788663569348,5.741652488708496,193.64113364306525,38.32808155715634,1,0,0
2023-01-24,508.47,505.22,312.0101730802761,5.743035793304443,196.45982691972392,38.63744703123565,1,0,0
2023-01-25,508.12,508.47,311.98562566865775,5.74295711517334,196.13437433134226,38.600010692620295,0,0,1
2023-01-26,507.73,508.12,311.9680717344951,5.742900848388672,195.76192826550493,38.55630517509403,0,0,1
2023-01-27,512.09,507.73,312.32886952529276,5.744056701660156,199.76113047470727,39.008988747038075,1,0,0
2023-01-28,514.61,512.09,312.2291023559123,5.74373722076416,202.38089764408772,39.32704332292177,1,0,0
2023-01-29,515.85,514.61,312.0124047589211,5.743042945861816,203.83759524107893,39.51489681905184,1,0,0
2023-01-30,516.25,515.85,312.06968997377373,5.743226528167725,204.18031002622627,39.55066538038281,1,0,0
2023-01-31,516.99,516.25,312.18831123274146,5.7436065673828125,204.80168876725855,39.61424568507294,1,0,0
2023-02-01,520.78,516.99,312.21093922680876,5.743679046630859,208.5690607731912,40.04936072299075,1,0,0
2023-02-02,524.76,520.78,312.27734399223965,5.743891716003418,212.48265600776034,40.49139721163205,1,0,0
2023-02-03,527.1,524.76,312.59944355751446,5.744922637939453,214.50055644248556,40.69447096233837,1,0,0
2023-02-04,528.77,527.1,312.51553458701983,5.744654178619385,216.25446541298015,40.897642720460716,1,0,0
2023-02-05,527.36,528.77,312.0760887156109,5.743247032165527,215.2839112843891,40.82295041041966,0,0,1
2023-02-06,528.59,527.36,312.00823897169533,5.743029594421387,216.5817610283047,40.97348815306848,1,0,0
2023-02-07,532.99,528.59,311.9163082562783,5.742734909057617,221.07369174372172,41.478018676470796,1,0,0
2023-02-08,534.98,532.99,311.7448659107303,5.742185115814209,223.2351340892697,41.727753203721576,1,0,0
2023-02-09,536.37,534.98,311.12041245718245,5.740180015563965,225.24958754281755,41.99518756507962,1,0,0
2023-02-10,534.25,536.37,311.3473280868393,5.740909099578857,222.9026719131607,41.72254036746106,0,0,1
2023-02-11,537.87,534.25,311.41325218213774,5.7411208152771,226.45674781786227,42.1025057760913,1,0,0
2023-02-12,540.99,537.87,311.32194212407956,5.740827560424805,229.66805787592045,42.45329079574862,1,0,0
2023-02-13,543.6,540.99,311.3581659996524,5.740943908691406,232.24183400034764,42.722927520299415,1,0,0
2023-02-14,545.83,543.6,311.21314738341135,5.740478038787842,234.6168526165887,42.9835026687043,1,0,0
2023-02-15,546.58,545.83,311.63859817894297,5.741844177246094,234.94140182105707,42.9839002197404,1,0,0
2023-02-16,548.65,546.58,311.93787532833215,5.742804050445557,236.71212467166782,43.14446818038236,1,0,0
2023-02-17,550.02,548.65,312.00288304127355,5.743012428283691,238.01711695872643,43.27426583737436,1,0,0
2023-02-18,552.78,550.02,312.1740207130614,5.743560791015625,240.60597928693858,43.52653483970813,1,0,0
2023-02-19,553.93,552.78,312.1822079099294,5.743587017059326,241.74779209007056,43.642299945854276,1,0,0
2023-02-20,555.29,553.93,311.98250159117737,5.742947101593018,243.3074984088226,43.81629390207326,1,0,0
2023-02-21,556.5,555.29,312.101684994998,5.743329048156738,244.39831500500202,43.917037736747886,1,0,0
2023-02-22,558.86,556.5,312.285533898904,5.743917942047119,246.574466101096,44.12097235463193,1,0,0
2023-02-23,561.3,558.86,312.40185375653004,5.744290351867676,248.8981462434699,44.34315806938712,1,0,0
2023-02-24,562.71,561.3,312.394107682332,5.744265556335449,250.31589231766804,44.483995720294295,1,0,0
2023-02-25,564.67,562.71,312.81595221267673,5.745615005493164,251.85404778732322,44.60198838035016,1,0,0
2023-02-26,568.07,564.67,312.9517193321251,5.746048927307129,255.11828066787496,44.90965561777157,1,0,0
2023-02-27,568.01,568.07,312.68397145395494,5.745193004608154,255.32602854604505,44.950974198701616,0,0,1
2023-02-28,568.22,568.01,312.34167776882015,5.744097709655762,255.87832223117988,45.03155859195028,1,0,0
2023-03-01,572.61,568.22,312.5852832703635,5.744877338409424,260.0247167296365,45.41043934434196,1,0,0
2023-03-02,570.52,572.61,313.05843483388486,5.746389865875244,257.4615651661151,45.127526671477796,0,0,1
2023-03-03,572.77,570.52,312.9645531179983,5.746089935302734,259.80544688200166,45.359471844196044,1,0,0
2023-03-04,576.98,572.77,313.2524068867888,5.74700927734375,263.72759311321124,45.70827292336151,1,0,0
2023-03-05,579.07,576.98,313.33188201303307,5.747262954711914,265.738117986967,45.890499937307574,1,0,0
2023-03-06,577.77,579.07,313.4140673458491,5.747525215148926,264.3559326541509,45.754527347240405,0,0,1
2023-03-07,581.04,577.77,313.0317152311108,5.746304512023926,268.00828476888915,46.125616957333264,1,0,0
2023-03-08,582.41,581.04,312.9415720600602,5.746016502380371,269.4684279399398,46.26782300096835,1,0,0
2023-03-09,584.39,582.41,312.65206582387634,5.745090961456299,271.73793417612364,46.49941548899256,1,0,0
2023-03-10,588.67,584.39,312.41496293503997,5.744332313537598,276.25503706496,46.9286760094722,1,0,0
2023-03-11,590.03,588.67,312.7382483226386,5.74536657333374,277.2917516773614,46.99621234129814,1,0,0
2023-03-12,590.51,590.03,313.18460007067625,5.746792793273926,277.32539992932374,46.96370932402901,1,0,0
2023-03-13,591.35,590.51,313.1520460667855,5.7466888427734375,278.19795393321454,47.04455126967355,1,0,0
2023-03-14,591.68,591.35,313.2247745839092,5.746921062469482,278.45522541609074,47.06179445242204,1,0,0
2023-03-15,598.39,591.68,313.13651690854226,5.746639251708984,285.2534830914577,47.670162116923365,1,0,0
2023-03-16,598.68,598.39,313.1359196486045,5.746637344360352,285.54408035139545,47.6956104014491,1,0,0
2023-03-17,598.12,598.68,313.0378351622282,5.746324062347412,285.0821648377718,47.663038326384644,0,0,1
2023-03-18,602.46,598.12,312.9514208782504,5.7460479736328125,289.5085791217496,48.05440678580314,1,0,0
2023-03-19,602.8,602.46,313.07142228008837,5.746431350708008,289.7285777199116,48.06379856003842,1,0,0
2023-03-20,604.17,602.8,313.32590573865974,5.747243881225586,290.8440942613402,48.139446556654626,1,0,0
2023-03-21,607.26,604.17,313.4427625742495,5.747616767883301,293.8172374257505,48.38409205706789,1,0,0
2023-03-22,606.88,607.26,313.45905426365016,5.747668743133545,293.42094573634984,48.34908807941435,0,0,1
2023-03-23,609.37,606.88,313.51047579100134,5.747832775115967,295.85952420899866,48.55170490982468,1,0,0
2023-03-24,611.99,609.37,313.44679805144347,5.747629642486572,298.54320194855654,48.78236604332694,1,0,0
2023-03-25,612.62,611.99,313.46951726299466,5.747702121734619,299.15048273700535,48.831328186641855,1,0,0
2023-03-26,616.54,612.62,312.9651500510801,5.746091842651367,303.57484994891985,49.23846789322994,1,0,0
2023-03-27,620.53,616.54,313.14846234653015,5.746677398681641,307.3815376534698,49.535322652163444,1,0,0
2023-03-28,617.44,620.53,313.04813482861516,5.746356964111328,304.3918651713849,49.299019365668705,0,0,1
2023-03-29,617.51,617.44,313.25897925278537,5.747030258178711,304.2510207472146,49.270622459104246,1,0,0
2023-03-30,618.64,617.51,313.3862713484868,5.7474365234375,305.2537286515132,49.34270798065324,1,0,0
2023-03-31,623.86,618.64,313.50165580185376,5.747804641723633,310.35834419814626,49.74807556152763,1,0,0
2023-04-01,624.67,623.86,313.40345675486503,5.747491359710693,311.2665432451349,49.82895660831078,1,0,0
2023-04-02,628.07,624.67,313.36101798300837,5.747355937957764,314.7089820169917,50.10731001592046,1,0,0
2023-04-03,629.7,628.07,313.70218497709385,5.748444080352783,315.9978150229062,50.18227966061714,1,0,0
2023-04-04,628.18,629.7,314.11261491637987,5.749751567840576,314.0673850836201,49.99639993053266,0,0,1
2023-04-05,629.54,628.18,313.9354744730439,5.749187469482422,315.6045255269561,50.1325611600464,1,0,0
2023-04-06,635.32,629.54,313.66135096862155,5.748313903808594,321.6586490313785,50.62939133529221,1,0,0
2023-04-07,636.78,635.32,313.58627812976584,5.748074531555176,323.1937218702341,50.75437700151294,1,0,0
2023-04-08,637.48,636.78,313.74811089006704,5.748590469360352,323.731889109933,50.78306599578543,1,0,0
2023-04-09,636.88,637.48,313.63443035424336,5.748228073120117,323.24556964575663,50.75454868197409,0,0,1
2023-04-10,642.74,636.88,313.5934556322118,5.7480974197387695,329.1465443677882,51.20990515103901,1,0,0
2023-04-11,646.05,642.74,313.6513302477492,5.748281955718994,332.3986697522508,51.45092016906599,1,0,0
2023-04-12,645.9,646.05,313.9717030193735,5.749302864074707,331.9282969806265,51.39004443112347,0,0,1
2023-04-13,645.49,645.9,314.43360879143916,5.750772953033447,331.05639120856085,51.287609600235605,0,0,1
2023-04-14,648.99,645.49,314.5939286974392,5.751282691955566,334.3960713025608,51.525612305668936,1,0,0
2023-04-15,648.0,648.99,314.6117804028384,5.751339435577393,333.3882195971616,51.448799320549625,0,0,1
2023-04-16,654.51,648.0,314.65123776538564,5.75146484375,339.85876223461435,51.92567909346142,1,0,0
2023-04-17,654.37,654.51,315.04292894205037,5.752708911895752,339.32707105794964,51.855536020592275,0,0,1
2023-04-18,652.5,654.37,314.4853401482733,5.750937461853027,338.0146598517267,51.80301300409605,0,0,1
2023-04-19,657.15,652.5,314.5780280313456,5.751232147216797,342.5719719686544,52.129950843590414,1,0,0
2023-04-20,660.43,657.15,314.5513287207008,5.751147270202637,345.87867127929917,52.37173830372624,1,0,0
2023-04-21,660.62,660.43,314.35295484518696,5.750516414642334,346.26704515481305,52.41546504114514,1,0,0
2023-04-22,662.5,660.62,315.09250682037595,5.752866268157959,347.40749317962405,52.4388668950376,1,0,0
2023-04-23,662.38,662.5,315.18116550229735,5.753147602081299,347.19883449770265,52.41686562059583,0,0,1
2023-04-24,667.72,662.38,315.27901953890654,5.753458023071289,352.4409804610935,52.78275032365265,1,0,0
2023-04-25,667.05,667.72,315.28743850940765,5.753484725952148,351.7625614905923,52.734062137859574,0,0,1
2023-04-26,665.79,667.05,315.32457486555245,5.753602504730225,350.4654251344475,52.63903410000864,0,0,1
2023-04-27,671.14,665.79,315.0445814123086,5.752714157104492,356.09541858769137,53.05829165117433,1,0,0
2023-04-28,675.64,671.14,314.82863196149555,5.752028465270996,360.81136803850444,53.40290214293181,1,0,0
2023-04-29,674.64,675.64,314.83433664880636,5.752046585083008,359.80566335119363,53.33298697841718,0,0,1
2023-04-30,680.73,674.64,315.07988625662773,5.75282621383667,365.6501137433723,53.71441154986151,1,0,0
2023-05-01,679.84,680.73,315.5990985126821,5.754472732543945,364.24090148731796,53.57744491164362,0,0,1
2023-05-02,681.42,679.84,316.20886782211727,5.756402969360352,365.2111321778827,53.59559921603162,1,0,0
2023-05-03,682.24,681.42,316.4853686340739,5.757277011871338,365.7546313659261,53.61084535734142,1,0,0
2023-05-04,684.13,682.24,316.3043260551601,5.756704807281494,367.8256739448399,53.76546474278863,1,0,0
2023-05-05,685.49,684.13,316.20962172370565,5.756405353546143,369.28037827629436,53.87100880775713,1,0,0
2023-05-06,687.18,685.49,316.2818538307426,5.756633758544922,370.89814616925736,53.97394367840412,1,0,0
2023-05-07,690.67,687.18,316.4197287290108,5.7570695877075195,374.2502712709892,54.186553820346795,1,0,0
2023-05-08,689.4,690.67,315.83184086709224,5.755209922790527,373.56815913290774,54.18743242426861,0,0,1
2023-05-09,690.87,689.4,316.1120817888493,5.756096839904785,374.7579182111507,54.24434672386276,1,0,0
2023-05-10,692.54,690.87,316.1270048057697,5.756144046783447,376.4129951942303,54.35252767987847,1,0,0
2023-05-11,700.92,692.54,316.1306226129334,5.756155490875244,384.78937738706657,54.89775971395688,1,0,0
2023-05-12,699.53,700.92,316.1909254947646,5.756346225738525,383.3390745052354,54.799518892003974,0,0,1
2023-05-13,700.82,699.53,316.04260105792974,5.7558770179748535,384.7773989420703,54.90388387061874,1,0,0
2023-05-14,699.72,700.82,315.9149832060536,5.7554731369018555,383.80501679394644,54.85122860486286,0,0,1
2023-05-15,705.04,699.72,316.1609233733565,5.756251335144043,388.87907662664344,55.157023236503385,1,0,0
2023-05-16,705.24,705.04,316.00658560567615,5.755763053894043,389.23341439432386,55.19162475105267,1,0,0
2023-05-17,707.71,705.24,316.19635331831694,5.756363391876221,391.5136466816831,55.32119747943128,1,0,0
2023-05-18,706.95,707.71,316.36752831853937,5.756904602050781,390.5824716814607,55.24895278045981,0,0,1
2023-05-19,711.13,706.95,316.5199293652698,5.757386207580566,394.6100706347302,55.4905672148173,1,0,0
2023-05-20,711.65,711.13,316.77147608815847,5.758180618286133,394.8785239118415,55.48774311976976,1,0,0
2023-05-21,712.69,711.65,316.9502167666518,5.758744716644287,395.73978323334825,55.52761835206727,1,0,0
2023-05-22,717.67,712.69,317.11348313474514,5.7592597007751465,400.5565168652548,55.8134681490455,1,0,0
2023-05-23,714.55,717.67,316.90895996814504,5.758614540100098,397.6410400318549,55.64915541695542,0,0,1
2023-05-24,720.85,714.55,317.0067457887178,5.758923053741455,403.8432542112822,56.023202359892096,1,0,0
2023-05-25,722.88,720.85,317.37836502255806,5.76009464263916,405.50163497744194,56.09529036319194,1,0,0
2023-05-26,721.26,722.88,317.69451570343756,5.761090278625488,403.56548429656243,55.9528442304526,0,0,1
2023-05-27,723.15,721.26,318.36267589290884,5.763191223144531,404.78732410709114,55.975568569050836,1,0,0
2023-05-28,726.22,723.15,318.3845368735632,5.7632598876953125,407.8354631264368,56.158665848701055,1,0,0
2023-05-29,729.09,726.22,318.1456656587552,5.762509346008301,410.9443343412448,56.36400641090192,1,0,0
2023-05-30,729.91,729.09,318.1547680094712,5.762537956237793,411.7552319905288,56.41178117720387,1,0,0
2023-05-31,732.96,729.91,317.6960305925498,5.76109504699707,415.26396940745025,56.65574784537359,1,0,0
2023-06-01,737.66,732.96,317.71784579673243,5.761163711547852,419.94215420326753,56.92895835524057,1,0,0
2023-06-02,734.43,737.66,317.8736256399564,5.761653900146484,416.55637436004355,56.71832228531563,0,0,1
2023-06-03,733.52,734.43,318.4557472798721,5.76348352432251,415.06425272012785,56.58526730288579,0,0,1
2023-06-04,740.92,733.52,318.54125116990326,5.763751983642578,422.3787488300967,57.00733531691636,1,0,0
2023-06-05,744.59,740.92,318.4753367301865,5.763545036315918,426.11466326981355,57.2280937522413,1,0,0
2023-06-06,743.5,744.59,318.68406194000835,5.764200210571289,424.81593805999165,57.137315139205334,0,0,1
2023-06-07,741.96,743.5,318.902960063657,5.764886856079102,423.057039936343,57.01884736863752,0,0,1
2023-06-08,745.88,741.96,319.22519596252926,5.765896797180176,426.65480403747074,57.20153430008457,1,0,0
2023-06-09,745.42,745.88,319.4638113866739,5.76664400100708,425.95618861332605,57.14311242163158,0,0,1
2023-06-10,751.14,745.42,319.2145408498877,5.765863418579102,431.92545915011226,57.5026571810997,1,0,0
2023-06-11,748.42,751.14,319.099488292704,5.7655029296875,429.32051170729596,57.36358083793805,0,0,1
2023-06-12,752.55,748.42,319.2589902438225,5.766002655029297,433.29100975617746,57.57637495929539,1,0,0
2023-06-13,752.73,752.55,319.19033984395645,5.765787601470947,433.53966015604357,57.59563989160038,1,0,0
2023-06-14,755.29,752.73,318.9777847127503,5.7651214599609375,436.31221528724967,57.76750854469802,1,0,0
2023-06-15,755.15,755.29,319.0952278833363,5.76548957824707,436.0547721166637,57.74412661281384,0,0,1
2023-06-16,757.36,755.15,318.99512463652496,5.765175819396973,438.36487536347505,57.880647956516725,1,0,0
2023-06-17,757.99,757.36,319.1623359385961,5.765699863433838,438.82766406140394,57.89359543811975,1,0,0
2023-06-18,756.67,757.99,319.4674673807769,5.766655445098877,437.20253261922306,57.779815853571975,0,0,1
2023-06-19,761.33,756.67,319.3695316595786,5.766348838806152,441.9604683404214,58.051103771087625,1,0,0
2023-06-20,760.77,761.33,318.85065406896285,5.76472282409668,441.9193459310371,58.08842960829648,0,0,1
2023-06-21,759.6,760.77,318.7708431434104,5.764472484588623,440.82915685658963,58.03438083946677,0,0,1
2023-06-22,767.97,759.6,318.8634256712814,5.764762878417969,449.10657432871864,58.4797028957796,1,0,0
2023-06-23,764.91,767.97,318.8623613515494,5.764759540557861,446.0476386484506,58.31374130923254,0,0,1
2023-06-24,764.45,764.91,318.7714511511221,5.764474391937256,445.67854884887794,58.300549264030074,0,0,1
2023-06-25,769.03,764.45,318.8000288217332,5.764564037322998,450.2299711782668,58.54517654425273,1,0,0
2023-06-26,771.0,769.03,319.3212602465745,5.766197681427002,451.6787397534255,58.58349413144299,1,0,0
2023-06-27,767.4,771.0,319.65839886466136,5.7672529220581055,447.7416011353386,58.34526988993206,0,0,1
2023-06-28,769.52,767.4,319.59652030355284,5.767059326171875,449.92347969644715,58.468068366832206,1,0,0
2023-06-29,767.42,769.52,319.7672488450287,5.7675933837890625,447.65275115497127,58.332171582050414,0,0,1
2023-06-30,770.34,767.42,319.99619860490026,5.768309116363525,450.3438013950998,58.46039429279276,1,0,0
2023-07-01,771.2,770.34,320.060901642539,5.7685112953186035,451.139098357461,58.49832706917285,1,0,0
2023-07-02,773.07,771.2,320.02900629335886,5.768411636352539,453.0409937066412,58.60284239546757,1,0,0
2023-07-03,774.39,773.07,320.039535985392,5.768444538116455,454.350464014608,58.67204690331848,1,0,0
2023-07-04,775.9,774.39,320.1508056392713,5.768792152404785,455.74919436072867,58.73813563097418,1,0,0
2023-07-05,776.13,775.9,319.9832290511094,5.768268585205078,456.1467709488906,58.7719545628813,1,0,0
2023-07-06,773.74,776.13,320.0615121108444,5.768513202667236,453.67848788915563,58.63448805660243,0,0,1
2023-07-07,775.35,773.74,320.25493655403733,5.76911735534668,455.0950634459627,58.69543605416427,1,0,0
2023-07-08,777.24,775.35,320.4955442829679,5.76986837387085,456.7444557170321,58.764918907548775,1,0,0
2023-07-09,778.84,777.24,320.24455247952807,5.769084930419922,458.59544752047196,58.88185603210825,1,0,0
2023-07-10,782.94,778.84,320.3137350907887,5.769300937652588,462.62626490921133,59.08834200694961,1,0,0
2023-07-11,778.73,782.94,320.5808315238521,5.770134449005127,458.1491684761479,58.83286485381941,0,0,1
2023-07-12,781.6,778.73,320.58174871428025,5.770137310028076,461.01825128571977,58.98391137227735,1,0,0
2023-07-13,785.66,781.6,320.6485578065481,5.770345687866211,465.01144219345184,59.187363769754334,1,0,0
2023-07-14,783.69,785.66,320.72119217686077,5.770572185516357,462.9688078231393,59.07550279104483,0,0,1
2023-07-15,786.46,783.69,320.66767051953155,5.770405292510986,465.7923294804685,59.22644883153224,1,0,0
2023-07-16,786.03,786.46,320.7432151095364,5.770640850067139,465.2867848904636,59.19453263749013,0,0,1
2023-07-17,787.94,786.03,320.3985156162507,5.769565582275391,467.5414843837494,59.33719374365426,1,0,0
2023-07-18,787.78,787.94,320.41226592388927,5.769608497619629,467.3677340761107,59.327189580353746,0,0,1
2023-07-19,790.88,787.78,320.488972910402,5.769847869873047,470.39102708959797,59.47691521970438,1,0,0
2023-07-20,786.61,790.88,320.78221776293987,5.7707624435424805,465.82778223706015,59.21966187018474,0,0,1
2023-07-21,790.39,786.61,320.9999549600398,5.7714409828186035,469.39004503996017,59.38714369361457,1,0,0
2023-07-22,792.94,790.39,321.0579717260042,5.7716217041015625,471.88202827399584,59.51043310641357,1,0,0
2023-07-23,794.49,792.94,321.16101942529724,5.771942615509033,473.32898057470277,59.576455408463644,1,0,0
2023-07-24,797.75,794.49,320.9939854920001,5.771422386169434,476.7560145079999,59.76258408122845,1,0,0
2023-07-25,794.24,797.75,320.7432151095364,5.770640850067139,473.49678489046363,59.61633572855354,0,0,1
2023-07-26,799.69,794.24,320.78879514825917,5.770782947540283,478.9012048517409,59.88585637581324,1,0,0
2023-07-27,795.56,799.69,320.85778933859166,5.770998001098633,474.7022106614083,59.66893894381421,0,0,1
2023-07-28,801.3,795.56,321.0444998800214,5.771579742431641,480.25550011997854,59.934543881190386,1,0,0
2023-07-29,801.06,801.3,320.7910896167267,5.770790100097656,480.26891038327324,59.95417451667457,0,0,1
2023-07-30,797.88,801.06,320.45214515321436,5.76973295211792,477.42785484678564,59.837050038450094,0,0,1
2023-07-31,801.79,797.88,320.5268747720792,5.769966125488281,481.26312522792074,60.023587875618404,1,0,0
2023-08-01,801.91,801.79,320.4385459311508,5.76969051361084,481.47145406884914,60.04058486224753,1,0,0
2023-08-02,804.52,801.91,320.48576368439734,5.769837856292725,484.03423631560264,60.164350956545846,1,0,0
2023-08-03,803.46,804.52,320.44526906992644,5.769711494445801,483.0147309300736,60.11683605034147,0,0,1
2023-08-04,804.23,803.46,320.67088156708405,5.770415306091309,483.55911843291597,60.126968458390756,1,0,0
2023-08-05,809.27,804.23,320.79246630568474,5.77079439163208,488.47753369431524,60.360267116576075,1,0,0
2023-08-06,806.7,809.27,320.64442961015135,5.7703328132629395,486.0555703898487,60.252333009774226,0,0,1
2023-08-07,809.92,806.7,320.461771917696,5.769762992858887,489.45822808230395,60.43291042106677,1,0,0
2023-08-08,808.35,809.92,320.6237894253817,5.770268440246582,487.72621057461834,60.336019122238916,0,0,1
2023-08-09,813.92,808.35,320.99061814874597,5.771411895751953,492.929381851254,60.5623871942272,1,0,0
2023-08-10,809.2,813.92,320.97913883495073,5.771376132965088,488.2208611650493,60.333769298696154,0,0,1
2023-08-11,810.34,809.2,320.72195683668156,5.770574569702148,489.6180431633185,60.42130996412845,1,0,0
2023-08-12,816.53,810.34,320.8882371695498,5.771092891693115,495.64176283045015,60.70098622591334,1,0,0
2023-08-13,812.71,816.53,321.1084961834524,5.7717790603637695,491.6015038165476,60.489166346734706,0,0,1
2023-08-14,818.69,812.71,320.979904109765,5.771378517150879,497.71009589023504,60.7934744396823,1,0,0
2023-08-15,817.94,818.69,320.88150473703115,5.771071910858154,497.0584952629689,60.76955464495793,0,0,1
2023-08-16,816.35,817.94,320.74030921931904,5.770631790161133,495.609690780681,60.710441695434675,0,0,1
2023-08-17,813.27,816.35,320.9358272545008,5.771241188049316,492.3341727454992,60.53760408542048,0,0,1
2023-08-18,818.65,813.27,320.9941385538964,5.771422863006592,497.6558614461036,60.789820001967094,1,0,0
2023-08-19,819.92,818.65,320.59994019991416,5.770194053649902,499.3200598000858,60.89863154942992,1,0,0
2023-08-20,823.53,819.92,320.729297663721,5.770597457885742,502.80070233627896,61.05432738774289,1,0,0
2023-08-21,825.55,823.53,320.38889075200666,5.769535541534424,505.1611092479933,61.19085570201603,1,0,0
2023-08-22,820.92,825.55,320.4894313738832,5.7698493003845215,500.4305686261168,60.959724288130005,0,0,1
2023-08-23,825.57,820.92,320.3610872127505,5.769448757171631,505.2089127872496,61.19516367930636,1,0,0
2023-08-24,826.47,825.57,320.3070147116769,5.769279956817627,506.1629852883231,61.24396351813412,1,0,0
2023-08-25,828.21,826.47,320.561723986722,5.770074844360352,507.64827601327806,61.29463252234072,1,0,0
2023-08-26,827.77,828.21,320.5773156515203,5.770123481750488,507.1926843484797,61.27217516320713,0,0,1
2023-08-27,822.69,827.77,320.33038390998627,5.769352912902832,502.3596160900138,61.063051220996215,0,0,1
2023-08-28,828.11,822.69,320.1969122186845,5.7689361572265625,507.91308778131554,61.33401212173691,1,0,0
2023-08-29,826.6,828.11,319.84349638719567,5.767831802368164,506.75650361280435,61.30613399622603,0,0,1
2023-08-30,829.95,826.6,319.5268831493975,5.766841411590576,510.4231168506025,61.50046591368185,1,0,0
2023-08-31,833.88,829.95,319.7594726173654,5.767569065093994,514.1205273826346,61.65401824994419,1,0,0
2023-09-01,833.17,833.88,319.9215927111606,5.768075942993164,513.2484072888394,61.6018828436981,0,0,1
2023-09-02,836.26,833.17,320.10226350317504,5.768640518188477,516.157736496825,61.7221601531611,1,0,0
2023-09-03,835.23,836.26,320.10791110918075,5.76865816116333,515.1220888908192,61.674280005605546,0,0,1
2023-09-04,832.1,835.23,319.64971075758893,5.767225742340088,512.4502892424111,61.585180776638765,0,0,1
2023-09-05,830.01,832.1,319.4172011291716,5.76649808883667,510.5927988708284,61.516463521021244,0,0,1
2023-09-06,837.69,830.01,319.49275581885763,5.766734600067139,518.1972441811424,61.860263842369186,1,0,0
2023-09-07,837.75,837.69,319.2221516083405,5.765887260437012,518.5278483916595,61.89529673430731,1,0,0
2023-09-08,836.81,837.75,318.7010819595634,5.764253616333008,518.1089180404365,61.91476177871159,0,0,1
2023-09-09,835.96,836.81,318.097730908929,5.762358665466309,517.8622690910711,61.94821152819166,0,0,1
2023-09-10,839.38,835.96,318.05890298942774,5.762236595153809,521.3210970105722,62.10787688657964,1,0,0
2023-09-11,841.72,839.38,318.7598992029034,5.764438152313232,522.9601007970966,62.12993641556534,1,0,0
2023-09-12,844.88,841.72,318.35842532098235,5.763177871704102,526.5215746790177,62.3190955732196,1,0,0
2023-09-13,844.65,844.88,317.62468715707104,5.760870456695557,527.025312842929,62.39570388242811,0,0,1
2023-09-14,849.23,844.65,317.5731965450444,5.760708332061768,531.6568034549556,62.604571606626656,1,0,0
2023-09-15,843.5,849.23,317.21692866416413,5.759585857391357,526.2830713358359,62.392776684746394,0,0,1
2023-09-16,849.35,843.5,317.0384911032291,5.759023189544678,532.3115088967709,62.67280966583515,1,0,0
2023-09-17,848.21,849.35,317.28439816344184,5.759798526763916,530.9256018365581,62.5936503739119,0,0,1
2023-09-18,850.84,848.21,317.2942323602432,5.759829521179199,533.5457676397568,62.70811993321386,1,0,0
2023-09-19,848.94,850.84,317.0950358692878,5.759201526641846,531.8449641307122,62.64812167299364,0,0,1
2023-09-20,853.77,848.94,316.37386432529763,5.756924629211426,537.3961356747024,62.943900075512424,1,0,0
2023-09-21,852.76,853.77,316.35063292086625,5.7568511962890625,536.4093670791337,62.9027354799866,0,0,1
2023-09-22,851.25,852.76,316.02873688330595,5.755833148956299,535.221263116694,62.87474456583777,0,0,1
2023-09-23,853.94,851.25,315.6294988309625,5.754569053649902,538.3105011690375,63.038445460926695,1,0,0
2023-09-24,854.34,853.94,314.6737441805744,5.7515363693237305,539.6662558194257,63.167621300585914,1,0,0
2023-09-25,857.19,854.34,314.4931380763362,5.750962257385254,542.6968619236638,63.31115177774633,1,0,0
2023-09-26,853.88,857.19,314.9490528220342,5.752410888671875,538.9309471779658,63.115536981539066,0,0,1
2023-09-27,857.81,853.88,314.1867650475192,5.749987602233887,543.6232349524807,63.37338512636607,1,0,0
2023-09-28,859.89,857.81,313.002162125846,5.746210098266602,546.887837874154,63.59974390609892,1,0,0
2023-09-29,859.93,859.89,312.56292622819757,5.744805812835693,547.3670737718023,63.6525151781892,1,0,0
2023-09-30,864.31,859.93,312.8621959340599,5.745762825012207,551.4478040659401,63.80208537051985,1,0,0
2023-10-01,863.81,864.31,312.9147132221501,5.7459306716918945,550.8952867778498,63.775053168850775,0,0,1
2023-10-02,862.77,863.81,312.9275454904458,5.7459716796875,549.8424545095542,63.729899568778954,0,0,1
2023-10-03,864.33,862.77,311.55346151551004,5.741570949554443,552.77653848449,63.95433902380918,1,0,0
2023-10-04,865.52,864.33,311.4976078622082,5.741391658782959,554.0223921377917,64.01035124986039,1,0,0
2023-10-05,866.78,865.52,311.4190434789846,5.7411394119262695,555.3609565210154,64.07173175673358,1,0,0
2023-10-06,861.96,866.78,310.91530682616684,5.73952054977417,551.0446931738331,63.92926506726914,0,0,1
2023-10-07,866.9,861.96,310.62915630548196,5.73859977722168,556.270843694518,64.16782139745277,1,0,0
2023-10-08,864.8,866.9,309.5158162551497,5.73500919342041,555.2841837448502,64.20954946170794,0,0,1
2023-10-09,872.98,864.8,309.7387553560672,5.735729217529297,563.2412446439328,64.519375546282,1,0,0
2023-10-10,870.47,872.98,308.6665776894304,5.732261657714844,561.8034223105697,64.54023944657135,0,0,1
2023-10-11,871.1,870.47,308.30177786960905,5.7310791015625,562.798222130391,64.60776284357604,1,0,0
2023-10-12,874.94,871.1,307.51862427506023,5.7285356521606445,567.4213757249398,64.85260426142818,1,0,0
2023-10-13,874.67,874.94,306.8122099789819,5.726235866546631,567.857790021018,64.92251820926955,0,0,1
2023-10-14,871.59,874.67,306.72868435744806,5.725963592529297,564.861315642552,64.80814553202217,0,0,1
2023-10-15,875.34,871.59,306.67471930022623,5.72578763961792,568.6652806997738,64.96507422256195,1,0,0
2023-10-16,875.63,875.34,306.16858318869,5.724135875701904,569.4614168113101,65.03447995286936,1,0,0
2023-10-17,872.9,875.63,305.9019709374886,5.723264694213867,566.9980290625114,64.95566835405101,0,0,1
2023-10-18,876.65,872.9,306.0096385655749,5.723616600036621,570.6403614344251,65.09329395248105,1,0,0
2023-10-19,878.96,876.65,305.02075681006613,5.720379829406738,573.9392431899339,65.29753836237529,1,0,0
2023-10-20,880.12,878.96,304.64559357637324,5.719149112701416,575.4744064236268,65.38590265232318,1,0,0
2023-10-21,877.49,880.12,304.74424539012915,5.719472885131836,572.7457546098708,65.27091529360685,0,0,1
2023-10-22,885.44,877.49,304.93510159808324,5.720098972320557,580.5048984019168,65.56117844257281,1,0,0
2023-10-23,883.1,885.44,304.97785348457035,5.720239162445068,578.1221465154297,65.46508283494845,0,0,1
2023-10-24,884.45,883.1,304.23404174244473,5.71779727935791,580.2159582575553,65.60189476596248,1,0,0
2023-10-25,886.39,884.45,304.0373902758176,5.717150688171387,582.3526097241825,65.6993659364594,1,0,0
2023-10-26,884.21,886.39,303.7629290716229,5.71624755859375,580.4470709283771,65.64583876323239,0,0,1
2023-10-27,888.5,884.21,303.34823018457325,5.714881420135498,585.1517698154267,65.85838714861303,1,0,0
2023-10-28,887.29,888.5,303.18626800400045,5.7143473625183105,584.1037319959995,65.83008170902406,0,0,1
2023-10-29,886.85,887.29,302.82534594573735,5.713156223297119,584.0246540542627,65.85382579401958,0,0,1
2023-10-30,891.76,886.85,302.61719505592896,5.71246862411499,589.142804944071,66.06517504082612,1,0,0
2023-10-31,895.19,891.76,302.388855733618,5.711713790893555,592.801144266382,66.2207066953811,1,0,0
2023-11-01,894.13,895.19,302.43182747894076,5.711855888366699,591.6981725210592,66.17585502343721,0,0,1
2023-11-02,895.64,894.13,302.30466035552575,5.711435317993164,593.3353396444743,66.2470791439054,1,0,0
2023-11-03,892.75,895.64,301.9141219275385,5.710142612457275,590.8358780724616,66.18156013133145,0,0,1
2023-11-04,890.84,892.75,301.835096106137,5.709880828857422,589.004903893863,66.11792284740952,0,0,1
2023-11-05,900.11,890.84,301.53717209636176,5.708893299102783,598.5728279036382,66.49996421588897,1,0,0
2023-11-06,902.61,900.11,301.1467635746678,5.707597732543945,601.4632364253323,66.63600407987195,1,0,0
2023-11-07,902.22,902.61,301.1141686002763,5.707489490509033,601.1058313997237,66.62519467532572,0,0,1
2023-11-08,898.14,902.22,301.01281646951884,5.707152843475342,597.1271835304811,66.48486689496973,0,0,1
2023-11-09,896.91,898.14,300.9325916023848,5.706886291503906,595.9774083976151,66.4478496613501,0,0,1
2023-11-10,898.12,896.91,300.949381084212,5.706942081451416,597.170618915788,66.49118368545273,1,0,0
2023-11-11,897.43,898.12,300.89944588845464,5.706776142120361,596.5305541115454,66.47098426746882,0,0,1
2023-11-12,902.67,897.43,300.6762737538593,5.706034183502197,601.9937262461407,66.69034378523055,1,0,0
2023-11-13,908.3,902.67,300.6893210363446,5.706077575683594,607.6106789636553,66.89537366108723,1,0,0
2023-11-14,904.54,908.3,300.79257224534354,5.7064208984375,603.7474277546564,66.74634927749536,0,0,1
2023-11-15,906.73,904.54,300.8232676335706,5.7065229415893555,605.9067323664294,66.82328062007758,1,0,0
2023-11-16,910.63,906.73,300.7198624935165,5.706179141998291,609.9101375064836,66.97672353277221,1,0,0
2023-11-17,906.76,910.63,300.70810438221184,5.706140041351318,606.0518956177882,66.83707878796905,0,0,1
2023-11-18,914.39,906.76,300.5717725490489,5.705686569213867,613.8182274509511,67.12871175876279,1,0,0
2023-11-19,915.26,914.39,300.53236109091085,5.705555438995361,614.7276389090891,67.16426358729642,1,0,0
2023-11-20,910.45,915.26,300.54253591793423,5.705589294433594,609.9074640820659,66.98967149014946,0,0,1
2023-11-21,910.2,910.45,300.5931285523873,5.7057576179504395,609.6068714476128,66.97504630274805,0,0,1
2023-11-22,914.67,910.2,300.6795713652002,5.706045150756836,613.9904286347997,67.12698881944306,1,0,0
2023-11-23,912.79,914.67,300.6754135133704,5.706031322479248,612.1145864866296,67.05973843782574,0,0,1
2023-11-24,911.55,912.79,300.7106853916513,5.706148624420166,610.8393146083487,67.01105969045567,0,0,1
2023-11-25,919.22,911.55,300.6162062079051,5.70583438873291,618.6037937920948,67.2965986153581,1,0,0
2023-11-26,920.03,919.22,300.48263837068424,5.705389976501465,619.5473616293157,67.33990865833894,1,0,0
2023-11-27,918.09,920.03,300.50685388394606,5.705470561981201,617.583146116054,67.26825759087387,0,0,1
2023-11-28,915.16,918.09,300.64114926873066,5.7059173583984375,614.5188507312694,67.14878826994945,0,0,1
2023-11-29,916.23,915.16,300.6236602391469,5.705859184265137,615.6063397608532,67.18906167238065,1,0,0
2023-11-30,920.9,916.23,300.5823786966213,5.705721855163574,620.3176213033787,67.35993281609063,1,0,0
2023-12-01,920.2,920.9,300.5908352175646,5.705749988555908,619.6091647824355,67.33418439278803,0,0,1
2023-12-02,921.62,920.2,300.5415327506673,5.705585956573486,621.0784672493328,67.38986428781197,1,0,0
2023-12-03,926.37,921.62,300.5916952160727,5.705752849578857,625.7783047839273,67.55165914094016,1,0,0
2023-12-04,926.56,926.37,300.56618297321825,5.705667972564697,625.9938170267817,67.56106642060759,1,0,0
2023-12-05,929.33,926.56,300.398830507207,5.705111026763916,628.9311694927931,67.6757631296518,1,0,0
2023-12-06,923.73,929.33,300.46988660669314,5.705347537994385,623.2601133933069,67.4721091004197,0,0,1
2023-12-07,926.51,923.73,300.60387879260503,5.705793380737305,625.906121207395,67.5552472404394,1,0,0
2023-12-08,930.56,926.51,300.6335514505619,5.705892086029053,629.926448549438,67.6932651897178,1,0,0
2023-12-09,930.67,930.56,300.6936224623511,5.70609188079834,629.9763775376489,67.69062906697852,1,0,0
2023-12-10,934.68,930.67,300.7188587343592,5.706175804138184,633.9611412656408,67.82654397929139,1,0,0
2023-12-11,932.56,934.68,300.69993133180026,5.706112861633301,631.8600686681997,67.75543328774553,0,0,1
2023-12-12,937.53,932.56,300.7175681917942,5.70617151260376,636.8124318082057,67.92448580932938,1,0,0
2023-12-13,934.85,937.53,300.8172430579919,5.706502914428711,634.0327569420081,67.82187056126737,0,0,1
2023-12-14,937.3,934.85,300.7775125694373,5.706370830535889,636.5224874305627,67.91021950608798,1,0,0
2023-12-15,934.39,937.3,300.68401602901304,5.70605993270874,633.705983970987,67.82028745716318,0,0,1
2023-12-16,936.32,934.39,300.75270160509297,5.7062883377075195,635.5672983949071,67.87928255242942,1,0,0
2023-12-17,939.82,936.32,300.77536124871585,5.706363677978516,639.0446387512842,67.99649281259009,1,0,0
2023-12-18,942.78,939.82,300.7681902907749,5.7063398361206055,642.0118097092251,68.09773326854888,1,0,0
2023-12-19,941.28,942.78,300.73262486633615,5.706221580505371,640.5473751336638,68.05067303391805,0,0,1
2023-12-20,939.97,941.28,300.7909945296523,5.70641565322876,639.1790054703476,67.99993675014602,0,0,1
2023-12-21,945.07,939.97,300.64989416505836,5.705946445465088,644.4201058349418,68.18755286221568,1,0,0
2023-12-22,935.97,945.07,300.61505945027255,5.7058305740356445,635.3549405497274,67.88197704517532,0,0,1
2023-12-23,939.12,935.97,300.79472368916805,5.706428050994873,638.3252763108319,67.97057631727914,1,0,0
2023-12-24,946.05,939.12,300.84937552202734,5.706609725952148,645.2006244779726,68.19942122276547,1,0,0
2023-12-25,945.14,946.05,300.76675611970285,5.706335067749023,644.3732438802972,68.17754447809818,0,0,1
2023-12-26,947.8,945.14,300.80031751512973,5.706446647644043,646.9996824848702,68.26331319739081,1,0,0
2023-12-27,947.24,947.8,300.9242689586493,5.7068586349487305,646.3157310413508,68.23146520853751,0,0,1
2023-12-28,949.66,947.24,300.80246901435294,5.706453800201416,648.857530985647,68.3252459812614,1,0,0
2023-12-29,946.7,949.66,300.719719099146,5.706178665161133,645.980280900854,68.23495097716848,0,0,1
2023-12-30,951.63,946.7,300.7647482916909,5.706328392028809,650.8652517083091,68.39478071396542,1,0,0
2023-12-31,952.83,951.63,300.764461460212,5.706327438354492,652.0655385397881,68.43461462588165,1,0,0
2024-01-01,971.4,952.83,300.81609553346607,5.706499099731445,670.5839044665339,69.03272642233209,1,0,0
2024-01-02,991.67,971.4,291.33971010367105,5.674489974975586,700.3302898963288,70.62130445574928,1,0,0
2024-01-03,1004.31,991.67,297.91503790861924,5.696808338165283,706.3949620913806,70.33634655548393,1,0,0
2024-01-04,1022.27,1004.31,299.219981679145,5.701179027557373,723.050018320855,70.72984811457394,1,0,0
2024-01-05,1034.54,1022.27,300.02734915120436,5.703873634338379,734.5126508487956,70.99896097287642,1,0,0
2024-01-06,1055.46,1034.54,300.6569189381413,5.70596981048584,754.8030810618587,71.51413422222146,1,0,0
2024-01-07,1074.38,1055.46,301.03535216612823,5.70722770690918,773.3446478338719,71.98055137231444,1,0,0
2024-01-08,1096.3,1074.38,301.30303869687395,5.70811653137207,794.996961303126,72.51636972572526,1,0,0
2024-01-09,1108.68,1096.3,301.42317283740596,5.708515167236328,807.2568271625942,72.81242803717882,1,0,0
2024-01-10,1131.27,1108.68,301.61295585351354,5.709144592285156,829.6570441464864,73.33855261312388,1,0,0
2024-01-11,1146.42,1131.27,301.75767374752866,5.709624290466309,844.6623262524714,73.67826156665718,1,0,0
2024-01-12,1163.67,1146.42,301.73278193025146,5.7095417976379395,861.9372180697486,74.07058857491802,1,0,0
2024-01-13,1183.03,1163.67,301.8237261513238,5.709843158721924,881.2062738486761,74.48722972779018,1,0,0
2024-01-14,1198.59,1183.03,302.0382442926203,5.7105536460876465,896.5517557073797,74.80053693985263,1,0,0
2024-01-15,1216.29,1198.59,301.9986405483296,5.710422515869141,914.2913594516704,75.17050698860226,1,0,0
2024-01-16,1229.39,1216.29,301.97387284616843,5.71034049987793,927.4161271538317,75.43709702810594,1,0,0
2024-01-17,1252.64,1229.39,301.9865444400046,5.710382461547852,950.6534555599956,75.89199255652026,1,0,0
2024-01-18,1269.6,1252.64,301.93816485142736,5.710222244262695,967.6618351485725,76.21785090962292,1,0,0
2024-01-19,1287.29,1269.6,302.01592154356297,5.710479736328125,985.274078456437,76.5386259860977,1,0,0
2024-01-20,1308.78,1287.29,301.9548664523636,5.710277557373047,1006.8251335476364,76.92852378150923,1,0,0
2024-01-21,1327.62,1308.78,302.04847010284243,5.710587501525879,1025.5715298971575,77.24887617670399,1,0,0
2024-01-22,1343.79,1327.62,302.104070002092,5.710771560668945,1041.685929997908,77.51850586757664,1,0,0
2024-01-23,1364.78,1343.79,302.02024194687766,5.710494041442871,1062.7597580531224,77.8704082748225,1,0,0
2024-01-24,1380.95,1364.78,301.89886214276896,5.710092067718506,1079.051137857231,78.13832056607632,1,0,0
2024-01-25,1395.19,1380.95,301.88576237679524,5.710048675537109,1093.3042376232047,78.36239061512802,1,0,0
2024-01-26,1412.32,1395.19,301.84445145343375,5.709911823272705,1110.4755485465662,78.62775777065865,1,0,0
2024-01-27,1433.49,1412.32,301.85092840219386,5.709933280944824,1131.6390715978062,78.94293448840286,1,0,0
2024-01-28,1452.5,1433.49,301.92736689427494,5.71018648147583,1150.5726331057251,79.21326217595353,1,0,0
2024-01-29,1456.08,1452.5,301.82387007212594,5.709843635559082,1154.256129927874,79.27147752375379,1,0,0
2024-01-30,1456.0,1456.08,301.76170267402983,5.709637641906738,1154.23829732597,79.27460833282761,0,0,1
2024-01-31,1449.28,1456.0,301.66200255121663,5.7093071937561035,1147.6179974487834,79.18538843072308,0,0,1
2024-02-01,1452.01,1449.28,301.48239531943915,5.708711624145508,1150.527604680561,79.23689263025467,1,0,0
2024-02-02,1456.2,1452.01,301.3398210979388,5.70823860168457,1154.8601789020613,79.3064262396691,1,0,0
2024-02-03,1458.76,1456.2,301.26022733818934,5.707974433898926,1157.4997726618108,79.34819796689042,1,0,0
2024-02-04,1459.02,1458.76,301.2036337387349,5.707786560058594,1157.816366261265,79.35575703288954,1,0,0
2024-02-05,1455.46,1459.02,301.076695919365,5.707365036010742,1154.383304080635,79.31398348842532,0,0,1
2024-02-06,1451.08,1455.46,300.9564128548948,5.706965446472168,1150.1235871451051,79.25983316875053,0,0,1
2024-02-07,1453.01,1451.08,300.8295792231122,5.706543922424316,1152.1804207768878,79.2961108854645,1,0,0
2024-02-08,1459.39,1453.01,300.7035159756845,5.706124782562256,1158.6864840243156,79.39525993903723,1,0,0
2024-02-09,1460.51,1459.39,300.5868219237262,5.7057366371154785,1159.9231780762739,79.41905074777125,1,0,0
2024-02-10,1455.02,1460.51,300.65089769402124,5.705949783325195,1154.3691023059787,79.33699208986673,0,0,1
2024-02-11,1460.85,1455.02,300.6305410474194,5.7058820724487305,1160.2194589525805,79.42084806465965,1,0,0
2024-02-12,1464.24,1460.85,300.383217608564,5.705059051513672,1163.856782391436,79.48538370700403,1,0,0
2024-02-13,1457.24,1464.24,300.3630223104176,5.704991817474365,1156.8769776895824,79.38822552836749,0,0,1
2024-02-14,1467.96,1457.24,300.3611604009386,5.704985618591309,1167.5988395990614,79.53887296650191,1,0,0
2024-02-15,1462.28,1467.96,300.2958576476925,5.704768180847168,1161.9841423523076,79.4638607074095,0,0,1
2024-02-16,1470.28,1462.28,300.2915619117167,5.704753875732422,1169.9884380882831,79.5758928971545,1,0,0
2024-02-17,1463.23,1470.28,300.33094179173537,5.704885005950928,1162.8990582082647,79.4747960476661,0,0,1
2024-02-18,1461.88,1463.23,300.386082299821,5.705068588256836,1161.493917700179,79.45206978002155,0,0,1
2024-02-19,1465.2,1461.88,300.2486079315937,5.704610824584961,1164.9513920684062,79.50801201668074,1,0,0
2024-02-20,1467.61,1465.2,300.1661535123581,5.704336166381836,1167.4438464876418,79.54728071406177,1,0,0
2024-02-21,1467.14,1467.61,300.2287080037667,5.704544544219971,1166.9112919962333,79.5364649587792,0,0,1
2024-02-22,1468.72,1467.14,300.30101261197956,5.704785346984863,1168.4189873880205,79.55355597990226,1,0,0
2024-02-23,1471.97,1468.72,300.2858343593385,5.704734802246094,1171.6841656406616,79.59973135598291,1,0,0
2024-02-24,1470.56,1471.97,300.1727375818459,5.704358100891113,1170.387262418154,79.58786193138356,0,0,1
2024-02-25,1471.84,1470.56,300.09359518298896,5.704094409942627,1171.746404817011,79.6109906523135,1,0,0
2024-02-26,1465.4,1471.84,300.19878901201685,5.704444885253906,1165.2012109879834,79.51420847468154,0,0,1
2024-02-27,1475.5,1465.4,300.3481273577502,5.704942226409912,1175.1518726422498,79.64431532648254,1,0,0
2024-02-28,1474.2,1475.5,300.2403042042288,5.704583168029785,1173.9596957957713,79.63367899849214,0,0,1
2024-02-29,1482.54,1474.2,300.1813257156091,5.7043867111206055,1182.3586742843909,79.75222754761361,1,0,0
2024-03-01,1472.07,1482.54,300.20995460277913,5.704482078552246,1171.8600453972208,79.60627180753774,0,0,1
2024-03-02,1469.04,1472.07,300.1986458661135,5.704444408416748,1168.8413541338864,79.56497809003747,0,0,1
2024-03-03,1480.61,1469.04,300.2420221979452,5.704588890075684,1180.3679778020546,79.72173481214193,1,0,0
2024-03-04,1480.23,1480.61,300.2348639556465,5.704565048217773,1179.9951360443536,79.71701262941257,0,0,1
2024-03-05,1475.03,1480.23,300.1724513149521,5.704357147216797,1174.8575486850477,79.64973923818822,0,0,1
2024-03-06,1473.53,1475.03,300.1750277268247,5.7043657302856445,1173.3549722731752,79.62884856590468,0,0,1
2024-03-07,1487.98,1473.53,300.27380685492886,5.704694747924805,1187.7061931450712,79.82003744304836,1,0,0
2024-03-08,1488.25,1487.98,300.30273095307325,5.704791069030762,1187.9472690469267,79.82175501743167,1,0,0
2024-03-09,1471.72,1488.25,300.2952848793453,5.704766273498535,1171.4247151206548,79.59562383610027,0,0,1
2024-03-10,1481.57,1471.72,300.257198236056,5.704639434814453,1181.312801763944,79.73385002152743,1,0,0
2024-03-11,1491.84,1481.57,300.1209277210681,5.704185485839844,1191.719072278932,79.88249894619611,1,0,0
2024-03-12,1483.12,1491.84,300.17574340071377,5.7043681144714355,1182.944256599286,79.76052218291751,0,0,1
2024-03-13,1483.88,1483.12,300.22627429016393,5.704536437988281,1183.6537257098362,79.76748293054938,1,0,0
2024-03-14,1485.62,1483.88,300.164292823242,5.704329967498779,1185.4557071767579,79.79535191884587,1,0,0
2024-03-15,1482.7,1485.62,300.12922814684504,5.7042131423950195,1182.570771853155,79.7579262057837,0,0,1
2024-03-16,1480.91,1482.7,300.0435158400585,5.703927516937256,1180.8664841599416,79.7392470953631,0,0,1
2024-03-17,1494.05,1480.91,300.1326628729365,5.704224586486816,1193.9173371270635,79.91147131133921,1,0,0
2024-03-18,1481.93,1494.05,300.23414814080326,5.704562664031982,1181.6958518591969,79.74032861600729,0,0,1
2024-03-19,1492.09,1481.93,300.22971012686673,5.704547882080078,1191.8602898731333,79.87857903163572,1,0,0
2024-03-20,1495.77,1492.09,300.16830047567066,5.704343318939209,1195.6016995243294,79.93218874053694,1,0,0
2024-03-21,1486.12,1495.77,300.2607776021191,5.704651355743408,1185.8592223978808,79.79565730882304,0,0,1
2024-03-22,1489.3,1486.12,300.1963555409434,5.704436779022217,1189.1036444590566,79.8431239145274,1,0,0
2024-03-23,1499.7,1489.3,300.1975007013442,5.704440593719482,1199.502499298656,79.98282985254757,1,0,0
2024-03-24,1497.47,1499.7,300.1962123962004,5.704436302185059,1197.2737876037995,79.95310674696653,0,0,1
2024-03-25,1493.13,1497.47,300.23672508222614,5.70457124710083,1192.8932749177739,79.8921242569484,0,0,1
2024-03-26,1502.12,1493.13,300.17101998457815,5.704352378845215,1201.9489800154217,80.01684153166337,1,0,0
2024-03-27,1502.96,1502.12,300.0865835718235,5.704071044921875,1202.8734164281766,80.0336280691553,1,0,0
2024-03-28,1499.57,1502.96,300.0789997686668,5.70404577255249,1199.4910002313331,79.9889968611891,0,0,1
2024-03-29,1495.13,1499.57,300.1806100284108,5.7043843269348145,1194.9493899715894,79.92277527516599,0,0,1
2024-03-30,1498.14,1495.13,300.16915926529543,5.704346179962158,1197.9708407347048,79.96387792427308,1,0,0
2024-03-31,1502.11,1498.14,300.1169207011297,5.704172134399414,1201.9930792988703,80.02031005045372,1,0,0
2024-04-01,1500.79,1502.11,300.169731793077,5.704348087310791,1200.620268206923,79.99921829216099,0,0,1
2024-04-02,1506.69,1500.79,300.0951692406654,5.704099655151367,1206.5948307593346,80.08248748975134,1,0,0
2024-04-03,1496.38,1506.69,300.1194966363771,5.704180717468262,1196.260503363623,79.94363085336765,0,0,1
2024-04-04,1497.36,1496.38,300.16386343508395,5.704328536987305,1197.1961365649158,79.95379444922503,1,0,0
2024-04-05,1505.73,1497.36,300.1336646754508,5.704227924346924,1205.5963353245493,80.06723219465304,1,0,0
2024-04-06,1503.52,1505.73,300.1340940204091,5.704229354858398,1203.385905979591,80.0379047820841,0,0,1
2024-04-07,1503.72,1503.52,300.18948467027474,5.704413890838623,1203.5305153297254,80.03687623558412,1,0,0
2024-04-08,1499.38,1503.72,300.1391030903045,5.7042460441589355,1199.2408969096955,79.98245254102999,0,0,1
2024-04-09,1508.29,1499.38,300.1502664611092,5.704283237457275,1208.1397335388908,80.09996310649085,1,0,0
2024-04-10,1508.78,1508.29,300.05524796501317,5.7039666175842285,1208.7247520349868,80.1127236598435,1,0,0
2024-04-11,1512.8,1508.78,300.1326628729365,5.704224586486816,1212.6673371270635,80.16045327386723,1,0,0
2024-04-12,1510.97,1512.8,300.09688640391056,5.704105377197266,1210.8731135960895,80.13879253698548,0,0,1
2024-04-13,1510.87,1510.97,300.12808324688285,5.704209327697754,1210.741916753117,80.13541315620253,0,0,1
2024-04-14,1517.63,1510.87,300.17331011645257,5.704360008239746,1217.4566898835476,80.22091615766344,1,0,0
2024-04-15,1507.16,1517.63,300.13065927793957,5.704217910766602,1207.0293407220606,80.08634389992174,0,0,1
2024-04-16,1516.37,1507.16,300.1479765050432,5.704275608062744,1216.2220234949568,80.20615176341902,1,0,0
2024-04-17,1507.16,1516.37,300.11448789369706,5.704164028167725,1207.045512106303,80.08741687055807,0,0,1
2024-04-18,1511.76,1507.16,300.05624950912687,5.703969955444336,1211.703750490873,80.1518594546008,1,0,0
2024-04-19,1510.88,1511.76,300.09760189149597,5.704107761383057,1210.7823981085041,80.13756209020598,0,0,1
2024-04-20,1520.77,1510.88,300.12736768662427,5.704206943511963,1220.6426323133758,80.26477589072482,1,0,0
2024-04-21,1517.73,1520.77,300.0064625067297,5.703804016113281,1217.7235374932702,80.23321259336446,0,0,1
2024-04-22,1518.79,1517.73,300.0276352797179,5.703874588012695,1218.762364720282,80.24561425347034,1,0,0
2024-04-23,1514.63,1518.79,300.01590423441604,5.703835487365723,1214.6140957655841,80.1921324525187,0,0,1
2024-04-24,1519.12,1514.63,300.08085992905956,5.704051971435547,1219.0391400709404,80.24640186890704,1,0,0
2024-04-25,1517.83,1519.12,300.04566192619495,5.703934669494629,1217.784338073805,80.23193230294598,0,0,1
2024-04-26,1523.88,1517.83,300.1644359527645,5.7043304443359375,1223.7155640472356,80.30261989442971,1,0,0
2024-04-27,1518.42,1523.88,300.10876371870546,5.7041449546813965,1218.3112362812947,80.23545766528989,0,0,1
2024-04-28,1529.85,1518.42,300.0223419463885,5.703856945037842,1229.8276580536115,80.38877393558921,1,0,0
2024-04-29,1516.93,1529.85,300.0021709105549,5.703789710998535,1216.9278290894451,80.22307087930525,0,0,1
2024-04-30,1521.72,1516.93,300.15398767697894,5.704295635223389,1221.5660123230211,80.27534712844815,1,0,0
2024-05-01,1533.91,1521.72,300.06540663888916,5.704000473022461,1233.844593361111,80.4378740187567,1,0,0
2024-05-02,1525.06,1533.91,300.06097111926294,5.703985691070557,1224.9990288807371,80.32464485861128,0,0,1
2024-05-03,1521.84,1525.06,300.04737880615613,5.703940391540527,1221.7926211938438,80.28390771656967,0,0,1
2024-05-04,1529.69,1521.84,299.91048847369024,5.703484058380127,1229.7795115263098,80.39403483884381,1,0,0
2024-05-05,1527.33,1529.69,299.92035622011014,5.703516960144043,1227.4096437798898,80.36309401241971,0,0,1
2024-05-06,1526.49,1527.33,299.9192121169296,5.703513145446777,1226.5707878830704,80.35236312606504,0,0,1
2024-05-07,1526.11,1526.49,299.9877229880219,5.703741550445557,1226.122277011978,80.34298163382574,0,0,1
2024-05-08,1544.69,1526.11,299.99072695422194,5.703751564025879,1244.6992730457782,80.57922774445217,1,0,0
2024-05-09,1531.63,1544.69,299.9698428592309,5.703681945800781,1231.6601571407691,80.41499299052441,0,0,1
2024-05-10,1524.75,1531.63,300.0571079781708,5.703972816467285,1224.6928920218293,80.32089798470761,0,0,1
2024-05-11,1541.3,1524.75,300.0080361073759,5.7038092613220215,1241.2919638926242,80.53538985873122,1,0,0
2024-05-12,1538.06,1541.3,299.9827164445335,5.7037248611450195,1238.0772835554665,80.4960328956911,0,0,1
2024-05-13,1532.53,1538.06,299.8744525056381,5.70336389541626,1232.6555474943618,80.43271893498736,0,0,1
2024-05-14,1532.58,1532.53,300.0220558229231,5.703855991363525,1232.557944177077,80.42372627706723,1,0,0
2024-05-15,1540.81,1532.58,299.8640143237433,5.703329086303711,1240.9459856762567,80.5385469769963,1,0,0
2024-05-16,1537.38,1540.81,299.77766303146234,5.703041076660156,1237.6023369685377,80.50074392593488,0,0,1
2024-05-17,1530.45,1537.38,299.85157477328534,5.703287601470947,1230.5984252267147,80.40762032256622,0,0,1
2024-05-18,1548.42,1530.45,299.9322265481463,5.703556537628174,1248.4877734518539,80.62978865242336,1,0,0
2024-05-19,1538.98,1548.42,299.9180680181134,5.703509330749512,1239.0619319818866,80.51189307085775,0,0,1
2024-05-20,1548.72,1538.98,299.93837642090864,5.703577041625977,1248.7816235790915,80.63314373024765,1,0,0
2024-05-21,1548.54,1548.72,299.8025365157547,5.703124046325684,1248.7374634842454,80.63966468313673,0,0,1
2024-05-22,1538.81,1548.54,299.8307003654849,5.70321798324585,1238.979299634515,80.51541773412669,0,0,1
2024-05-23,1549.05,1538.81,299.8878939873621,5.703408718109131,1249.1621060126379,80.64052845373861,1,0,0
2024-05-24,1542.06,1549.05,299.8145451433727,5.703164100646973,1242.2454548566272,80.55753050183698,0,0,1
2024-05-25,1537.24,1542.06,299.7224912892819,5.70285701751709,1237.5175087107182,80.50255709653133,0,0,1
2024-05-26,1544.75,1537.24,299.7899565646154,5.703082084655762,1244.9600434353847,80.59297902154943,1,0,0
2024-05-27,1549.39,1544.75,299.8066822971157,5.7031378746032715,1249.5833177028844,80.65001824607647,1,0,0
2024-05-28,1546.21,1549.39,299.8497160342,5.703281402587891,1246.3602839658001,80.60743909079622,0,0,1
2024-05-29,1547.75,1546.21,299.84385393255747,5.703261852264404,1247.9061460674425,80.627113297848,1,0,0
2024-05-30,1555.32,1547.75,299.7479319190663,5.70294189453125,1255.5720680809336,80.72757169463091,1,0,0
2024-05-31,1551.32,1555.32,299.70248332218785,5.702790260314941,1251.617516677812,80.6808083875546,0,0,1
2024-06-01,1547.71,1551.32,299.8041090467637,5.703129291534424,1247.9058909532364,80.62918059282659,0,0,1
2024-06-02,1555.73,1547.71,299.78023605482537,5.703049659729004,1255.9497639451747,80.73057432492621,1,0,0
2024-06-03,1554.2,1555.73,299.75550735524826,5.702967166900635,1254.4444926447518,80.71319602655718,0,0,1
2024-06-04,1542.34,1554.2,299.76694233849446,5.703005313873291,1242.5730576615056,80.56414653458418,0,0,1
2024-06-05,1556.92,1542.34,299.7213479408947,5.702853202819824,1257.1986520591054,80.7490848636478,1,0,0
2024-06-06,1557.57,1556.92,299.79881965706727,5.70311164855957,1257.7711803429327,80.75214470893332,1,0,0
2024-06-07,1556.65,1557.57,299.7567937690871,5.702971458435059,1256.893206230913,80.74346874576256,0,0,1
2024-06-08,1561.54,1556.65,299.7013400501248,5.702786445617676,1261.8386599498751,80.80732225558585,1,0,0
2024-06-09,1555.05,1561.54,299.72120502265295,5.702852725982666,1255.3287949773471,80.72594418040238,0,0,1
2024-06-10,1560.59,1555.05,299.6936230777721,5.702760696411133,1260.8963769222278,80.79613331638853,1,0,0
2024-06-11,1552.5,1560.59,299.7342108617235,5.7028961181640625,1252.7657891382764,80.6934485757344,0,0,1
2024-06-12,1562.56,1552.5,299.70677063126664,5.7028045654296875,1262.8532293687333,80.81950321067565,1,0,0
2024-06-13,1570.62,1562.56,299.63503773199136,5.7025651931762695,1270.9849622680085,80.92249953954544,1,0,0
2024-06-14,1557.63,1570.62,299.64761118234134,5.702607154846191,1257.9823888176588,80.76259373648804,0,0,1
2024-06-15,1559.55,1557.63,299.7663705789721,5.703003406524658,1259.7836294210279,80.77866239755237,1,0,0
2024-06-16,1560.6,1559.55,299.6004634638581,5.702449798583984,1260.999536536142,80.80222584494054,1,0,0
2024-06-17,1565.36,1560.6,299.61889305240635,5.702511310577393,1265.7411069475936,80.85942575175,1,0,0
2024-06-18,1560.58,1565.36,299.5180442170054,5.702174663543701,1261.0619557829946,80.80726113259139,0,0,1
2024-06-19,1568.37,1560.58,299.6141783985907,5.702495574951172,1268.7558216014093,80.89646075871187,1,0,0
2024-06-20,1571.19,1568.37,299.64446777029093,5.702596664428711,1271.5455322297091,80.92882033552333,1,0,0
2024-06-21,1570.55,1571.19,299.6011777678776,5.702452182769775,1270.9488222321224,80.92380517857582,0,0,1
2024-06-22,1560.53,1570.55,299.56875008178497,5.702343940734863,1260.961249918215,80.80339691759946,0,0,1
2024-06-23,1574.36,1560.53,299.6691873095208,5.70267915725708,1274.690812690479,80.96565033985107,1,0,0
2024-06-24,1574.91,1574.36,299.59274908896396,5.702424049377441,1275.3172509110361,80.9771511331464,1,0,0
2024-06-25,1575.22,1574.91,299.50590464971447,5.702134132385254,1275.7140953502856,80.98640795255808,1,0,0
2024-06-26,1573.89,1575.22,299.58074934505845,5.702383995056152,1274.3092506549417,80.96558531123151,0,0,1
2024-06-27,1573.99,1573.89,299.49833552150454,5.702108860015869,1274.4916644784955,80.97203060238601,1,0,0
2024-06-28,1578.64,1573.99,299.50004926963,5.702114582061768,1279.1399507303702,81.02797032447994,1,0,0
2024-06-29,1583.68,1578.64,299.57560674480374,5.702366828918457,1284.1043932551963,81.08357706450775,1,0,0
2024-06-30,1570.91,1583.68,299.48548272312996,5.702065944671631,1271.4245172768701,80.93554164636231,0,0,1
2024-07-01,1581.33,1570.91,299.41737209964657,5.701838493347168,1281.9126279003533,81.06547196981992,1,0,0
2024-07-02,1576.64,1581.33,299.41951370723797,5.701845645904541,1277.2204862927622,81.00901196803089,0,0,1
2024-07-03,1577.26,1576.64,299.4066642914561,5.701802730560303,1277.853335708544,81.01729174064795,1,0,0
2024-07-04,1571.41,1577.26,299.37953955785224,5.701712131500244,1272.0304604421478,80.94834959954103,0,0,1
2024-07-05,1578.16,1571.41,299.4636342317346,5.701992988586426,1278.6963657682654,81.02450738634012,1,0,0
2024-07-06,1575.6,1578.16,299.41337447312645,5.701825141906738,1276.1866255268735,80.99686630660533,0,0,1
2024-07-07,1578.95,1575.6,299.41851428845575,5.701842308044434,1279.5314857115443,81.03685903363274,1,0,0
2024-07-08,1576.76,1578.95,299.40452277577054,5.70179557800293,1277.3554772242294,81.01140802812282,0,0,1
2024-07-09,1580.66,1576.76,299.3885332761392,5.701742172241211,1281.2714667238608,81.05927060366307,1,0,0
2024-07-10,1581.68,1580.66,299.28305253431984,5.701389789581299,1282.3969474656801,81.07815408083052,1,0,0
2024-07-11,1584.89,1581.68,299.26778303087144,5.701338768005371,1285.6222169691287,81.11744139777073,1,0,0
2024-07-12,1577.57,1584.89,299.3008917259975,5.701449394226074,1278.2691082740025,81.02772671095435,0,0,1
2024-07-13,1579.19,1577.57,299.3468503814931,5.701602935791016,1279.843149618507,81.044279004965,1,0,0
2024-07-14,1588.61,1579.19,299.3364305646404,5.701568126678467,1289.2735694353596,81.15733688163613,1,0,0
2024-07-15,1583.91,1588.61,299.30802770039753,5.701473236083984,1284.6019722996025,81.10321749970657,0,0,1
2024-07-16,1593.65,1583.91,299.3469931212286,5.701603412628174,1294.3030068787716,81.21626498156881,1,0,0
2024-07-17,1590.42,1593.65,299.2328230832064,5.701221942901611,1291.1871769167938,81.18529551419081,0,0,1
2024-07-18,1593.06,1590.42,299.18845123606036,5.70107364654541,1293.8715487639397,81.21926033946868,1,0,0
2024-07-19,1597.72,1593.06,299.3066004919067,5.701468467712402,1298.4133995080933,81.26664243472531,1,0,0
2024-07-20,1590.32,1597.72,299.3017480339424,5.701452255249023,1291.0182519660575,81.17977840724242,0,0,1
2024-07-21,1589.88,1590.32,299.2693527569794,5.701344013214111,1290.6106472430206,81.17660749509527,0,0,1
2024-07-22,1597.61,1589.88,299.3822519206276,5.70172119140625,1298.2277480793723,81.26061730205572,1,0,0
2024-07-23,1596.7,1597.61,299.367833853017,5.7016730308532715,1297.3321661469831,81.25084024218594,0,0,1
2024-07-24,1594.19,1596.7,299.1674803379315,5.701003551483154,1295.0225196620686,81.23388803480567,0,0,1
2024-07-25,1602.56,1594.19,299.30431697247667,5.701460838317871,1303.2556830275232,81.32336280872624,1,0,0
2024-07-26,1595.7,1602.56,299.1499343894284,5.700944900512695,1296.5500656105717,81.25274585514643,0,0,1
2024-07-27,1597.7,1595.7,299.11826869686985,5.700839042663574,1298.5817313031303,81.27819561263881,1,0,0
2024-07-28,1598.46,1597.7,299.2034313490083,5.7011237144470215,1299.2565686509918,81.28176924358394,1,0,0
2024-07-29,1594.7,1598.46,299.14736677596477,5.700936317443848,1295.5526332240352,81.24115088882141,0,0,1
2024-07-30,1600.37,1594.7,299.2475200330051,5.701271057128906,1301.122479966995,81.30135405981085,1,0,0
2024-07-31,1606.7,1600.37,299.2512300567664,5.7012834548950195,1307.4487699432336,81.37479118337173,1,0,0
2024-08-01,1601.81,1606.7,299.0831836012028,5.700721740722656,1302.7268163987972,81.32842324612764,0,0,1
2024-08-02,1599.49,1601.81,299.1657684927753,5.700997829437256,1300.3242315072248,81.29617762581978,0,0,1
2024-08-03,1598.24,1599.49,299.12939409877026,5.700876235961914,1299.1106059012297,81.2838250764109,0,0,1
2024-08-04,1600.27,1598.24,299.19173252998337,5.701084613800049,1301.0782674700167,81.30367172227291,1,0,0
2024-08-05,1601.95,1600.27,299.2112783741722,5.701149940490723,1302.7387216258278,81.32205884240005,1,0,0
2024-08-06,1600.95,1601.95,299.0031878611731,5.700454235076904,1301.946812138827,81.32338999586663,0,0,1
2024-08-07,1596.11,1600.95,299.0901717676332,5.700745105743408,1297.0198282323668,81.2613058142839,0,0,1
2024-08-08,1598.92,1596.11,299.09530603477276,5.7007622718811035,1299.8246939652272,81.29391676664419,1,0,0
2024-08-09,1599.34,1598.92,299.04924340099944,5.700608253479004,1300.2907565990004,81.30170924250005,1,0,0
2024-08-10,1591.89,1599.34,298.95172241611306,5.700282096862793,1292.9382775838872,81.22032788596492,0,0,1
2024-08-11,1597.19,1591.89,298.98151712030227,5.700381755828857,1298.2084828796978,81.28077954906415,1,0,0
2024-08-12,1585.7,1597.19,299.05551776964097,5.700629234313965,1286.644482230359,81.14047311788856,0,0,1
2024-08-13,1598.03,1585.7,299.0453932854164,5.700595378875732,1298.9846067145836,81.28662207308896,1,0,0
2024-08-14,1598.56,1598.03,299.03284510460486,5.7005534172058105,1299.5271548953951,81.29361143125033,1,0,0
2024-08-15,1598.64,1598.56,298.9682588230607,5.7003374099731445,1299.6717411769393,81.29858762303829,1,0,0
2024-08-16,1592.85,1598.64,299.00775032255444,5.700469493865967,1293.8422496774456,81.22812880543965,0,0,1
2024-08-17,1595.89,1592.85,299.00347301296983,5.700455188751221,1296.8865269870303,81.26415523545045,1,0,0
2024-08-18,1600.89,1595.89,298.99506114928204,5.700427055358887,1301.894938850718,81.32319764947735,1,0,0
2024-08-19,1600.51,1600.89,298.93376149316856,5.700222015380859,1301.5762385068315,81.32259333005301,0,0,1
2024-08-20,1593.28,1600.51,298.9173695291978,5.700167179107666,1294.3626304708023,81.23886764854905,0,0,1
2024-08-21,1593.76,1593.28,299.09359460260004,5.700756549835205,1294.6664053974,81.23346083459242,1,0,0
2024-08-22,1598.07,1593.76,299.01345349718173,5.700488567352295,1299.0565465028183,81.28908912017735,1,0,0
2024-08-23,1585.26,1598.07,299.04510809364143,5.700594425201416,1286.2148919063586,81.13589517847916,0,0,1
2024-08-24,1590.56,1585.26,298.98251508044666,5.700385093688965,1291.5774849195532,81.20268867062879,1,0,0
2024-08-25,1598.15,1590.56,298.9259217460791,5.700195789337158,1299.224078253921,81.29550281600108,1,0,0
2024-08-26,1596.1,1598.15,298.8867260945668,5.700064659118652,1297.2132739054332,81.2739348352505,0,0,1
2024-08-27,1592.88,1596.1,299.01502188927475,5.700493812561035,1293.8649781107254,81.2280258469392,0,0,1
2024-08-28,1583.6,1592.88,298.9716802628366,5.700348854064941,1284.6283197371633,81.1207577505155,0,0,1
2024-08-29,1590.22,1583.6,298.95072455875015,5.7002787590026855,1291.2692754412499,81.20066880313729,1,0,0
2024-08-30,1587.32,1590.22,298.9550011137566,5.700293064117432,1288.3649988862433,81.16605340361384,0,0,1
2024-08-31,1591.38,1587.32,299.0081780568782,5.700470924377441,1292.3718219431219,81.21076185091692,1,0,0
2024-09-01,1585.61,1591.38,299.07619559804914,5.700698375701904,1286.5338044019509,81.13809854894653,0,0,1
2024-09-02,1584.25,1585.61,298.9215030701393,5.700181007385254,1285.3284969298606,81.131670943971,0,0,1
2024-09-03,1578.97,1584.25,298.8424055685376,5.699916362762451,1280.1275944314625,81.07358559259913,0,0,1
2024-09-04,1594.31,1578.97,298.93347640785385,5.700221061706543,1295.376523592146,81.24997795862448,1,0,0
2024-09-05,1586.25,1594.31,298.8120547880633,5.699814796447754,1287.4379452119367,81.16236061225763,0,0,1
2024-09-06,1588.58,1586.25,298.96013306051816,5.700310230255127,1289.6198669394817,81.18066870661104,1,0,0
2024-09-07,1587.49,1588.58,299.05494736705197,5.700627326965332,1288.435052632948,81.16177441325287,0,0,1
2024-09-08,1582.09,1587.49,298.9276322188173,5.700201511383057,1283.1623677811826,81.10552293366261,0,0,1
2024-09-09,1580.85,1582.09,298.88245051623534,5.700050354003906,1281.9675494837645,81.09356039369735,0,0,1
2024-09-10,1581.73,1580.85,299.0225788028497,5.70051908493042,1282.7074211971503,81.09521986667448,1,0,0
2024-09-11,1582.74,1581.73,298.9579947386614,5.700303077697754,1283.7820052613386,81.11136416981554,1,0,0
2024-09-12,1587.6,1582.74,298.915088979353,5.700159549713135,1288.684911020647,81.17188907915389,1,0,0
2024-09-13,1581.74,1587.6,298.94388219798583,5.700255870819092,1282.7961178020141,81.10031470418741,0,0,1
2024-09-14,1593.5,1581.74,298.95827984735865,5.70030403137207,1294.5417201526413,81.2388905022053,1,0,0
2024-09-15,1589.75,1593.5,299.0348413708771,5.700560092926025,1290.715158629123,81.18981969675251,0,0,1
2024-09-16,1588.38,1589.75,299.01145737368853,5.70048189163208,1289.3685426263116,81.17506784436416,0,0,1
2024-09-17,1583.64,1588.38,298.9826576464535,5.700385570526123,1284.6573423535465,81.12054143325165,0,0,1
2024-09-18,1591.08,1583.64,298.9038290195322,5.700121879577637,1292.1761709804678,81.21377749581842,1,0,0
2024-09-19,1582.52,1591.08,298.92292844233816,5.700185775756836,1283.5970715576618,81.11095414640332,0,0,1
2024-09-20,1583.08,1582.52,298.9031163781197,5.700119495391846,1284.1768836218803,81.11888746127046,1,0,0
2024-09-21,1583.7,1583.08,299.07177470078494,5.70068359375,1284.628225299215,81.1156295573161,1,0,0
2024-09-22,1585.9,1583.7,299.05181017225976,5.700616836547852,1286.8481898277403,81.1430853034706,1,0,0
2024-09-23,1585.26,1585.9,298.9262068241891,5.700196743011475,1286.333793175811,81.1433956055039,0,0,1
2024-09-24,1579.65,1585.26,298.91266591420725,5.700151443481445,1280.7373340857928,81.07728510023061,0,0,1
2024-09-25,1579.05,1579.65,298.87176183798937,5.700014591217041,1280.1782381620105,81.07268535904566,0,0,1
2024-09-26,1584.29,1579.05,299.0029027096483,5.700453281402588,1285.2870972903515,81.1270094042348,1,0,0
2024-09-27,1584.31,1584.29,298.91124059094386,5.700146675109863,1285.398759409056,81.1330332705756,1,0,0
2024-09-28,1578.73,1584.31,298.92805983853106,5.700202941894531,1279.801940161469,81.06528286416733,0,0,1
2024-09-29,1572.74,1578.73,298.9983403222351,5.700438022613525,1273.7416596777648,80.98869868368357,0,0,1
2024-09-30,1578.95,1572.74,298.9012635183989,5.700113296508789,1280.0487364816013,81.06961819447109,1,0,0
2024-10-01,1582.56,1578.95,298.7862661718765,5.699728488922119,1283.7737338281236,81.12006709559977,1,0,0
2024-10-02,1587.83,1582.56,298.8964176318921,5.70009708404541,1288.9335823681079,81.1757922679448,1,0,0
2024-10-03,1573.27,1587.83,298.7770056097754,5.699697494506836,1274.4929943902246,81.00917162281266,0,0,1
2024-10-04,1576.6,1573.27,298.8377031331426,5.6999006271362305,1277.7622968668572,81.04543301197877,1,0,0
2024-10-05,1576.45,1576.6,298.94302691390186,5.700253009796143,1277.5069730860982,81.03694840217567,0,0,1
2024-10-06,1584.38,1576.45,298.9500118055301,5.7002763748168945,1285.42998819447,81.13141974743874,1,0,0
2024-10-07,1577.47,1584.38,298.96198628516555,5.700316429138184,1278.5080137148345,81.04800812153857,0,0,1
2024-10-08,1573.01,1577.47,298.8476780840955,5.699934005737305,1274.1623219159046,81.00153984500446,0,0,1
2024-10-09,1579.62,1573.01,298.86093103396246,5.699978351593018,1280.7590689660374,81.08020086894552,1,0,0
2024-10-10,1574.73,1579.62,298.9173695291978,5.700167179107666,1275.812630470802,81.01786531473981,0,0,1
2024-10-11,1570.53,1574.73,298.941173806781,5.700246810913086,1271.588826193219,80.96558653405022,0,0,1
2024-10-12,1571.77,1570.53,299.01844386421453,5.700505256652832,1272.7515561357854,80.9756870366393,1,0,0
2024-10-13,1583.85,1571.77,298.9182247398753,5.700170040130615,1284.9317752601246,81.12711274805851,1,0,0
2024-10-14,1577.14,1583.85,298.9768124959172,5.700366020202637,1278.163187504083,81.04310254664031,0,0,1
2024-10-15,1575.51,1577.14,299.09387984061544,5.7007575035095215,1276.4161201593845,81.01605957178212,0,0,1
2024-10-16,1573.49,1575.51,298.9644097501153,5.700324535369873,1274.5255902498848,80.99991676145922,0,0,1
2024-10-17,1575.72,1573.49,298.8904316452615,5.700077056884766,1276.8295683547385,81.03150105061422,1,0,0
2024-10-18,1575.34,1575.72,298.9527202768067,5.7002854347229,1276.3872797231932,81.02297153142771,0,0,1
2024-10-19,1575.06,1575.34,299.0090335273614,5.700473785400391,1276.0509664726385,81.01602265771707,0,0,1
2024-10-20,1573.9,1575.06,299.0632183110768,5.700654983520508,1274.8367816889233,80.99858832765254,0,0,1
2024-10-21,1577.13,1573.9,299.0843245151816,5.700725555419922,1278.0456754848185,81.03616540708873,1,0,0
2024-10-22,1572.81,1577.13,299.09473555629376,5.700760364532471,1273.7152644437062,80.98341595257573,0,0,1
2024-10-23,1567.76,1572.81,299.0392617221906,5.70057487487793,1268.7207382778095,80.92569897674448,0,0,1
2024-10-24,1569.15,1567.76,298.9180822045925,5.700169563293457,1270.2319177954075,80.95031818471195,1,0,0
2024-10-25,1562.38,1569.15,298.91836727522616,5.700170516967773,1263.461632724774,80.86775513798014,0,0,1
2024-10-26,1580.94,1562.38,299.08204269157625,5.700717926025391,1281.857957308424,81.08201179731198,1,0,0
2024-10-27,1575.12,1580.94,299.11270615108907,5.700820446014404,1276.0072938489109,81.01016391442627,0,0,1
2024-10-28,1566.81,1575.12,299.065499991063,5.700662612915039,1267.744500008937,80.91245907346372,0,0,1
2024-10-29,1569.07,1566.81,299.1633433955716,5.700989723205566,1269.9066566044285,80.93371593392446,1,0,0
2024-10-30,1567.07,1569.07,299.0421135964244,5.700584411621094,1268.0278864035756,80.91711834210187,0,0,1
2024-10-31,1577.0,1567.07,298.97053977856075,5.700345039367676,1278.0294602214392,81.041817388804,1,0,0
2024-11-01,1562.72,1577.0,299.0185864473536,5.70050573348999,1263.7014135526465,80.86550460432109,0,0,1
2024-11-02,1569.62,1562.72,299.04895820555265,5.7006072998046875,1270.5710417944472,80.94768426717596,1,0,0
2024-11-03,1568.24,1569.62,298.97624224344645,5.700364112854004,1269.2637577565536,80.93555563922318,0,0,1
2024-11-04,1572.31,1568.24,299.11313403555346,5.700821876525879,1273.1968659644465,80.97619845733007,1,0,0
2024-11-05,1567.6,1572.31,299.0737712269411,5.700690269470215,1268.5262287730588,80.921550699991,0,0,1
2024-11-06,1559.49,1567.6,299.0040433173792,5.7004570960998535,1260.4859566826208,80.82680598674058,0,0,1
2024-11-07,1566.25,1559.49,299.025715690991,5.7005295753479,1267.224284309009,80.90817457679228,1,0,0
2024-11-08,1562.53,1566.25,299.04182840777713,5.700583457946777,1263.488171592223,80.86169043744587,0,0,1
2024-11-09,1567.15,1562.53,299.08361144343485,5.700723171234131,1268.0663885565652,80.91544450477396,1,0,0
2024-11-10,1573.19,1567.15,299.0874620510646,5.700736045837402,1274.1025379489354,80.98847170074404,1,0,0
2024-11-11,1557.95,1573.19,299.0647869641973,5.700660228729248,1258.8852130358027,80.8039547505249,0,0,1
2024-11-12,1562.03,1557.95,299.15321526092504,5.700955867767334,1262.876784739075,80.84843343207717,1,0,0
2024-11-13,1562.86,1562.03,299.16705237572415,5.70100212097168,1263.6929476242758,80.85771902948926,1,0,0
2024-11-14,1563.34,1562.86,299.03583950901066,5.700563430786133,1264.3041604909893,80.87198948987357,1,0,0
2024-11-15,1568.28,1563.34,298.95528621959886,5.700294017791748,1269.324713780401,80.93737813275696,1,0,0
2024-11-16,1563.66,1568.28,299.0197271149133,5.700509548187256,1264.6402728850867,80.87693442852581,0,0,1
2024-11-17,1566.1,1563.66,299.1495064523207,5.700943470001221,1266.9504935476793,80.89844157765657,1,0,0
2024-11-18,1560.88,1566.1,299.24980311910724,5.7012786865234375,1261.630196880893,80.82813521096386,0,0,1
2024-11-19,1564.57,1560.88,299.29489763898033,5.70142936706543,1265.2751023610197,80.870469353306,1,0,0
2024-11-20,1566.81,1564.57,299.1844566659431,5.7010602951049805,1267.6255433340568,80.90486678882934,1,0,0
2024-11-21,1559.4,1566.81,299.27591715536704,5.701365947723389,1260.124082844633,80.80826489961734,0,0,1
2024-11-22,1566.16,1559.4,299.303460657182,5.701457977294922,1266.856539342818,80.88934332014723,1,0,0
2024-11-23,1562.42,1566.16,299.15036232714823,5.70094633102417,1263.2696376728518,80.85339650496357,0,0,1
2024-11-24,1566.74,1562.42,299.1038633425311,5.700790882110596,1267.6361366574688,80.90915765586305,1,0,0
2024-11-25,1560.57,1566.74,299.18845123606036,5.70107364654541,1261.3815487639395,80.82825818540275,0,0,1
2024-11-26,1562.97,1560.57,299.26350200151575,5.701324462890625,1263.7064979984843,80.85289532099044,1,0,0
2024-11-27,1560.67,1562.97,299.19515652722754,5.701096057891846,1261.4748434727726,80.82905697378514,0,0,1
2024-11-28,1560.08,1560.67,299.176325027284,5.701033115386963,1260.9036749727159,80.8230138821545,0,0,1
2024-11-29,1561.41,1560.08,299.25593899931766,5.70129919052124,1262.1540610006823,80.83424987675768,1,0,0
2024-11-30,1562.38,1561.41,299.2714933058502,5.701351165771484,1263.10850669415,80.84515333620182,1,0,0
2024-12-01,1553.69,1562.38,299.26778303087144,5.701338768005371,1254.4222169691286,80.73825647131207,0,0,1
2024-12-02,1565.92,1553.69,299.36740560420185,5.701671600341797,1266.5525943957982,80.88233079568549,1,0,0
2024-12-03,1550.18,1565.92,299.27691609817924,5.701369285583496,1250.9030839018208,80.69405384547734,0,0,1
2024-12-04,1555.35,1550.18,299.31573474384743,5.701498985290527,1256.0342652561526,80.75573120237584,1,0,0
2024-12-05,1557.78,1555.35,299.3311494261108,5.701550483703613,1258.448850573889,80.78476104288725,1,0,0
2024-12-06,1559.82,1557.78,299.2797702388726,5.70137882232666,1260.5402297611274,80.81318548044823,1,0,0
2024-12-07,1564.93,1559.82,299.2008632763786,5.701115131378174,1265.7291367236214,80.88087880759021,1,0,0
2024-12-08,1548.56,1564.93,299.2495177323919,5.701277732849121,1249.310482267608,80.67562653481997,0,0,1
2024-12-09,1554.54,1548.56,299.325725651093,5.701532363891602,1255.2142743489069,80.74506119809763,1,0,0
2024-12-10,1546.65,1554.54,299.3996687302577,5.701779365539551,1247.2503312697424,80.64205419905876,0,0,1
2024-12-11,1556.4,1546.65,299.3565568385566,5.701635360717773,1257.0434431614435,80.76609118230812,1,0,0
2024-12-12,1557.19,1556.4,299.32115833783024,5.701517105102539,1257.8688416621699,80.77812223698905,1,0,0
2024-12-13,1563.02,1557.19,299.38353673262446,5.701725482940674,1263.6364632673756,80.84582815750122,1,0,0
2024-12-14,1555.83,1563.02,299.4062359870936,5.701801300048828,1256.4237640129063,80.75585147560507,0,0,1
2024-12-15,1559.8,1555.83,299.4118039915965,5.701819896697998,1260.3881960084034,80.8044746767793,1,0,0
2024-12-16,1557.33,1559.8,299.2983228168622,5.701440811157227,1258.0316771831376,80.78131655995439,0,0,1
2024-12-17,1552.25,1557.33,299.3218719759336,5.70151948928833,1252.9281280240664,80.71690307773017,0,0,1
2024-12-18,1547.38,1552.25,299.4456425532935,5.701932907104492,1247.9343574467066,80.64821552861653,0,0,1
2024-12-19,1554.9,1547.38,299.45106850120277,5.701951026916504,1255.4489314987973,80.74145806796561,1,0,0
2024-12-20,1546.34,1554.9,299.30274706297456,5.701455593109131,1247.0372529370254,80.6444412572284,0,0,1
2024-12-21,1558.99,1546.34,299.5340406334519,5.70222806930542,1259.455959366548,80.78666055372696,1,0,0
2024-12-22,1551.88,1558.99,299.428508626396,5.701875686645508,1252.451491373604,80.7054341426917,0,0,1
2024-12-23,1557.87,1551.88,299.26535710671754,5.701330661773682,1258.6046428932823,80.79009435275616,1,0,0
2024-12-24,1549.74,1557.87,299.4375038157721,5.701905727386475,1250.302496184228,80.67821029232181,0,0,1
2024-12-25,1552.9,1549.74,299.58603488731194,5.702401638031006,1253.313965112688,80.70796349492484,1,0,0
2024-12-26,1552.29,1552.9,299.582177860796,5.702388763427734,1252.707822139204,80.70063081893228,0,0,1
2024-12-27,1550.78,1552.29,299.52332865294414,5.702192306518555,1251.2566713470558,80.68563376797843,0,0,1
2024-12-28,1548.65,1550.78,299.4259386219208,5.70186710357666,1249.2240613780793,80.66535765848185,0,0,1
2024-12-29,1552.15,1548.65,299.41337447312645,5.701825141906738,1252.7366255268737,80.70976552052788,1,0,0
2024-12-30,1545.69,1552.15,299.4435007588147,5.701925754547119,1246.2464992411853,80.62719557228068,0,0,1
2024-12-31,1544.38,1545.69,299.4179431935065,5.701840400695801,1244.9620568064936,80.61241772144767,0,0,1
2025-01-01,1555.24,1544.38,299.3749714234607,5.701696872711182,1255.8650285765393,80.75056123662839,1,0,0
2025-01-02,1552.31,1555.24,299.39767002850823,5.701772689819336,1252.9123299714918,80.7127654895924,0,0,1
2025-01-03,1548.7,1552.31,299.5026199102047,5.702123165130615,1249.1973800897954,80.6610305475428,0,0,1
2025-01-04,1555.58,1548.7,299.5607508399442,5.702317237854004,1256.0192491600558,80.74282577302715,1,0,0
2025-01-05,1546.07,1555.58,299.56417906029196,5.702328681945801,1246.505820939708,80.62415161924802,0,0,1
2025-01-06,1552.92,1546.07,299.5923205184052,5.702422618865967,1253.327679481595,80.70780719429172,1,0,0
2025-01-07,1547.06,1552.92,299.54018234172753,5.702248573303223,1247.5198176582724,80.63810179684513,0,0,1
2025-01-08,1540.95,1547.06,299.5670359405514,5.702338218688965,1241.3829640594486,80.5595875310327,0,0,1
2025-01-09,1553.73,1540.95,299.48448308415277,5.702062606811523,1254.2455169158472,80.72480526963162,1,0,0
2025-01-10,1549.22,1553.73,299.5420391620437,5.702254772186279,1249.6779608379563,80.66497726842904,0,0,1
2025-01-11,1543.53,1549.22,299.64103863111706,5.702585220336914,1243.888961368883,80.58728766974941,0,0,1
2025-01-12,1546.92,1543.53,299.6730454562561,5.702692031860352,1247.2469545437439,80.62776061746851,1,0,0
2025-01-13,1541.15,1546.92,299.58346353078383,5.702393054962158,1241.5665364692163,80.56104444533085,0,0,1
2025-01-14,1546.32,1541.15,299.6487542494446,5.702610969543457,1246.6712457505553,80.62181474407336,1,0,0
2025-01-15,1530.88,1546.32,299.6218933252797,5.702521324157715,1231.2581066747205,80.42812674244358,0,0,1
2025-01-16,1536.69,1530.88,299.58060649385936,5.702383518218994,1237.1093935061408,80.50481186876603,1,0,0
2025-01-17,1545.4,1536.69,299.52361430078605,5.702193260192871,1245.876385699214,80.61837619381481,1,0,0
2025-01-18,1539.18,1545.4,299.6108924716217,5.702484607696533,1239.5691075283785,80.5343824327485,0,0,1
2025-01-19,1540.76,1539.18,299.63532348636744,5.702566146850586,1241.1246765136325,80.55275815270596,1,0,0
2025-01-20,1533.04,1540.76,299.66447186429974,5.702663421630859,1233.3755281357003,80.45292543806426,0,0,1
2025-01-21,1547.25,1533.04,299.7039124183996,5.702795028686523,1247.5460875816004,80.62989740388434,1,0,0
2025-01-22,1543.68,1547.25,299.64332471953924,5.702592849731445,1244.0366752804607,80.58902591731841,0,0,1
2025-01-23,1536.72,1543.68,299.6338947172124,5.702561378479004,1237.0861052827877,80.50172479585011,0,0,1
2025-01-24,1535.25,1536.72,299.60289210447274,5.702457904815674,1235.6471078955274,80.48507460645025,0,0,1
2025-01-25,1541.32,1535.25,299.64461065194143,5.702597141265869,1241.6753893480586,80.5592212744958,1,0,0
2025-01-26,1545.17,1541.32,299.62703672010304,5.70253849029541,1245.542963279897,80.6087979497335,1,0,0
2025-01-27,1539.89,1545.17,299.6127497302631,5.70249080657959,1240.2772502697371,80.54323687209717,0,0,1
2025-01-28,1544.97,1539.89,299.64789694870836,5.702608108520508,1245.3221030512916,80.60493751019706,1,0,0
2025-01-29,1530.18,1544.97,299.6656149957215,5.702667236328125,1230.5143850042787,80.41631605460003,0,0,1
2025-01-30,1530.12,1530.18,299.7596524862724,5.702980995178223,1230.3603475137274,80.40940236803176,0,0,1
2025-01-31,1527.88,1530.12,299.8388497901229,5.703245162963867,1228.0411502098773,80.37549743499994,0,0,1
2025-02-01,1534.85,1527.88,299.7685146828041,5.703010559082031,1235.0814853171958,80.4691979878943,1,0,0
2025-02-02,1533.09,1534.85,299.75207694533447,5.702955722808838,1233.3379230546655,80.44784866215718,0,0,1
2025-02-03,1531.04,1533.09,299.8245527004895,5.703197479248047,1231.2154472995105,80.41693537069642,0,0,1
2025-02-04,1534.92,1531.04,299.6716165072291,5.7026872634887695,1235.248383492771,80.47640160352141,1,0,0
2025-02-05,1536.33,1534.92,299.6187501830189,5.702510833740234,1236.711249816981,80.49776088581108,1,0,0
2025-02-06,1523.13,1536.33,299.7537921453841,5.702961444854736,1223.376207854616,80.31988128752083,0,0,1
2025-02-07,1526.86,1523.13,299.82197929675533,5.703188896179199,1227.0380207032445,80.36349244221765,1,0,0
2025-02-08,1532.82,1526.86,299.76251123072063,5.702990531921387,1233.0574887692792,80.44372390556485,1,0,0
2025-02-09,1526.38,1532.82,299.8144021806911,5.7031636238098145,1226.565597819309,80.35781376978923,0,0,1
2025-02-10,1524.32,1526.38,299.8560071976019,5.703302383422852,1224.463992802398,80.32853946693595,0,0,1
2025-02-11,1532.11,1524.32,299.79881965706727,5.70311164855957,1232.3111803429326,80.4322914374903,1,0,0
2025-02-12,1521.0,1532.11,299.7822373104871,5.703056335449219,1221.217762689513,80.2904511958917,0,0,1
2025-02-13,1524.99,1521.0,299.8239808310842,5.703195571899414,1225.1660191689157,80.33928217030379,1,0,0
2025-02-14,1527.34,1524.99,299.8690188861598,5.703345775604248,1227.47098111384,80.36658380673852,1,0,0
2025-02-15,1522.67,1527.34,299.82998551424157,5.703215599060059,1222.8400144857585,80.30893197381957,0,0,1
2025-02-16,1528.34,1522.67,299.8870360024425,5.703405857086182,1228.4529639975574,80.37825117431707,1,0,0
2025-02-17,1521.62,1528.34,299.95282196682655,5.703625202178955,1221.6671780331733,80.28727133142134,0,0,1
2025-02-18,1530.13,1521.62,299.8801722114553,5.703382968902588,1230.2498277885447,80.40165396329363,1,0,0
2025-02-19,1522.58,1530.13,299.79653238231737,5.703104019165039,1222.7834676176826,80.30996516555338,0,0,1
2025-02-20,1525.68,1522.58,299.81654662807307,5.7031707763671875,1225.8634533719269,80.34866114597601,1,0,0
2025-02-21,1525.48,1525.68,299.8928989483168,5.703425407409668,1225.5871010516832,80.3410795980074,0,0,1
2025-02-22,1518.68,1525.48,299.9548243746274,5.70363187789917,1218.7251756253727,80.24897777183953,0,0,1
2025-02-23,1511.63,1518.68,299.8997630305993,5.703448295593262,1211.7302369694007,80.16050468496925,0,0,1
2025-02-24,1522.11,1511.63,299.8571510596744,5.703306198120117,1222.2528489403255,80.29990269693555,1,0,0
2025-02-25,1520.26,1522.11,299.8668740634683,5.703338623046875,1220.3931259365318,80.27529014356305,0,0,1
2025-02-26,1521.93,1520.26,299.84070846184943,5.703251361846924,1222.0892915381505,80.29865312715765,1,0,0
2025-02-27,1517.82,1521.93,299.8733085775659,5.703360080718994,1217.946691422434,80.24315738509402,0,0,1
2025-02-28,1516.36,1517.82,299.95611164384394,5.703636169433594,1216.403888356156,80.21867421695086,0,0,1
2025-03-01,1526.93,1516.36,299.9495323258876,5.703614234924316,1226.9804676741123,80.356039089815,1,0,0
2025-03-02,1510.54,1526.93,299.9877229880219,5.703741550445557,1210.552277011978,80.14036549922399,0,0,1
2025-03-03,1520.05,1510.54,299.98643558314444,5.703737258911133,1220.0635644168556,80.26469947809977,1,0,0
2025-03-04,1513.56,1520.05,299.9147787583278,5.703498363494873,1213.645221241672,80.18481072713814,0,0,1
2025-03-05,1514.11,1513.56,299.94910324494674,5.703612804412842,1214.1608967550533,80.18974161421913,1,0,0
2025-03-06,1513.65,1514.11,299.84099441236845,5.70325231552124,1213.8090055876316,80.19086351452658,0,0,1
2025-03-07,1510.91,1513.65,299.9273639473247,5.703540325164795,1210.9826360526754,80.14922371634812,0,0,1
2025-03-08,1516.62,1510.91,300.0531018103122,5.7039594650268555,1216.5668981896877,80.21567025291027,1,0,0
2025-03-09,1519.8,1516.62,300.0396529236947,5.703914642333984,1219.7603470763052,80.25795151179796,1,0,0
2025-03-10,1515.08,1519.8,299.90791433236654,5.703475475311279,1215.1720856676334,80.20514333682931,0,0,1
2025-03-11,1512.88,1515.08,299.9659808913714,5.70366907119751,1212.9140191086287,80.17251990300808,0,0,1
2025-03-12,1507.4,1512.88,299.99230047233164,5.703756809234619,1207.4076995276685,80.09869308263688,0,0,1
2025-03-13,1513.68,1507.4,299.9546813450554,5.703631401062012,1213.7253186549447,80.18374548484122,1,0,0
2025-03-14,1520.57,1513.68,300.0007403921393,5.703784942626953,1220.5692596078607,80.27050774432355,1,0,0
2025-03-15,1508.54,1520.57,300.04294355301454,5.703925609588623,1208.4970564469854,80.1103753594194,0,0,1
2025-03-16,1508.02,1508.54,299.9655517869006,5.703667640686035,1208.0544482130995,80.10864897104146,0,0,1
2025-03-17,1506.65,1508.02,299.9981654761805,5.7037763595581055,1206.6518345238196,80.08839707455743,0,0,1
2025-03-18,1506.44,1506.65,300.0327856396233,5.703891754150391,1206.4072143603767,80.08332322298774,0,0,1
2025-03-19,1495.69,1506.44,300.1316610737661,5.704221248626709,1195.558338926234,79.93356503862658,0,0,1
2025-03-20,1509.41,1495.69,300.1866218539099,5.704404354095459,1209.2233781460902,80.11232058526777,1,0,0
2025-03-21,1503.22,1509.41,300.0121847304619,5.703823089599609,1203.207815269538,80.04203079186932,0,0,1
2025-03-22,1499.23,1503.22,299.91406370662617,5.703495979309082,1199.3159362933739,79.99546008907065,0,0,1
2025-03-23,1509.37,1499.23,300.0194807240133,5.703847408294678,1209.3505192759867,80.12286710852786,1,0,0
2025-03-24,1500.54,1509.37,300.01847930262846,5.70384407043457,1200.5215206973714,80.00596589876787,0,0,1
2025-03-25,1503.36,1500.54,299.9891534443656,5.703746318817139,1203.3708465556342,80.04542135986286,1,0,0
2025-03-26,1510.97,1503.36,300.0190515430105,5.703845977783203,1210.9509484569894,80.14394385441071,1,0,0
2025-03-27,1497.46,1510.97,300.0402252044623,5.703916549682617,1197.4197747955377,79.96338965952597,0,0,1
2025-03-28,1496.37,1497.46,300.055391042539,5.703967094421387,1196.314608957461,79.94778089359323,0,0,1
2025-03-29,1503.96,1496.37,300.10160865349866,5.704121112823486,1203.8583913465013,80.04590490082856,1,0,0
2025-03-30,1507.39,1503.96,300.0745640481091,5.704030990600586,1207.315435951891,80.09310370586849,1,0,0
2025-03-31,1494.58,1507.39,300.0098958278719,5.703815460205078,1194.5701041721281,79.92680914853192,0,0,1
2025-04-01,1502.97,1494.58,300.1007500571375,5.704118251800537,1202.8692499428626,80.03281834919277,1,0,0
2025-04-02,1503.21,1502.97,300.0426574099019,5.703924655914307,1203.167342590098,80.03987084905623,1,0,0
2025-04-03,1490.79,1503.21,300.0226280701268,5.703857898712158,1190.7673719298732,79.87492349223386,0,0,1
2025-04-04,1503.12,1490.79,300.1063309773949,5.704136848449707,1203.013669022605,80.0344396337355,1,0,0
2025-04-05,1502.93,1503.12,300.0908763755397,5.704085350036621,1202.8391236244604,80.03294389122982,0,0,1
2025-04-06,1497.05,1502.93,300.08085992905956,5.704051971435547,1196.9691400709403,79.95518787421531,0,0,1
2025-04-07,1503.54,1497.05,300.04852339825476,5.703944206237793,1203.4914766017453,80.04386159342253,1,0,0
2025-04-08,1502.48,1503.54,300.0728470125932,5.7040252685546875,1202.4071529874068,80.02816363528345,0,0,1
2025-04-09,1497.3,1502.48,300.12264503170485,5.704191207885742,1197.177354968295,79.95574400375978,0,0,1
2025-04-10,1494.27,1497.3,300.13008682468285,5.704216003417969,1194.1399131753171,79.91460132207146,0,0,1
2025-04-11,1491.4,1494.27,300.116491380738,5.7041707038879395,1191.2835086192622,79.87686124575983,0,0,1
2025-04-12,1495.06,1491.4,300.1146309994707,5.704164505004883,1194.9453690005294,79.92624837802693,1,0,0
2025-04-13,1497.25,1495.06,300.03879450459,5.703911781311035,1197.21120549541,79.96067493707864,1,0,0
2025-04-14,1492.7,1497.25,300.02362950535974,5.703861236572266,1192.6763704946402,79.90060765690629,0,0,1
2025-04-15,1483.77,1492.7,300.1131999448048,5.704159736633301,1183.6568000551952,79.77360372936474,0,0,1
2025-04-16,1498.76,1483.77,300.1197828527694,5.704181671142578,1198.6402171472305,79.97546085745753,1,0,0
2025-04-17,1493.39,1498.76,300.019623784484,5.703847885131836,1193.370376215516,79.91016253058585,0,0,1
2025-04-18,1490.31,1493.39,300.0718454130794,5.70402193069458,1190.2381545869205,79.86513910440918,0,0,1
2025-04-19,1495.3,1490.31,300.11105337560053,5.704152584075928,1195.1889466243995,79.92970953149198,1,0,0
2025-04-20,1497.75,1495.3,300.1652947313328,5.704333305358887,1197.5847052686672,79.95891872933849,1,0,0
2025-04-21,1477.87,1497.75,300.09702950129116,5.704105854034424,1177.7729704987087,79.69394943389531,0,0,1
2025-04-22,1491.8,1477.87,300.05396027035056,5.703962326049805,1191.7460397296495,79.88644856747885,1,0,0
2025-04-23,1482.95,1491.8,300.0438019839898,5.703928470611572,1182.9061980160102,79.76709922896997,0,0,1
2025-04-24,1491.01,1482.95,300.04566192619495,5.703934669494629,1190.964338073805,79.87634811797406,1,0,0
2025-04-25,1488.82,1491.01,300.17331011645257,5.704360008239746,1188.6466898835474,79.83817317631059,0,0,1
2025-04-26,1490.55,1488.82,300.1582814449255,5.704309940338135,1190.3917185550745,79.86258217135115,1,0,0
2025-04-27,1484.95,1490.55,299.9742770317935,5.7036967277526855,1184.9757229682066,79.79903181711212,0,0,1
2025-04-28,1478.28,1484.95,300.08429410161756,5.704063415527344,1178.1957058983824,79.7004428050425,0,0,1
2025-04-29,1484.09,1478.28,300.0931658959646,5.704092979431152,1183.9968341040353,79.77931487335913,1,0,0
2025-04-30,1487.37,1484.09,300.0071777787275,5.703806400299072,1187.3628222212724,79.82968744974502,1,0,0
2025-05-01,1489.55,1487.37,300.0551048875555,5.70396614074707,1189.4948951124445,79.85598973599036,1,0,0
2025-05-02,1479.27,1489.55,300.07141615716836,5.7040205001831055,1179.1985838428316,79.71489882461157,0,0,1
2025-05-03,1488.52,1479.27,300.00946666058036,5.7038140296936035,1188.5105333394197,79.84511685025527,1,0,0
2025-05-04,1480.53,1488.52,300.03178417382856,5.703888416290283,1180.4982158261714,79.73483926878694,0,0,1
2025-05-05,1484.49,1480.53,300.0894454341444,5.704080581665039,1184.4005545658556,79.7850140159823,1,0,0
2025-05-06,1480.07,1484.49,300.1620027601638,5.704322338104248,1179.9079972398363,79.71974279864035,0,0,1
2025-05-07,1482.61,1480.07,300.09545543385724,5.704100608825684,1182.5145445661426,79.75897535873511,1,0,0
2025-05-08,1485.23,1482.61,300.012756958838,5.703824996948242,1185.217243041162,79.80024932442531,1,0,0
2025-05-09,1475.28,1485.23,299.99873767781696,5.703778266906738,1175.281262322183,79.66496274078027,0,0,1
2025-05-10,1477.17,1475.28,300.0596834000393,5.703981399536133,1177.1103165999607,79.6868550403786,1,0,0
2025-05-11,1480.48,1477.17,300.13037305117473,5.704216957092285,1180.3496269488253,79.72749560607541,1,0,0
2025-05-12,1489.77,1480.48,299.97585046361974,5.703701972961426,1189.7941495363802,79.86428438862242,1,0,0
2025-05-13,1474.75,1489.77,299.9931587584157,5.703759670257568,1174.7568412415844,79.65803297111948,0,0,1
2025-05-14,1487.09,1474.75,300.04566192619495,5.703934669494629,1187.044338073805,79.82330175536148,1,0,0
2025-05-15,1486.39,1487.09,300.0931658959646,5.704092979431152,1186.2968341040355,79.81060381891936,0,0,1
2025-05-16,1476.54,1486.39,300.1197828527694,5.704181671142578,1176.4202171472307,79.67411767694954,0,0,1
2025-05-17,1475.11,1476.54,300.11863798883803,5.7041778564453125,1174.991362011162,79.65449098786952,0,0,1
2025-05-18,1472.83,1475.11,300.0883006859409,5.704076766967773,1172.7416993140591,79.62505511933212,0,0,1
2025-05-19,1475.06,1472.83,300.05796644967086,5.703975677490234,1175.002033550329,79.6579144950259,1,0,0
2025-05-20,1468.6,1475.06,300.0011695469477,5.703786373138428,1168.5988304530522,79.57230222341362,0,0,1
2025-05-21,1473.95,1468.6,300.10389825580467,5.704128742218018,1173.8461017441955,79.63947906945252,1,0,0
2025-05-22,1480.37,1473.95,300.05782337091694,5.703975200653076,1180.3121766290828,79.73089002270262,1,0,0
2025-05-23,1470.51,1480.37,300.00231396277167,5.703790187835693,1170.5076860372283,79.59875730442012,0,0,1
2025-05-24,1471.61,1470.51,300.0715592424038,5.704020977020264,1171.5384407575962,79.60930142888375,1,0,0
2025-05-25,1464.62,1471.61,300.03879450459,5.703911781311035,1164.58120549541,79.51422249425858,0,0,1
2025-05-26,1473.25,1464.62,300.04423120039843,5.703929901123047,1173.2057687996016,79.63385500082143,1,0,0
2025-05-27,1472.23,1473.25,299.9425240807145,5.7035908699035645,1172.2874759192855,79.62665316691587,0,0,1
2025-05-28,1470.81,1472.23,299.97155930535064,5.70368766784668,1170.8384406946493,79.60500953179876,0,0,1
2025-05-29,1469.03,1470.81,300.01876542268303,5.703845024108887,1169.0112345773168,79.57708382928305,0,0,1
2025-05-30,1468.16,1469.03,300.02906592637873,5.703879356384277,1168.1309340736213,79.5642800562351,0,0,1
2025-05-31,1471.13,1468.16,299.96784035117116,5.703675270080566,1171.162159648829,79.60969864314023,1,0,0
2025-06-01,1468.25,1471.13,299.9860064494131,5.703735828399658,1168.263993550587,79.56846542146005,0,0,1
2025-06-02,1469.23,1468.25,300.1064740792791,5.704137325286865,1169.123525920721,79.57389421130259,1,0,0
2025-06-03,1468.25,1469.23,300.1558483022144,5.704301834106445,1168.0941516977855,79.55689778292425,0,0,1
2025-06-04,1471.71,1468.25,300.03450244590556,5.703897476196289,1171.6754975540944,79.61320488099518,1,0,0
2025-06-05,1469.21,1471.71,299.98357470319735,5.703727722167969,1169.2264252968027,79.5819811529191,0,0,1
2025-06-06,1466.54,1469.21,300.04609114526426,5.7039361000061035,1166.4939088547358,79.54054501443778,0,0,1
2025-06-07,1471.83,1466.54,299.9545383155517,5.7036309242248535,1171.8754616844483,79.62030001321133,1,0,0
2025-06-08,1466.47,1471.83,300.060255719012,5.703983306884766,1166.409744280988,79.53860251358623,0,0,1
2025-06-09,1469.81,1466.47,300.0489526214174,5.703945636749268,1169.7610473785826,79.58586806312262,1,0,0
2025-06-10,1466.21,1469.81,299.95439528611615,5.703630447387695,1166.255604713884,79.54219414094051,0,0,1
2025-06-11,1454.92,1466.21,300.0601126391665,5.703982830047607,1154.8598873608335,79.37617789025056,0,0,1
2025-06-12,1468.2,1454.92,299.9340857987062,5.7035627365112305,1168.265914201294,79.57130596657771,1,0,0
2025-06-13,1462.53,1468.2,299.85043093248464,5.703283786773682,1162.6795690675153,79.49782698936194,0,0,1
2025-06-14,1461.17,1462.53,299.97942647573603,5.703713893890381,1161.190573524264,79.46991613051622,0,0,1
2025-06-15,1462.09,1461.17,300.02734915120436,5.703873634338379,1162.0626508487956,79.47955672009218,1,0,0
2025-06-16,1458.81,1462.09,300.0307827113766,5.703885078430176,1158.7792172886234,79.4331830251111,0,0,1
2025-06-17,1460.78,1458.81,299.9586861988502,5.703644752502441,1160.8213138011497,79.46585480367678,1,0,0
2025-06-18,1456.66,1460.78,299.9455275943094,5.703600883483887,1156.7144724056907,79.40867960990833,0,0,1
2025-06-19,1464.29,1456.66,299.8851770435379,5.703399658203125,1164.404822956462,79.52009663089021,1,0,0
2025-06-20,1457.68,1464.29,299.9305103270897,5.703550815582275,1157.7494896729104,79.42411843977487,0,0,1
2025-06-21,1455.97,1457.68,299.9757074240218,5.703701496124268,1155.9942925759783,79.39684832626897,0,0,1
2025-06-22,1453.06,1455.97,300.0071777787275,5.703806400299072,1153.0528222212724,79.3534212091223,0,0,1
2025-06-23,1457.74,1453.06,299.999882084364,5.703782081604004,1157.740117915636,79.42020647822217,1,0,0
2025-06-24,1456.84,1457.74,299.90648426340016,5.703470706939697,1156.9335157365997,79.41390377368823,0,0,1
2025-06-25,1457.19,1456.84,299.90119306751626,5.703453063964844,1157.2888069324838,79.4192114228401,1,0,0
2025-06-26,1450.47,1457.19,299.9378043344021,5.703575134277344,1150.532195665598,79.32133692290071,0,0,1
2025-06-27,1447.43,1450.47,299.9902978143517,5.703750133514404,1147.4397021856485,79.274279390758,0,0,1
2025-06-28,1456.61,1447.43,299.8447117939319,5.7032647132873535,1156.765288206068,79.41489404892648,1,0,0
2025-06-29,1459.82,1456.61,299.81254367203366,5.703157424926758,1160.0074563279663,79.4623622315057,1,0,0
2025-06-30,1448.33,1459.82,299.8678749788152,5.703341960906982,1148.4621250211846,79.29561115361724,0,0,1
2025-07-01,1459.19,1448.33,300.0396529236947,5.703914642333984,1159.1503470763055,79.43793111769581,1,0,0
2025-07-02,1452.97,1459.19,299.78309499557474,5.703059196472168,1153.1869050044252,79.36756471258354,0,0,1
2025-07-03,1451.16,1452.97,299.8495730547476,5.703280925750732,1151.3104269452524,79.33724930023239,0,0,1
2025-07-04,1448.93,1451.16,299.97227449413265,5.703690052032471,1148.9577255058675,79.29697953012689,0,0,1
2025-07-05,1444.1,1448.93,299.9312254180032,5.703553199768066,1144.1687745819968,79.23057783962308,0,0,1
2025-07-06,1453.88,1444.1,299.8162607008693,5.703169822692871,1154.0637392991307,79.37819760221825,1,0,0
2025-07-07,1445.67,1453.88,299.8377059978641,5.703241348266602,1145.832294002136,79.25960239903546,0,0,1
2025-07-08,1445.12,1445.67,299.8620125221629,5.703322410583496,1145.257987477837,79.25002681284857,0,0,1
2025-07-09,1452.28,1445.12,299.8994770240342,5.703447341918945,1152.3805229759657,79.34974818739951,1,0,0
2025-07-10,1439.26,1452.28,299.9107744907567,5.703485012054443,1139.3492255092433,79.16215454533881,0,0,1
2025-07-11,1440.29,1439.26,299.77794892185653,5.703042030334473,1140.5120510781435,79.18627853266658,1,0,0
2025-07-12,1446.28,1440.29,299.7805219476734,5.70305061340332,1146.4994780523266,79.2723039834836,1,0,0
2025-07-13,1447.1,1446.28,299.8592958128213,5.70331335067749,1147.2407041871786,79.27860577618539,1,0,0
2025-07-14,1447.39,1447.1,299.9027661160008,5.703458309173584,1147.4872338839994,79.27975417019596,1,0,0
2025-07-15,1443.44,1447.39,299.86844693194206,5.703343868255615,1143.571553068058,79.22543043479867,0,0,1
2025-07-16,1455.18,1443.44,299.76679939851164,5.703004837036133,1155.4132006014884,79.40001928294014,1,0,0
2025-07-17,1442.69,1455.18,299.74250059209646,5.702923774719238,1142.9474994079037,79.2233604868616,0,0,1
2025-07-18,1442.14,1442.69,299.86229849299906,5.7033233642578125,1142.277701507001,79.20712978677527,0,0,1
2025-07-19,1439.15,1442.14,299.84571263530415,5.703268051147461,1139.304287364696,79.16508267829593,0,0,1
2025-07-20,1442.6,1439.15,299.7489324374003,5.702945232391357,1142.8510675625996,79.22161843633715,1,0,0
2025-07-21,1444.19,1442.6,299.73463963525813,5.702897548675537,1144.4553603647419,79.24548434518601,1,0,0
2025-07-22,1446.19,1444.19,299.90362414592465,5.703461170196533,1146.2863758540755,79.26250187417112,1,0,0
2025-07-23,1434.02,1446.19,299.98085689251883,5.703718662261963,1134.039143107481,79.08112460826774,0,0,1
2025-07-24,1438.86,1434.02,299.9040531618071,5.703462600708008,1138.9559468381929,79.15682879767267,1,0,0
2025-07-25,1441.31,1438.86,299.69819607443907,5.702775955200195,1141.611803925561,79.20654154384282,1,0,0
2025-07-26,1441.38,1441.31,299.8705917658836,5.703351020812988,1141.5094082341166,79.1955909083043,1,0,0
2025-07-27,1438.34,1441.38,299.8119718255337,5.703155517578125,1138.5280281744663,79.15569532756277,0,0,1
2025-07-28,1440.11,1438.34,299.82812690898515,5.703209400177002,1140.2818730910149,79.18019269993368,1,0,0
2025-07-29,1433.74,1440.11,299.741928879193,5.7029218673706055,1133.998071120807,79.09370395753811,0,0,1
2025-07-30,1443.41,1433.74,299.8528615994017,5.703291893005371,1143.5571384005984,79.2260784115808,1,0,0
2025-07-31,1440.44,1443.41,299.755221486256,5.702966213226318,1140.684778513744,79.19002377841105,0,0,1
2025-08-01,1429.83,1440.44,299.71791792190214,5.702841758728027,1130.1120820780977,79.03821307974358,0,0,1
2025-08-02,1430.46,1429.83,299.8384208675145,5.703243732452393,1130.6215791324855,79.03902095357336,1,0,0
2025-08-03,1430.04,1430.46,299.75164814685553,5.702954292297363,1130.2883518531444,79.03893260700012,0,0,1
2025-08-04,1436.93,1430.04,299.78952771194935,5.703080654144287,1137.1404722880507,79.13680362217022,1,0,0
2025-08-05,1427.95,1436.93,299.71077217507417,5.702817916870117,1128.2392278249258,79.01111578311045,0,0,1
2025-08-06,1431.51,1427.95,299.6634716278828,5.702660083770752,1131.846528372117,79.06661695497182,1,0,0
2025-08-07,1434.35,1431.51,299.64489641544696,5.7025980949401855,1134.705103584553,79.109359890163,1,0,0
2025-08-08,1431.58,1434.35,299.712772967013,5.702824592590332,1131.8672270329869,79.06419669407137,0,0,1
2025-08-09,1432.44,1431.58,299.7750900301837,5.703032493591309,1132.6649099698163,79.07241559645195,1,0,0
2025-08-10,1426.21,1432.44,299.7696582111185,5.703014373779297,1126.4403417888816,78.98138014660405,0,0,1
2025-08-11,1432.8,1426.21,299.71105800167624,5.702818870544434,1133.0889419983237,79.08214279720295,1,0,0
2025-08-12,1427.08,1432.8,299.7197758439838,5.702847957611084,1127.360224156016,78.99768927852791,0,0,1
2025-08-13,1427.79,1427.08,299.80368017385234,5.703127861022949,1127.9863198261476,79.00225662220268,1,0,0
2025-08-14,1429.66,1427.79,299.77852070346285,5.7030439376831055,1129.8814792965372,79.03148156180751,1,0,0
2025-08-15,1428.55,1429.66,299.81997777578806,5.703182220458984,1128.730022224212,79.01228673999594,0,0,1
2025-08-16,1427.67,1428.55,299.69819607443907,5.702775955200195,1127.971803925561,79.00788024722527,0,0,1
2025-08-17,1423.82,1427.67,299.6907649902893,5.702751159667969,1124.1292350097106,78.95163960400265,0,0,1
2025-08-18,1425.21,1423.82,299.70748518874245,5.7028069496154785,1125.5025148112577,78.97099478752308,1,0,0
2025-08-19,1425.97,1425.21,299.79224378919565,5.703089714050293,1126.1777562108043,78.97625870185237,1,0,0
2025-08-20,1419.54,1425.97,299.8475713495728,5.703274250030518,1119.6924286504272,78.87713122916067,0,0,1
2025-08-21,1422.91,1419.54,299.65289790424697,5.702624797821045,1123.257102095753,78.94083969441166,1,0,0
2025-08-22,1426.0,1422.91,299.6730454562561,5.702692031860352,1126.3269545437438,78.98505992592874,1,0,0
2025-08-23,1418.35,1426.0,299.675045996341,5.702698707580566,1118.674954003659,78.8715728842429,0,0,1
2025-08-24,1428.21,1418.35,299.6759033747514,5.702701568603516,1128.5340966252486,79.017378160442,1,0,0
2025-08-25,1428.15,1428.21,299.82026370653676,5.703183174133301,1128.3297362934634,79.00638842512784,0,0,1
2025-08-26,1416.88,1428.15,299.65346944733716,5.702626705169678,1117.226530552663,78.85117515616446,0,0,1
2025-08-27,1427.45,1416.88,299.6480398319941,5.702608585357666,1127.801960168006,79.00815861627419,1,0,0
2025-08-28,1420.51,1427.45,299.6896217629281,5.702747344970703,1120.820378237072,78.90267426748646,0,0,1
2025-08-29,1422.37,1420.51,299.7596524862724,5.702980995178223,1122.6103475137274,78.92533922353027,1,0,0
2025-08-30,1417.93,1422.37,299.7320670032507,5.7028889656066895,1118.1979329967494,78.86129308193982,0,0,1
2025-08-31,1423.44,1417.93,299.6691873095208,5.70267915725708,1123.7708126904793,78.94753643922323,1,0,0
2025-09-01,1420.7,1423.44,299.6258937358454,5.7025346755981445,1121.0741062641546,78.9099814362043,0,0,1
2025-09-02,1414.97,1420.7,299.7816655217919,5.703054428100586,1115.1883344782082,78.81356738858125,0,0,1
2025-09-03,1412.94,1414.97,299.75150521416555,5.702953815460205,1113.1884947858346,78.78526298256364,0,0,1
2025-09-04,1411.16,1412.94,299.72334880343453,5.702859878540039,1111.4366511965654,78.76049853996466,0,0,1
2025-09-05,1417.63,1411.16,299.57632098956014,5.702369213104248,1118.05367901044,78.86780605732383,1,0,0
2025-09-06,1418.72,1417.63,299.53089841279774,5.7022175788879395,1119.1891015872022,78.88724354257374,1,0,0
2025-09-07,1418.52,1418.72,299.6407528712906,5.702584266662598,1118.8792471287093,78.87652251139986,0,0,1
2025-09-08,1414.72,1418.52,299.69133660560533,5.702753067016602,1115.0286633943947,78.81620839419777,0,0,1
2025-09-09,1409.77,1414.72,299.6361807511306,5.702569007873535,1110.1338192488693,78.74574003198177,0,0,1
2025-09-10,1411.25,1409.77,299.74736019580337,5.702939987182617,1111.5026398041966,78.76015162474378,1,0,0
2025-09-11,1418.49,1411.25,299.6113210687478,5.702486038208008,1118.8786789312521,78.87815063421328,1,0,0
2025-09-12,1411.01,1418.49,299.47877092543473,5.702043533325195,1111.5312290745653,78.7755741684726,0,0,1
2025-09-13,1413.14,1411.01,299.63532348636744,5.702566146850586,1113.5046765136326,78.7964870086214,1,0,0
2025-09-14,1407.44,1413.14,299.5907490982683,5.702417373657227,1107.8492509017317,78.71378182385975,0,0,1
2025-09-15,1412.88,1407.44,299.61732149289134,5.702506065368652,1113.2626785071088,78.79385924544962,1,0,0
2025-09-16,1408.98,1412.88,299.6398955934465,5.702581405639648,1109.3401044065536,78.73355934126485,0,0,1
2025-09-17,1414.81,1408.98,299.6884785399279,5.7027435302734375,1115.121521460072,78.81775796467879,1,0,0
2025-09-18,1413.12,1414.81,299.59432051959124,5.702429294586182,1113.5256794804086,78.79908850489758,0,0,1
2025-09-19,1407.21,1413.12,299.67618916809994,5.702702522277832,1107.5338108319002,78.70423112626403,0,0,1
2025-09-20,1408.24,1407.21,299.6606138279453,5.702650547027588,1108.5793861720547,78.72091306681068,1,0,0
2025-09-21,1405.91,1408.24,299.6514690512908,5.702620029449463,1106.2585309487092,78.68629791015849,0,0,1
2025-09-22,1401.7,1405.91,299.6177500992143,5.702507495880127,1102.0822499007859,78.62468787192593,0,0,1
2025-09-23,1403.54,1401.7,299.64089575116975,5.702584743499756,1103.89910424883,78.65106119161763,1,0,0
2025-09-24,1407.46,1403.54,299.7081997479219,5.7028093338012695,1107.751800252078,78.70573943501613,1,0,0
2025-09-25,1407.46,1407.46,299.65918493819686,5.702645778656006,1107.8008150618032,78.70922193609788,0,0,1
2025-09-26,1406.18,1407.46,299.7090572211861,5.702812194824219,1106.4709427788139,78.68629498206587,0,0,1
2025-09-27,1403.74,1406.18,299.70934304615264,5.702813148498535,1104.0306569538475,78.64922684783845,0,0,1
2025-09-28,1408.41,1403.74,299.6316087007351,5.702553749084473,1108.778391299265,78.72554095038127,1,0,0
2025-09-29,1404.21,1408.41,299.7390703310324,5.702912330627441,1104.4709296689675,78.65425610620687,0,0,1
2025-09-30,1406.36,1404.21,299.87974322973474,5.703381538391113,1106.4802567702652,78.67688620056495,1,0,0
2025-10-01,1395.4,1406.36,299.7274934897583,5.702873706817627,1095.6725065102419,78.52031722160254,0,0,1
2025-10-02,1385.83,1395.4,299.8196918453121,5.703181266784668,1086.010308154688,78.36533399873636,0,0,1
2025-10-03,1402.99,1385.83,299.70677063126664,5.7028045654296875,1103.2832293687334,78.63799666203845,1,0,0
2025-10-04,1395.27,1402.99,299.5307555853694,5.702217102050781,1095.7392444146305,78.53241626456747,0,0,1
2025-10-05,1399.83,1395.27,299.6570416163493,5.702638626098633,1100.1729583836507,78.59332621701569,1,0,0
2025-10-06,1398.91,1399.83,299.6704733529134,5.702683448791504,1099.2395266470867,78.57828785605125,0,0,1
2025-10-07,1406.31,1398.91,299.63832392376906,5.702576160430908,1106.6716760762308,78.69329494039229,1,0,0
2025-10-08,1400.79,1406.31,299.7036265986121,5.702794075012207,1101.0863734013878,78.60467117850554,0,0,1
2025-10-09,1399.27,1400.79,299.68833563735956,5.702743053436279,1099.5816643626404,78.58252262698696,0,0,1
2025-10-10,1401.54,1399.27,299.65218347691723,5.702622413635254,1101.8878165230826,78.61979083886887,1,0,0
2025-10-11,1399.04,1401.54,299.7696582111185,5.703014373779297,1099.2703417888815,78.57318888587042,0,0,1
2025-10-12,1395.04,1399.04,299.7535062780276,5.70296049118042,1095.2864937219724,78.51290957406042,0,0,1
2025-10-13,1400.91,1395.04,299.85057391234614,5.70328426361084,1101.059426087654,78.59601445400875,1,0,0
2025-10-14,1391.24,1400.91,299.64118151113246,5.702585697174072,1091.5988184888674,78.46229395998299,0,0,1
2025-10-15,1396.7,1391.24,299.6843343931101,5.70272970199585,1097.01566560689,78.54339984297916,1,0,0
2025-10-16,1388.34,1396.7,299.6641860821257,5.702662467956543,1088.6758139178742,78.41564846636085,0,0,1
2025-10-17,1395.13,1388.34,299.79210083714815,5.703089237213135,1095.337899162852,78.51152933152122,1,0,0
2025-10-18,1394.54,1395.13,299.770515860217,5.703017234802246,1094.769484139783,78.50398584047663,0,0,1
2025-10-19,1400.21,1394.54,299.720204596869,5.702849388122559,1100.489795403131,78.59462476365195,1,0,0
2025-10-20,1386.12,1400.21,299.73249577371854,5.702890396118164,1086.3875042262814,78.37615099892372,0,0,1
2025-10-21,1389.62,1386.12,299.80096399299396,5.703118801116943,1089.819036007006,78.42568731070408,1,0,0
2025-10-22,1395.02,1389.62,299.7677999798228,5.70300817489624,1095.252200020177,78.51157689640128,1,0,0
2025-10-23,1392.45,1395.02,299.74578796245316,5.702934741973877,1092.7042120375468,78.47349721983171,0,0,1
2025-10-24,1391.27,1392.45,299.8145451433727,5.703164100646973,1091.4554548566273,78.45029755954108,0,0,1
2025-10-25,1385.99,1391.27,299.90190808853185,5.703455448150635,1086.0880919114682,78.36189957441744,0,0,1
2025-10-26,1386.98,1385.99,299.82340896276963,5.703193664550781,1087.1565910372303,78.38300415559203,1,0,0
2025-10-27,1394.09,1386.98,299.63232307901075,5.702556133270264,1094.4576769209891,78.50695987497143,1,0,0
2025-10-28,1388.15,1394.09,299.75221987829707,5.702956199645996,1088.397780121703,78.40635234821185,0,0,1
2025-10-29,1389.39,1388.15,299.8425671450977,5.7032575607299805,1089.5474328549024,78.41912154649899,1,0,0
2025-10-30,1386.81,1389.39,299.7470743345808,5.702939033508301,1087.0629256654192,78.38585860106427,0,0,1
2025-10-31,1381.83,1386.81,299.8028224298701,5.703125,1082.0271775701299,78.3039286721326,0,0,1
2025-11-01,1390.1,1381.83,299.91406370662617,5.703495979309082,1090.1859362933737,78.4250008124145,1,0,0
2025-11-02,1387.77,1390.1,299.8688758975031,5.70334529876709,1087.9011241024969,78.39203355761379,0,0,1
2025-11-03,1394.73,1387.77,299.8298425441974,5.7032151222229,1094.9001574558026,78.50266054761873,1,0,0
2025-11-04,1380.39,1394.73,299.7232058842387,5.702859401702881,1080.6667941157614,78.28706337453627,0,0,1
2025-11-05,1387.49,1380.39,299.8282698782112,5.70320987701416,1087.6617301217889,78.39059958066645,1,0,0
2025-11-06,1378.09,1387.49,299.89504395715346,5.703432559967041,1078.1949560428466,78.23835569831046,0,0,1
2025-11-07,1383.65,1378.09,299.95110562792235,5.703619480133057,1083.6988943720778,78.3217500359251,1,0,0
2025-11-08,1386.51,1383.65,299.8907539548224,5.703418254852295,1086.6192460451775,78.37081925447184,1,0,0
2025-11-09,1373.33,1386.51,299.9495323258876,5.703614234924316,1073.3804676741124,78.15896162423543,0,0,1
2025-11-10,1380.54,1373.33,299.9232164971559,5.703526496887207,1080.616783502844,78.27493469967143,1,0,0
2025-11-11,1378.52,1380.54,299.80368017385234,5.703127861022949,1078.7163198261476,78.25177145243795,0,0,1
2025-11-12,1377.41,1378.52,299.82669722047393,5.70320463180542,1077.583302779526,78.23257438086888,0,0,1
2025-11-13,1381.37,1377.41,299.8379919455197,5.703242301940918,1081.5320080544802,78.29415783276605,1,0,0
2025-11-14,1383.88,1381.37,299.9183540424083,5.703510284423828,1083.9616459575918,78.32771959690086,1,0,0
2025-11-15,1378.15,1383.88,299.887750989705,5.703408241271973,1078.2622490102951,78.23983231217902,0,0,1
2025-11-16,1379.01,1378.15,299.99230047233164,5.703756809234619,1079.0176995276684,78.24582124333169,1,0,0
2025-11-17,1378.1,1379.01,299.96655303162055,5.703670978546143,1078.1334469683793,78.23332464758576,0,0,1
2025-11-18,1377.1,1378.1,299.9340857987062,5.7035627365112305,1077.1659142012936,78.21987613109387,0,0,1
2025-11-19,1372.05,1377.1,300.0267768949959,5.703871726989746,1072.023223105004,78.13295602237557,0,0,1
2025-11-20,1380.59,1372.05,300.0505264449337,5.703950881958008,1080.5394735550663,78.26650008728633,1,0,0
2025-11-21,1376.7,1380.59,299.91406370662617,5.703495979309082,1076.7859362933739,78.21500227307139,0,0,1
2025-11-22,1376.57,1376.7,300.0116125031772,5.703821182250977,1076.5583874968227,78.20585858305954,0,0,1
2025-11-23,1371.08,1376.57,299.92621981741183,5.703536510467529,1071.153780182588,78.12481986336232,0,0,1
2025-11-24,1371.98,1371.08,299.9822873161224,5.703723430633545,1071.9977126838776,78.13508306854892,1,0,0
2025-11-25,1372.61,1371.98,300.0350747168494,5.703899383544922,1072.5749252831506,78.14127285122144,1,0,0
2025-11-26,1366.48,1372.61,300.0486664725741,5.703944683074951,1066.431333527426,78.04222041503908,0,0,1
2025-11-27,1365.31,1366.48,300.041369769272,5.703920364379883,1065.268630230728,78.02393817013923,0,0,1
2025-11-28,1369.25,1365.31,299.9542522567488,5.703629970550537,1069.2957477432512,78.0935364428155,1,0,0
2025-11-29,1373.33,1369.25,300.0890161530564,5.7040791511535645,1073.2409838469434,78.1488050102265,1,0,0
2025-11-30,1367.96,1373.33,299.9501044347636,5.703616142272949,1068.0098955652365,78.07318164019682,0,0,1
2025-12-01,1365.92,1367.96,299.9764226226937,5.703703880310059,1065.9435773773064,78.03850718763223,0,0,1
2025-12-02,1366.23,1365.92,300.1091930280427,5.704146385192871,1066.1208069719573,78.03377227640715,1,0,0
2025-12-03,1367.17,1366.23,300.0784274139427,5.704043865203857,1067.0915725860573,78.05112550641525,1,0,0
2025-12-04,1367.05,1367.17,299.98829516974087,5.7037434577941895,1067.061704830259,78.05579202152511,0,0,1
2025-12-05,1376.85,1367.05,300.08458028443806,5.70406436920166,1076.7654197155618,78.20499108222116,1,0,0
2025-12-06,1371.75,1376.85,300.10575857054073,5.704134941101074,1071.6442414294593,78.1224159963156,0,0,1
2025-12-07,1371.09,1371.75,300.1884826814414,5.704410552978516,1070.9015173185585,78.1058513531977,0,0,1
2025-12-08,1371.14,1371.09,300.15269955857235,5.704291343688965,1070.9873004414278,78.10925948053647,1,0,0
2025-12-09,1361.72,1371.14,300.23715457461367,5.704572677612305,1061.4828454253864,77.95162334587039,0,0,1
2025-12-10,1360.27,1361.72,300.2269900862345,5.704538822174072,1060.0430099137654,77.92886779196523,0,0,1
2025-12-11,1360.21,1360.27,300.0877283134767,5.704074859619141,1060.1222716865234,77.93813247120102,0,0,1
2025-12-12,1369.66,1360.21,300.0986035769814,5.704111099243164,1069.5613964230188,78.08955481090334,1,0,0
2025-12-13,1361.43,1369.66,300.21167242283326,5.7044878005981445,1061.2183275771667,77.94879851165075,0,0,1
2025-12-14,1358.01,1361.43,300.2501828023465,5.704616069793701,1057.7598171976535,77.89042917192462,0,0,1
2025-12-15,1360.83,1358.01,300.1329491018851,5.704225540161133,1060.6970508981149,77.94486092297457,1,0,0
2025-12-16,1361.08,1360.83,300.058109528493,5.703976154327393,1061.021890471507,77.95441050279977,1,0,0
2025-12-17,1362.61,1361.08,300.0611141995178,5.703986167907715,1062.5488858004821,77.97894377705155,1,0,0
2025-12-18,1362.01,1362.61,300.16014209677763,5.704316139221191,1061.8498579032223,77.96197222511012,0,0,1
2025-12-19,1357.06,1362.01,300.2255584958,5.70453405380249,1056.8344415042,77.87676606076371,0,0,1
2025-12-20,1362.7,1357.06,300.10890682174966,5.704145431518555,1062.5910931782505,77.97689096486758,1,0,0
2025-12-21,1356.76,1362.7,300.11935352828334,5.7041802406311035,1056.6406464717165,77.87970211914535,0,0,1
2025-12-22,1358.2,1356.76,300.2123881840902,5.7044901847839355,1057.98761181591,77.8963048016426,1,0,0
2025-12-23,1361.09,1358.2,300.23901571539267,5.704578876495361,1060.8509842846072,77.94128119996527,1,0,0
2025-12-24,1355.14,1361.09,300.27667050275863,5.704704284667969,1054.8633294972415,77.84164953416189,0,0,1
2025-12-25,1354.9,1355.14,300.15541892613635,5.704300403594971,1054.7445810738636,77.8466736345017,0,0,1
2025-12-26,1359.09,1354.9,300.2181143355804,5.704509258270264,1058.8718856644196,77.91035808257139,1,0,0
2025-12-27,1352.66,1359.09,300.3147596160412,5.704831123352051,1052.3452403839588,77.79820800378208,0,0,1
2025-12-28,1354.05,1352.66,300.39238471675304,5.705089569091797,1053.657615283247,77.81526644387186,1,0,0
2025-12-29,1357.33,1354.05,300.26034807593857,5.704649925231934,1057.0696519240614,77.87860372378579,1,0,0
2025-12-30,1362.88,1357.33,300.215680707852,5.704501152038574,1062.664319292148,77.97196519812074,1,0,0
2025-12-31,1356.46,1362.88,300.2980055387247,5.704775333404541,1056.1619944612753,77.86163944836377,0,0,1
