,usdngn,brent_oil,mpr,cpi
1995-01-01,21.89,16.88091926190296,13.493250047759208,73.0297731468717
1995-01-02,21.89,17.50721824701538,13.516260943935226,70.60959091491067
1995-01-03,21.89,17.36401252405407,13.490602192711416,73.38706763388792
1995-01-04,21.89,16.94309830866434,13.512891707678218,73.16432773416727
1995-01-05,21.89,18.491037544237223,13.505983944734632,72.56758195554642
1995-01-06,21.89,17.108981445064508,13.510696875018038,73.77961614157694
1995-01-07,21.89,17.76478108823495,13.50621329622597,72.09926763324503
1995-01-08,21.89,17.034965202313366,13.50688547750452,72.63913328860122
1995-01-09,21.89,16.913210814140015,13.489102507929063,73.76866190721006
1995-01-10,21.89,16.424325905288605,13.493231732067835,72.19288244902691
1995-01-11,21.89,16.282182871212864,13.508205988959118,73.70886589087061
1995-01-12,21.89,17.405327870118093,13.489781451926632,73.30259955681032
1995-01-13,21.89,17.0686301215026,13.494680364816473,73.35846461866083
1995-01-14,21.89,17.342243487586263,13.483616173113273,75.54479983487816
1995-01-15,21.89,16.60795655329382,13.507053473819672,72.53026946171708
1995-01-16,21.89,16.50433402923237,13.481667688681041,73.89489778986724
1995-01-17,21.89,17.714829540906518,13.506822097555577,73.7692433816882
1995-01-18,21.89,16.909051313038283,13.483864266923321,71.37121314706026
1995-01-19,21.89,17.52098131930639,13.491935417337253,71.92519064597285
1995-01-20,21.89,17.29069268131476,13.505833792348055,72.758285895277
1995-01-21,21.89,17.055323949659094,13.520306265267914,71.32609168330794
1995-01-22,21.89,16.292767256262636,13.495302272066835,71.57055537966481
1995-01-23,21.89,16.40043518893185,13.503040634268466,72.59458752126088
1995-01-24,21.89,16.48442607304278,13.50687562946507,76.16741356954672
1995-01-25,21.89,16.531406480734837,13.498248249548157,71.31933721651565
1995-01-26,21.89,17.755705548733154,13.4994315922136,72.4980999753263
1995-01-27,21.89,16.825139633179973,13.509058556974342,72.90365588709537
1995-01-28,21.89,16.907984310050793,13.496980773462488,70.73757075033097
1995-01-29,21.89,16.511771730652455,13.51235690203068,72.19269286167034
1995-01-30,21.89,17.72254074769794,13.487765858635644,75.07316979857912
1995-01-31,21.89,17.288430257352033,13.500688285635258,74.66005729402468
1995-02-01,21.89,16.51694650620762,13.475454573952383,72.41600181547429
1995-02-02,21.89,16.710529199448306,13.478965865670279,73.04928413496498
1995-02-03,21.89,17.17607784202921,13.49145257251681,72.19922581276239
1995-02-04,21.89,17.279829405276068,13.507131492772386,72.41116500768953
1995-02-05,21.89,17.43478070708377,13.492472110330343,71.59324542635753
1995-02-06,21.89,16.84420550295101,13.494921030526825,74.08141474445871
1995-02-07,21.89,16.99131134849018,13.507991307229831,75.15999064720569
1995-02-08,21.89,16.54481550154115,13.510478188570444,73.36886838059297
1995-02-09,21.89,17.000988213583916,13.525259149791358,73.09794693436572
1995-02-10,21.89,17.001626564270097,13.519846097111323,73.88346243142341
1995-02-11,21.89,16.465703585981146,13.50414846110271,72.00947865405695
1995-02-12,21.89,16.916301473413174,13.488117104202312,71.10220152642593
1995-02-13,21.89,17.700420274762084,13.506159202599175,72.27183067898946
1995-02-14,21.89,17.776653861274358,13.493986072930717,71.38477138205467
1995-02-15,21.89,16.324824788813984,13.49712201573098,71.75240068213806
1995-02-16,21.89,17.023205756668215,13.525302883777945,75.58338692982505
1995-02-17,21.89,17.308231665460507,13.47066701703597,70.7780313044768
1995-02-18,21.89,17.199905556885117,13.512593197490125,71.38353729356814
1995-02-19,21.89,16.81836063336367,13.537682766888695,74.81082618736062
1995-02-20,21.89,17.43958240473585,13.498072557820866,74.09129994166985
1995-02-21,21.89,17.6705272687513,13.499120211348728,73.45744110104846
1995-02-22,21.89,17.51849071434674,13.51047279078274,71.24579715616255
1995-02-23,21.89,16.513351028034894,13.491359286481561,73.40166952583957
1995-02-24,21.89,17.60191430399508,13.476014441446045,73.81517200587072
1995-02-25,21.89,16.846176322041956,13.516835145015758,75.43555260251287
1995-02-26,21.89,17.094882847604826,13.515882803952735,74.8391692303215
1995-02-27,21.89,16.461182055849182,13.480804747267575,71.1785803429685
1995-02-28,21.89,16.94854945363429,13.519124583456083,72.56975589305249
1995-03-01,21.89,17.408368255670865,13.502336507273197,72.42024912692706
1995-03-02,21.89,15.908500952829975,13.513154557864162,73.03962023230449
1995-03-03,21.89,17.16804166978819,13.488740456451305,73.74749181944595
1995-03-04,21.89,17.58024563011648,13.514965567635189,72.62005286160952
1995-03-05,21.89,17.235547069161587,13.52192242366767,72.44640597012605
1995-03-06,21.89,17.58623739514486,13.492523220185616,74.09753657521719
1995-03-07,21.89,17.270955342651423,13.477907672214222,70.62211123982092
1995-03-08,21.89,16.291566503824384,13.501830015297763,74.92389128840489
1995-03-09,21.89,15.810215434735234,13.498313606154975,73.95702754156683
1995-03-10,21.89,17.721275680539865,13.483676110241987,74.23016773702959
1995-03-11,21.89,16.726743300817756,13.491649250252289,73.17546602272526
1995-03-12,21.89,17.263894075294456,13.514101032158223,71.93578184976953
1995-03-13,21.89,17.176291753116878,13.505136482157601,72.33600270816693
1995-03-14,21.89,16.89063092915692,13.493985376537697,71.79671375737806
1995-03-15,21.89,17.194356411527835,13.514405456883486,74.34641928265995
1995-03-16,21.89,16.594863109140043,13.5005505305853,72.3001239429716
1995-03-17,21.89,17.1290423068051,13.485177346277844,73.11144853643226
1995-03-18,21.89,16.534175916971744,13.509901986204857,72.15210345479053
1995-03-19,21.89,16.82571286675263,13.499438109286473,70.21591818788798
1995-03-20,21.89,17.179895656954294,13.504533841794755,70.36887131052475
1995-03-21,21.89,17.13467804058125,13.480696227313025,72.9296691560508
1995-03-22,21.89,17.521240666172172,13.498942581067348,72.47458039460561
1995-03-23,21.89,17.658716452756728,13.495564962351208,70.31305287137224
1995-03-24,21.89,17.610998474075917,13.52254697909167,71.35990727447276
1995-03-25,21.89,17.169519812956548,13.494158702274529,73.785160545855
1995-03-26,21.89,17.128118870616373,13.502260904472086,73.04511836377543
1995-03-27,21.89,16.49076360103342,13.492031577745875,73.87821231327896
1995-03-28,21.89,16.801604770837212,13.494189112835784,70.0599199906518
1995-03-29,21.89,16.93401056434943,13.491413916502305,72.27262289432744
1995-03-30,21.89,17.11865974195965,13.51062288446418,74.94876706089937
1995-03-31,21.89,17.819688839928116,13.508430158855823,73.75098129028106
1995-04-01,21.89,17.444181441496905,13.537834395825369,73.49046668247986
1995-04-02,21.89,17.04452334381849,13.484016324990964,73.69362815262207
1995-04-03,21.89,17.051956767381302,13.48549430730503,72.69688515749048
1995-04-04,21.89,17.486201279614377,13.491949180877883,72.17055974269229
1995-04-05,21.89,17.40181859337245,13.495618945515623,73.77060638162727
1995-04-06,21.89,18.32916885578825,13.485605901142653,73.45832395088105
1995-04-07,21.89,16.743498021854688,13.51075984000096,70.9978271828582
1995-04-08,21.89,17.044963716272242,13.492469377549615,74.7716029871762
1995-04-09,21.89,16.00577996740596,13.501074474160472,72.83039394930219
1995-04-10,21.89,16.781239832019917,13.497898504233758,74.30461441541283
1995-04-11,21.89,16.855579807500806,13.491186792224491,70.15478685772511
1995-04-12,21.89,16.789812197219888,13.521515663221555,75.00501142653528
1995-04-13,21.89,16.29882442670182,13.505842697601512,74.09176022284885
1995-04-14,21.89,16.11857139232122,13.487238962380921,71.15613450541385
1995-04-15,21.89,17.531695665553205,13.519672640834514,73.22425160601784
1995-04-16,21.89,17.37444089953992,13.497594592518197,71.54352116499611
1995-04-17,21.89,17.41685429306954,13.494782323021319,75.10904262171351
1995-04-18,21.89,17.131460831326525,13.509439071669457,72.51857123205143
1995-04-19,21.89,17.368114023265047,13.52804374720531,70.73621710816737
1995-04-20,21.89,17.139515085665675,13.493665465950595,71.91436599726526
1995-04-21,21.89,16.22390605439582,13.499610058538307,74.54798874346076
1995-04-22,21.89,15.82040764422153,13.490946804863226,72.5592676252468
1995-04-23,21.89,16.374206578268442,13.478639628738893,72.38136559321438
1995-04-24,21.89,16.551946776044943,13.495419601108303,75.63619855679298
1995-04-25,21.89,17.089015362576642,13.495752069759693,70.86436722582137
1995-04-26,21.89,16.803961793196365,13.49362474347002,75.04196847211226
1995-04-27,21.89,16.59001297562788,13.50671958887982,71.82930757527494
1995-04-28,21.89,16.770784662386173,13.507851638132445,70.2770607465207
1995-04-29,21.89,17.333376008736067,13.462690308999848,70.9280680597817
1995-04-30,21.89,16.8077811943878,13.501452149880276,73.98199592789385
1995-05-01,21.89,15.921282683065055,13.462336158201737,73.43368699084476
1995-05-02,21.89,17.149136950388215,13.500501683117232,72.47314073927694
1995-05-03,21.89,16.998071107683867,13.485711748724132,73.14396959484179
1995-05-04,21.89,17.101921860313684,13.516196409061163,72.62855843429955
1995-05-05,21.89,16.75404247526448,13.502436479826601,71.68581257355531
1995-05-06,21.89,16.81163440888658,13.506574971121811,70.12324025308351
1995-05-07,21.89,16.86256221140063,13.503186232675418,72.9663364968963
1995-05-08,21.89,16.513691546008435,13.484157547348039,73.47895222095653
1995-05-09,21.89,17.0977151837697,13.512834969563214,73.02071153394824
1995-05-10,21.89,17.90135948782591,13.498078774628382,70.1807507909637
1995-05-11,21.89,16.637717027457704,13.515063208950098,72.07794773173448
1995-05-12,21.89,16.55344336270418,13.510466516146405,72.01503240366884
1995-05-13,21.89,17.930329873800726,13.501494476491654,74.47309022390233
1995-05-14,21.89,16.002482881195856,13.493190113951174,71.69094695482373
1995-05-15,21.89,17.37484835823394,13.5006350761839,75.03583973278427
1995-05-16,21.89,16.84654888373644,13.50663449754213,70.07607529745307
1995-05-17,21.89,16.9469544789673,13.486108832742655,74.42956808167902
1995-05-18,21.89,17.072254772197144,13.510543636637383,71.59337036745033
1995-05-19,21.89,15.74729915143075,13.501110841375967,71.86739713285836
1995-05-20,21.89,17.43703641487114,13.500687246083427,72.31277849777501
1995-05-21,21.89,17.281989750595333,13.498083781951554,73.73799772497475
1995-05-22,21.89,17.943161043376236,13.502026052676797,71.42109728997093
1995-05-23,21.89,16.97913760365336,13.505262733136648,70.12118285557284
1995-05-24,21.89,17.025983651764214,13.515084808164794,73.75414620626839
1995-05-25,21.89,17.404292235812918,13.513342438445102,74.6540741683409
1995-05-26,21.89,16.74617930180912,13.501852065599788,75.40987362538468
1995-05-27,21.89,17.413505122020062,13.4869509435091,72.0057040138881
1995-05-28,21.89,16.236137910777785,13.495929181643092,72.31607918117788
1995-05-29,21.89,17.359428273749153,13.48596110564553,71.87726065305228
1995-05-30,21.89,16.999914080635424,13.500988642435507,71.93169602584722
1995-05-31,21.89,16.53824110640593,13.49187842608933,71.7835015983791
1995-06-01,21.89,16.58315230935033,13.51070528235442,74.21825335735247
1995-06-02,21.89,17.23170415032731,13.493888981850267,75.219022686969
1995-06-03,21.89,16.332097914214586,13.489190231053145,70.13568911163884
1995-06-04,21.89,16.932410934892406,13.500178904993412,73.53985091810661
1995-06-05,21.89,16.76587754414046,13.50845492678192,72.89304239427246
1995-06-06,21.89,17.328397928063925,13.495813738864424,72.565878256241
1995-06-07,21.89,17.23757422659447,13.487675070611516,73.45608405702545
1995-06-08,21.89,16.822215232189,13.496249695061248,75.35393674657585
1995-06-09,21.89,16.546296512256006,13.525340476492914,71.21441486546138
1995-06-10,21.89,17.064843844208124,13.471901983358409,72.28647973470235
1995-06-11,21.89,17.11553633777457,13.486065110747463,74.42500522750059
1995-06-12,21.89,16.864537154382557,13.499762375149343,72.78532634117352
1995-06-13,21.89,16.99439231661667,13.506700381040055,74.16077759667492
1995-06-14,21.89,16.879506896664275,13.489055027330295,73.08710134495882
1995-06-15,21.89,16.995791214328012,13.486478940971848,71.14144732535836
1995-06-16,21.89,17.196597003905808,13.51147930011323,71.44181246796516
1995-06-17,21.89,16.47883587077379,13.486398913324802,76.36920233289294
1995-06-18,21.89,16.59785060027769,13.504404722957071,72.88616975066284
1995-06-19,21.89,17.631516265454394,13.519945744999866,73.48840437045985
1995-06-20,21.89,17.12946116080921,13.487534086784624,73.76857500969177
1995-06-21,21.89,16.248621017722815,13.515125099530918,74.8645273871028
1995-06-22,21.89,16.621132402857295,13.50694706727411,73.32597674159919
1995-06-23,21.89,16.68073020874171,13.495859530684083,74.18213565889465
1995-06-24,21.89,16.984502531177725,13.506030983841113,75.64990027495733
1995-06-25,21.89,17.208871314160444,13.487929433716207,75.2450831627423
1995-06-26,21.89,16.775680759117254,13.495935466651472,76.32268948625257
1995-06-27,21.89,17.43680191426258,13.513198815950542,73.42221901100058
1995-06-28,21.89,16.68989034252581,13.487306165619161,73.82350792850454
1995-06-29,21.89,15.484999463318712,13.51956154499167,71.58074789748629
1995-06-30,21.89,17.106087150333853,13.486572726074847,72.98812199244938
1995-07-01,21.89,17.142312107955373,13.48443932501945,73.7537986179516
1995-07-02,21.89,17.086358612967977,13.515575570574127,73.1063358433521
1995-07-03,21.89,17.768754117997794,13.500056350098838,72.63569784858993
1995-07-04,21.89,16.40736196699209,13.490022996398123,76.42570945149079
1995-07-05,21.89,16.557383052222225,13.506577397629814,70.94563895670717
1995-07-06,21.89,16.485160899417053,13.502370101764383,72.34407761525719
1995-07-07,21.89,17.477227587349155,13.49476980352218,73.43251091810038
1995-07-08,21.89,17.07754164852981,13.49884339600565,71.8381814941897
1995-07-09,21.89,16.715382690360205,13.498238430502873,72.34085340262149
1995-07-10,21.89,17.019694840769976,13.497180221490195,73.11992661484965
1995-07-11,21.89,17.636995500609597,13.478480678447776,73.50472735562268
1995-07-12,21.89,16.313962080348027,13.509745297979961,73.25936662677688
1995-07-13,21.89,16.94228939824917,13.501166796092619,73.6178694614783
1995-07-14,21.89,17.276049223976557,13.512941969636264,71.34790291320695
1995-07-15,21.89,16.901966030391396,13.512860180112176,70.68944151666528
1995-07-16,21.89,17.714436404826984,13.489669165519999,74.1790595151992
1995-07-17,21.89,16.525533933364873,13.508415058261892,70.16904095395415
1995-07-18,21.89,17.120068772009873,13.511344151593692,74.5462909385744
1995-07-19,21.89,17.092397722155855,13.489302519257237,72.59583923419248
1995-07-20,21.89,16.933448800450048,13.482176988399031,74.00383064662938
1995-07-21,21.89,17.54323349249722,13.475537758885263,73.88748668585171
1995-07-22,21.89,17.317388906488652,13.503591217698805,73.4712625351736
1995-07-23,21.89,16.462238110503936,13.489153092952503,70.74206152893258
1995-07-24,21.89,16.977588297796768,13.48617290714571,75.05013408037324
1995-07-25,21.89,16.60208513393169,13.502902680671973,70.72865404260635
1995-07-26,21.89,16.74990100835895,13.491918630725813,72.1780110081748
1995-07-27,21.89,17.72537288488569,13.499683469922427,71.26781084914113
1995-07-28,21.89,16.85533347000503,13.482504295437641,70.04941449190396
1995-07-29,21.89,17.548790489465773,13.505245986380812,71.47028356192133
1995-07-30,21.89,16.82091955232448,13.51882097387811,70.60954089858552
1995-07-31,21.89,17.729932506620884,13.482878043328284,74.21674208221775
1995-08-01,21.89,16.524448524371582,13.509909513299235,74.45948252190122
1995-08-02,21.89,16.91564271119122,13.496837655107539,74.21655699486917
1995-08-03,21.89,16.28784593532986,13.480251863877161,74.03908373271615
1995-08-04,21.89,17.390736194900256,13.507128216176278,73.92652462179478
1995-08-05,21.89,17.041325003342806,13.51045356221325,72.60228582138721
1995-08-06,21.89,16.98743856930786,13.514769946633278,72.95863014798412
1995-08-07,21.89,16.154002344555987,13.515962048954485,71.31339302213856
1995-08-08,21.89,17.24881971076342,13.499663329863806,70.72194470060467
1995-08-09,21.89,17.56812398146126,13.51059493916933,71.27905299187283
1995-08-10,21.89,17.327712340023005,13.514826648621503,71.97288942543584
1995-08-11,21.89,17.72804719589849,13.497473830918116,74.72993620072319
1995-08-12,21.89,17.377276727671525,13.471697888106087,74.28582916028805
1995-08-13,21.89,17.248364967574805,13.491447900765262,72.19688443609884
1995-08-14,21.89,17.203940476452747,13.512054164133344,73.50713226450495
1995-08-15,21.89,16.113886488866818,13.498007778054054,74.93899822678401
1995-08-16,21.89,16.545626356664982,13.517273670009484,72.31135598313638
1995-08-17,21.89,16.676946878004003,13.503455905308067,74.35029911629215
1995-08-18,21.89,16.427484885492866,13.525636581711847,73.13473497116462
1995-08-19,21.89,17.478092127229452,13.50624546190149,73.51083960433911
1995-08-20,21.89,17.669393626266075,13.503068051188812,73.03825584703755
1995-08-21,21.89,17.470194090944297,13.50895359233473,72.1706190540523
1995-08-22,21.89,17.337659196146696,13.480394903139336,75.55375349167261
1995-08-23,21.89,16.699270353079882,13.503325075958678,74.94486566759495
1995-08-24,21.89,17.081913964553006,13.484694738722302,68.91669664707544
1995-08-25,21.89,16.958731315550292,13.48481923712809,72.97897673939934
1995-08-26,21.89,16.860535411932528,13.49190297618182,74.70645819403263
1995-08-27,21.89,17.23039509906586,13.496587213415077,73.51634944107992
1995-08-28,21.89,17.057007105043173,13.503203189026696,71.3354522531069
1995-08-29,21.89,17.22094538518288,13.504993076007656,73.58049191889891
1995-08-30,21.89,18.048284631447483,13.51133733455492,71.50802045770773
1995-08-31,21.89,16.494670686388535,13.49498792573704,74.98000378265304
1995-09-01,21.89,17.817741563600354,13.50438619391788,73.64504303865925
1995-09-02,21.89,17.43415905636712,13.487576779947643,73.63731411602892
1995-09-03,21.89,15.624595659311334,13.497460208138573,71.90437593946226
1995-09-04,21.89,16.61280317225558,13.502480427148935,72.05960170899638
1995-09-05,21.89,17.0434835380867,13.487229397153671,72.29032062516717
1995-09-06,21.89,16.722142771025464,13.493100280755085,71.94482737612753
1995-09-07,21.89,16.57669817332052,13.484335849305992,71.6648843133857
1995-09-08,21.89,17.093310275457103,13.504595958540296,72.64245081755615
1995-09-09,21.89,16.822329223569074,13.51018351753259,73.20097892592322
1995-09-10,21.89,17.38517166721754,13.493618602567254,73.30235543842278
1995-09-11,21.89,16.896054873414798,13.51058423949521,70.26726690049577
1995-09-12,21.89,16.400696465901273,13.500849930239207,71.61168466669795
1995-09-13,21.89,17.259873228093017,13.505489248395937,74.91434709495947
1995-09-14,21.89,17.410115003803128,13.495931450684536,73.99945731397943
1995-09-15,21.89,16.947436119394375,13.519279913451147,73.99237288566975
1995-09-16,21.89,16.586071481686606,13.530441224766173,71.7055517243127
1995-09-17,21.89,17.180591900345842,13.47441200603473,72.31496071730815
1995-09-18,21.89,16.915071143332156,13.489498757369525,73.18333609146829
1995-09-19,21.89,16.93252062330376,13.49459963038436,73.18993206551157
1995-09-20,21.89,17.021480698843543,13.520217777191283,71.68228096991747
1995-09-21,21.89,17.392834154134054,13.509590207620317,70.83094784875385
1995-09-22,21.89,16.895216994882777,13.500158805608415,71.49451401885139
1995-09-23,21.89,16.04728481773501,13.522949710980237,73.10159445538316
1995-09-24,21.89,16.766160524083716,13.516398593837073,72.12140506419617
1995-09-25,21.89,17.223768986926437,13.505796132101505,73.19411018444018
1995-09-26,21.89,17.128767450464974,13.503322322829781,71.96188443890775
1995-09-27,21.89,16.238464265734503,13.513429121237728,73.98035221082716
1995-09-28,21.89,17.77932533509746,13.49637304349766,73.24653356619378
1995-09-29,21.89,16.68790777518896,13.508106246577887,74.08908944952287
1995-09-30,21.89,15.605524570856112,13.508931592307272,73.01845858130098
1995-10-01,21.89,16.350581714907403,13.515367579500145,74.34044871542386
1995-10-02,21.89,15.982441428701305,13.511697441188296,73.49401512215177
1995-10-03,21.89,16.2656520890788,13.49880139913029,75.03346750523018
1995-10-04,21.89,16.744798010758107,13.504013642910119,70.37142181719457
1995-10-05,21.89,17.85825405057088,13.516428273737763,73.51838380047079
1995-10-06,21.89,17.10019881294418,13.49219605407564,70.93381818248406
1995-10-07,21.89,17.056187877040713,13.486130832991227,75.00302841523934
1995-10-08,21.89,16.950664073839626,13.508072291823096,74.4350031643702
1995-10-09,21.89,16.915193610845076,13.476703146616599,75.14932025200365
1995-10-10,21.89,18.005958329555853,13.52330191714205,72.60171388614776
1995-10-11,21.89,17.079507796794758,13.526347247412101,73.81574513475869
1995-10-12,21.89,16.069120618088686,13.500555429873927,71.03981471111956
1995-10-13,21.89,16.78236541871281,13.497424443606386,72.96832732236341
1995-10-14,21.89,16.361825846237984,13.479225554964986,70.53174774675624
1995-10-15,21.89,16.772186223137314,13.491005255793818,73.08007203200431
1995-10-16,21.89,16.64768619374974,13.505247561450501,72.97285328109439
1995-10-17,21.89,16.80580926583523,13.492765308934688,74.28611005298683
1995-10-18,21.89,17.21696514187973,13.49825816890993,72.79708284442941
1995-10-19,21.89,16.992929940196806,13.49698323028433,72.05602391850852
1995-10-20,21.89,17.468896877883314,13.504216027071847,70.89464740319647
1995-10-21,21.89,17.25805682399008,13.478033908229609,73.88698976262967
1995-10-22,21.89,17.157707731471287,13.496012238816387,74.63260557996779
1995-10-23,21.89,16.991644033376787,13.491660781039228,73.68568604415402
1995-10-24,21.89,16.095774620928232,13.509898458938764,70.33016580151896
1995-10-25,21.89,17.12933409776715,13.47708620772705,72.42155493084029
1995-10-26,21.89,16.837266310383132,13.506117073274908,73.00620129386054
1995-10-27,21.89,16.748606979133363,13.49537022844342,71.52707517906106
1995-10-28,21.89,17.62174411729418,13.485665641438292,70.73800619894307
1995-10-29,21.89,16.624198700507893,13.488590661674307,72.43401239362933
1995-10-30,21.89,17.44677001313496,13.471742214827039,74.64538449449705
1995-10-31,21.89,15.648014565035343,13.512403696473086,73.02369791494947
1995-11-01,21.89,17.190250579152142,13.520446563942516,73.02025967392274
1995-11-02,21.89,16.646629899405106,13.500707625340857,74.2384106884563
1995-11-03,21.89,17.494010056853533,13.512985937981876,71.16146230357728
1995-11-04,21.89,17.260793197911966,13.502028632894193,72.08670432717321
1995-11-05,21.89,16.934382749474214,13.511385706566799,73.75869668445048
1995-11-06,21.89,16.74192084800716,13.503296721050726,72.36944640242397
1995-11-07,21.89,16.99944385171225,13.509322981685042,73.40228848123316
1995-11-08,21.89,17.77815961635177,13.516625143159379,73.3542726260052
1995-11-09,21.89,16.5932650912351,13.496680947812902,70.26413606748113
1995-11-10,21.89,16.512109298581045,13.510286095832683,71.41266238003512
1995-11-11,21.89,16.75807399833596,13.512751286125201,72.22979924518887
1995-11-12,21.89,17.18475433766446,13.492114527148164,72.41073494645767
1995-11-13,21.89,16.6117422513994,13.503917106690963,72.8436507843904
1995-11-14,21.89,16.498386868388998,13.503528562973992,72.1160808998689
1995-11-15,21.89,17.363796288711665,13.507542058704807,71.014671567287
1995-11-16,21.89,17.285443415228222,13.499669514388524,71.91187191326958
1995-11-17,21.89,16.60976438572093,13.470447526023527,72.49820939657674
1995-11-18,21.89,17.274589368800168,13.508655319133208,71.07858548827129
1995-11-19,21.89,17.32550936245605,13.490533769356928,72.4701465388617
1995-11-20,21.89,17.62352522286865,13.499132202720155,72.09751012818472
1995-11-21,21.89,16.875015850093916,13.476983543648307,72.17351043798826
1995-11-22,21.89,16.929525500196807,13.51560835955099,72.66043999978014
1995-11-23,21.89,17.6046477563502,13.502521073953384,72.92282106468566
1995-11-24,21.89,15.843699914504018,13.496147735216036,75.5255800079866
1995-11-25,21.89,16.762024190855353,13.501991151027257,73.8476833807022
1995-11-26,21.89,16.67914892367262,13.503481236114245,73.99856579510309
1995-11-27,21.89,16.63660221568099,13.489604324310529,72.35571970599915
1995-11-28,21.89,16.319878113986054,13.49498323296775,72.58048452258208
1995-11-29,21.89,16.595107644617865,13.49672845126309,76.85638034965069
1995-11-30,21.89,16.946282954513986,13.514037750124142,73.98199151316446
1995-12-01,21.89,15.45637133386077,13.501796825385215,73.72739121478901
1995-12-02,21.89,16.454657220027862,13.474529645256586,72.33728854935418
1995-12-03,21.89,17.654351829270713,13.499531733566718,71.92287212313961
1995-12-04,21.89,17.67251420251535,13.497870358576252,72.82041038613288
1995-12-05,21.89,16.985601820835708,13.495888222189263,72.4113434576459
1995-12-06,21.89,17.552017730991025,13.505250773655478,74.65206545053763
1995-12-07,21.89,16.68133970097512,13.504078704289267,71.37630592742421
1995-12-08,21.89,16.42357652084489,13.485211616478983,71.83106889895451
1995-12-09,21.89,16.277615807190923,13.514366327608979,74.50664872582159
1995-12-10,21.89,15.8626286267796,13.525533589865923,74.27571480552155
1995-12-11,21.89,16.841015963615835,13.48231563847068,74.60265251928399
1995-12-12,21.89,16.268346811232135,13.49857234938541,72.19483647178754
1995-12-13,21.89,17.09843569115714,13.50189556025134,73.31948343342894
1995-12-14,21.89,17.131504975268548,13.493620312097127,71.87994065560663
1995-12-15,21.89,17.71072216590075,13.48372543515261,72.95890800475235
1995-12-16,21.89,17.678952544606858,13.486336767092935,74.24360448068484
1995-12-17,21.89,17.212198865853466,13.509366788152057,72.95231021050864
1995-12-18,21.89,17.925727998456782,13.50506421514048,73.00047250738628
1995-12-19,21.89,16.863713487737336,13.496459825749978,76.41450417161622
1995-12-20,21.89,17.149297163186443,13.504899090691625,72.52881537058049
1995-12-21,21.89,18.07650189986747,13.50744587266752,73.28321234718852
1995-12-22,21.89,17.70041278463264,13.508698842928188,75.3167102831814
1995-12-23,21.89,16.71931917299102,13.493176561327676,73.16469044643675
1995-12-24,21.89,16.574583188865144,13.486632557656915,72.78532372112589
1995-12-25,21.89,17.05455918888233,13.494061126073243,73.25582760128471
1995-12-26,21.89,16.42686972182485,13.498888306148231,73.00147440363106
1995-12-27,21.89,17.492350137268968,13.491398102513937,75.16661247120103
1995-12-28,21.89,16.065304159931003,13.500522773719092,71.8568423648971
1995-12-29,21.89,16.632392696273435,13.505711939507686,71.67001190888689
1995-12-30,21.89,16.998895552427122,13.49581623082921,73.42144881134243
1995-12-31,21.89,16.70678836957873,13.511959977884953,73.31473170173734
1996-01-01,21.89,19.6640696162725,13.491281751570705,30.068302786550078
1996-01-02,21.89,20.443413902920913,13.490537661339214,28.97438420862398
1996-01-03,21.89,20.671406224954545,13.494909377904422,29.43196093319435
1996-01-04,21.89,20.17336911461713,13.496773337661951,29.114022069489934
1996-01-05,21.89,20.499709041263486,13.503594163118203,30.498172255066127
1996-01-06,21.89,21.67353940927086,13.479016823037114,29.422173438965427
1996-01-07,21.89,21.346151655486487,13.503090034165233,29.774774169529987
1996-01-08,21.89,21.79683352793523,13.489155269608736,30.01243798176806
1996-01-09,21.89,20.79866081216815,13.524486238911004,29.19581512936662
1996-01-10,21.89,21.249498862956106,13.502357498079897,28.767106677876306
1996-01-11,21.89,21.766057540068346,13.495289640195566,29.01132448171494
1996-01-12,21.89,21.614711477323144,13.506526469799818,29.967505574041017
1996-01-13,21.89,20.49361732868894,13.5104253575125,30.16545788043656
1996-01-14,21.89,20.93619491926759,13.511680463673276,28.83965658010122
1996-01-15,21.89,21.465903253232394,13.493753798113211,29.46809897927989
1996-01-16,21.89,20.064608030211232,13.48516469453934,29.327182946094826
1996-01-17,21.89,20.091262956133935,13.522019477258933,30.783210273062245
1996-01-18,21.89,20.668460649460712,13.48596888411152,28.8067186962754
1996-01-19,21.89,20.91108672630845,13.514564358793463,30.266351921584803
1996-01-20,21.89,20.620283152387394,13.495740640874342,30.204232688250922
1996-01-21,21.89,21.444934854538957,13.505348596945671,28.6329964401187
1996-01-22,21.89,20.345829066582574,13.488529154881544,29.698065620800417
1996-01-23,21.89,20.277081229355304,13.504563921167431,29.44781760244545
1996-01-24,21.89,20.86650501957989,13.515092000399571,29.19518928539763
1996-01-25,21.89,20.0987639800446,13.50119147049019,29.908169489491588
1996-01-26,21.89,20.83140627697462,13.507193553149316,29.273279708820997
1996-01-27,21.89,21.154030030779598,13.513001917314435,28.92481453738034
1996-01-28,21.89,20.45431823234115,13.49455633225734,29.811966024053355
1996-01-29,21.89,20.044674531216618,13.496414306460945,29.138617137789275
1996-01-30,21.89,21.25242183941324,13.506915281715676,29.648664286386463
1996-01-31,21.89,20.866859561231813,13.521006313141458,29.203639679743645
1996-02-01,21.89,20.922369313220685,13.488007842192179,28.636835577294182
1996-02-02,21.89,20.255489276456792,13.489568606890682,29.74439628994238
1996-02-03,21.89,20.19128199345546,13.507112326658863,28.332639862991492
1996-02-04,21.89,20.80794756756001,13.516299980610299,28.524826290734808
1996-02-05,21.89,20.23240537644393,13.511747764988986,29.05758005057093
1996-02-06,21.89,20.879353775890827,13.494300951212281,28.98310537776547
1996-02-07,21.89,20.839903565118902,13.480250355654698,29.996220869690095
1996-02-08,21.89,21.505183201423037,13.512327455869759,28.92082631208518
1996-02-09,21.89,21.50835101665345,13.509039951898828,29.85265852838363
1996-02-10,21.89,20.538671779186714,13.517657265351453,29.547376017212805
1996-02-11,21.89,19.699034756918927,13.504664084499566,28.82056794339952
1996-02-12,21.89,20.250889220095335,13.490000845366614,29.259859959464396
1996-02-13,21.89,20.592539687303134,13.48625493411461,28.578466049536367
1996-02-14,21.89,20.436078978611658,13.518195428702157,29.45814770547761
1996-02-15,21.89,20.68238045897997,13.48274822280609,29.485296218441448
1996-02-16,21.89,21.893524288616913,13.51118011279179,29.58384065527746
1996-02-17,21.89,20.17942351504379,13.513028654957182,29.329201178649637
1996-02-18,21.89,20.676508064067452,13.5093337550141,29.656421604964734
1996-02-19,21.89,20.281143877140046,13.500974449961065,28.922685740940572
1996-02-20,21.89,20.48997316741014,13.497371514133603,28.833196287591804
1996-02-21,21.89,21.002465323112744,13.493578815030515,28.929066422834374
1996-02-22,21.89,20.699877290801197,13.507853297307573,29.370385451511048
1996-02-23,21.89,21.16656623356922,13.489895205555367,29.904636108546857
1996-02-24,21.89,20.488041926462763,13.504402732857553,29.58099194569078
1996-02-25,21.89,20.650850226666492,13.491348770362622,28.82824791558284
1996-02-26,21.89,20.210280383501768,13.502347928665072,28.992658218583117
1996-02-27,21.89,20.09332461440125,13.485648246260315,29.355105286819366
1996-02-28,21.89,20.506776297558122,13.496957212949361,30.193721558888928
1996-02-29,21.89,20.01950076621051,13.501688509769632,28.660691719463465
1996-03-01,21.89,20.515305815018433,13.496364023112243,28.6398565913382
1996-03-02,21.89,18.867977180296684,13.511203327135895,29.128018949190736
1996-03-03,21.89,20.309558476636056,13.485590637067556,29.53635249106852
1996-03-04,21.89,21.253201001860702,13.511594271067988,30.307098378406295
1996-03-05,21.89,20.976209753882564,13.490528167712771,28.630434212116757
1996-03-06,21.89,20.25728763298477,13.475565604473381,28.760066755282413
1996-03-07,21.89,19.410707389983518,13.506646592559672,28.90246681539245
1996-03-08,21.89,20.834132628222964,13.490929338293212,28.772229505590843
1996-03-09,21.89,20.579250039264654,13.505109083466571,30.077268561773348
1996-03-10,21.89,20.53763093769347,13.491753830715647,29.136485336374324
1996-03-11,21.89,20.54101989329699,13.468659553237046,28.180849084628306
1996-03-12,21.89,20.510494018920568,13.516523523754516,28.463567038557933
1996-03-13,21.89,21.26791648418365,13.50347331500322,30.32198022524411
1996-03-14,21.89,22.014742423599106,13.52197688607612,29.3595777854856
1996-03-15,21.89,20.577312616514835,13.492301061620305,28.932612951878593
1996-03-16,21.89,21.52393149051882,13.505406982558975,29.096892496272886
1996-03-17,21.89,19.796738178054873,13.505402881801226,28.656315805264686
1996-03-18,21.89,21.250977827803652,13.524456480552832,29.275361470851593
1996-03-19,21.89,20.57779054002476,13.48754255351334,29.49404772125298
1996-03-20,21.89,21.86234637347473,13.496154813951746,28.743696628200368
1996-03-21,21.89,21.255419498391596,13.497412801270805,29.11893775515624
1996-03-22,21.89,21.18979216408987,13.515696276873566,29.26410803005382
1996-03-23,21.89,20.88019091134773,13.507505226268886,29.199349986794797
1996-03-24,21.89,21.059639728429513,13.50610134624548,29.594841668707325
1996-03-25,21.89,20.904847355545062,13.491721547896107,28.659144117881645
1996-03-26,21.89,20.88944302238008,13.492334676085683,29.471252830851792
1996-03-27,21.89,21.45530524625664,13.495424624169488,28.802252124486003
1996-03-28,21.89,19.945871693296905,13.500582452951983,29.16146459921302
1996-03-29,21.89,20.02154532732785,13.505020154265122,30.170019036798593
1996-03-30,21.89,20.351837478152827,13.517368781506377,29.7963925070078
1996-03-31,21.89,20.551850421249597,13.506676743988494,29.377522706141306
1996-04-01,21.89,20.58270363948168,13.501978482834161,29.801387571197544
1996-04-02,21.89,20.52789969251838,13.486724389952395,29.279934830040588
1996-04-03,21.89,20.126151221761422,13.482753679535406,28.649117321634005
1996-04-04,21.89,21.184339310321384,13.483912645525152,29.01907052064541
1996-04-05,21.89,21.175632061026093,13.492842109639682,29.756000865198004
1996-04-06,21.89,20.681494404933975,13.4844511905117,28.944891063562782
1996-04-07,21.89,21.179478219134335,13.51486088482492,29.266728736051267
1996-04-08,21.89,20.142126959427365,13.477929095745504,30.219783191783655
1996-04-09,21.89,20.38736299632063,13.513451570294588,29.46568875331311
1996-04-10,21.89,21.524571898822106,13.487972477130869,29.227852447978716
1996-04-11,21.89,20.612940782776366,13.515465212460049,29.34106199679434
1996-04-12,21.89,20.90175120354765,13.502865224368337,29.328240564437923
1996-04-13,21.89,20.272056048749896,13.485735168712473,29.088725103286244
1996-04-14,21.89,20.983877180340098,13.494859653879036,29.82664340423609
1996-04-15,21.89,20.353318784144715,13.48344460802885,30.480690236218127
1996-04-16,21.89,20.41576897200851,13.514753103821903,29.269862171106432
1996-04-17,21.89,20.532850102052777,13.520333043885662,31.069504904224395
1996-04-18,21.89,20.790247609115912,13.479373912379348,29.859310402943546
1996-04-19,21.89,20.162992347164103,13.484863051480584,28.786222005793608
1996-04-20,21.89,20.763953015486884,13.497682196401097,29.45072721946814
1996-04-21,21.89,20.387169966205015,13.50818113424588,28.798493131208392
1996-04-22,21.89,20.173556518516698,13.473132238341503,28.913104689806993
1996-04-23,21.89,20.462114941567673,13.507272539550815,29.6892161321211
1996-04-24,21.89,20.088290639172392,13.488786157165448,29.579391003661925
1996-04-25,21.89,19.98168016696554,13.48725782541,29.813019689991876
1996-04-26,21.89,21.008419745630153,13.497076846859358,29.488635846166517
1996-04-27,21.89,20.444209939042608,13.50017483944099,28.83395330691789
1996-04-28,21.89,19.80352459556867,13.522592443136581,28.95134201012873
1996-04-29,21.89,21.977307943406704,13.485800520847807,29.11348644536449
1996-04-30,21.89,21.34521580446978,13.48880057882333,30.21707914718667
1996-05-01,21.89,21.071071890418263,13.519866164592976,29.045537957153485
1996-05-02,21.89,20.582917764489512,13.51709132619263,29.63095553632013
1996-05-03,21.89,21.97291257762115,13.504086261827808,29.77726923563456
1996-05-04,21.89,20.57334482818177,13.490920638979807,28.815801652237038
1996-05-05,21.89,21.0960100959959,13.483320939946735,30.33198233845922
1996-05-06,21.89,19.93187436726159,13.512207931337427,29.136212342987665
1996-05-07,21.89,21.504336175563225,13.495953148187665,30.42443659467093
1996-05-08,21.89,20.655165958352377,13.511968799528738,29.15949720970188
1996-05-09,21.89,20.18660122536846,13.503642672047347,29.973656018660726
1996-05-10,21.89,20.247274118644025,13.493924088889749,29.302013529330953
1996-05-11,21.89,20.319208560521577,13.489358919175974,29.656477942805026
1996-05-12,21.89,20.55710237333014,13.49798449466884,29.209987787545796
1996-05-13,21.89,21.03855022100739,13.477453142802732,28.57276918239468
1996-05-14,21.89,20.762965098087495,13.487431314532943,30.60629966261862
1996-05-15,21.89,22.214279229208834,13.482583085664633,28.50744361451637
1996-05-16,21.89,19.966792887837247,13.507655905502547,27.790953381153244
1996-05-17,21.89,20.72163260405615,13.484366722100077,29.18436995927243
1996-05-18,21.89,20.126009453665755,13.4959718661316,29.27938854729504
1996-05-19,21.89,21.549446470789913,13.513765248580848,29.398648351285473
1996-05-20,21.89,20.534500912931748,13.52360236829717,29.13004330413726
1996-05-21,21.89,20.634009991196073,13.515469921621778,29.569201815342566
1996-05-22,21.89,20.531782188958644,13.502766544671069,29.904669868296438
1996-05-23,21.89,20.901636829762698,13.46447726673397,29.000272305531112
1996-05-24,21.89,20.950695386446323,13.501346484524518,28.516464399852968
1996-05-25,21.89,20.62583166662022,13.495028475904194,29.330799135865476
1996-05-26,21.89,21.106255991378188,13.493898239205551,29.238353257644604
1996-05-27,21.89,21.43513540930917,13.521948077180895,28.696287356564582
1996-05-28,21.89,20.593744970027206,13.504069342507265,29.017445433305877
1996-05-29,21.89,21.39707717688713,13.48566616380941,28.99046196560276
1996-05-30,21.89,19.647673340383683,13.50255146771555,28.853971650561153
1996-05-31,21.89,19.690130201949586,13.4938906823594,29.390326542901924
1996-06-01,21.89,21.354057259178386,13.495199400871043,29.103406857879826
1996-06-02,21.89,21.73536933662246,13.473188157938731,29.455345446900512
1996-06-03,21.89,19.775301723406024,13.498430963054581,29.766388124819724
1996-06-04,21.89,21.623568667122637,13.488141986622738,28.593987761161987
1996-06-05,21.89,19.946259902050294,13.498651694225309,28.247640192839253
1996-06-06,21.89,20.70594065575156,13.506354202015256,28.98132266577076
1996-06-07,21.89,21.48949575071087,13.520623762940453,29.60622364199717
1996-06-08,21.89,19.306410832534855,13.479137290597523,30.298032568682714
1996-06-09,21.89,22.17723965640542,13.494842765453104,28.725642669973443
1996-06-10,21.89,20.438140387372385,13.487920907664009,28.670178016866405
1996-06-11,21.89,20.170317617235124,13.505894146276667,28.740126546927012
1996-06-12,21.89,19.95696873889451,13.504938340033457,29.39043349762239
1996-06-13,21.89,21.357410058342943,13.486408341395707,29.460436433007942
1996-06-14,21.89,19.4266378755049,13.490559026480124,29.773673174348115
1996-06-15,21.89,21.641816086415407,13.498790691381474,28.33395886721596
1996-06-16,21.89,21.021695677799094,13.486718695308472,29.71833512998024
1996-06-17,21.89,20.47298869307205,13.494869184970582,28.711452967953015
1996-06-18,21.89,20.780532444882017,13.518101274851361,30.407029058031203
1996-06-19,21.89,20.78678607744075,13.49751802046628,29.36216942723885
1996-06-20,21.89,20.59981057862427,13.509792553229287,30.03606550371005
1996-06-21,21.89,21.366680592100987,13.502217091450198,29.39468734794983
1996-06-22,21.89,20.486766269313197,13.517317988343166,29.471892129892236
1996-06-23,21.89,21.524858075997912,13.500579652310874,29.632282330035814
1996-06-24,21.89,19.474463453688017,13.49285631980407,29.35522103796698
1996-06-25,21.89,20.349350106889684,13.501821238730278,29.803026860507174
1996-06-26,21.89,20.304194086253712,13.514146445903059,29.590386771045136
1996-06-27,21.89,20.598564001465896,13.52892719193545,29.26005575875749
1996-06-28,21.89,20.36061000450188,13.494087487281744,29.476398933110833
1996-06-29,21.89,21.686292061970576,13.508214415362051,29.51543524901489
1996-06-30,21.89,19.55398358060814,13.50454181575153,29.073634561608337
1996-07-01,21.89,20.72388274636885,13.500385665353315,29.20639576759091
1996-07-02,21.89,21.07024414718669,13.507799252403709,27.980027069479455
1996-07-03,21.89,20.48500608734439,13.493887341666653,28.281442555060355
1996-07-04,21.89,20.233328124213514,13.528311713967225,30.181035320544822
1996-07-05,21.89,21.016668339160407,13.493866080659553,29.70752693050518
1996-07-06,21.89,21.016113903068934,13.494406255356363,28.873032089529275
1996-07-07,21.89,20.156256066459903,13.523691359018846,29.24708663009695
1996-07-08,21.89,20.91360905569488,13.49271188458572,28.582133533101292
1996-07-09,21.89,19.95207510218818,13.503297632382928,29.745897472972402
1996-07-10,21.89,20.33838581054845,13.506641177508957,28.818056478090888
1996-07-11,21.89,21.856836733376504,13.474030708116537,30.11858873416344
1996-07-12,21.89,19.787269650330423,13.487052441505469,29.357557641322444
1996-07-13,21.89,19.88984962779909,13.489102784963078,30.125732111741932
1996-07-14,21.89,20.452173970897466,13.522532670890872,29.303931590294756
1996-07-15,21.89,21.251567304946995,13.479590475609443,29.421794116667375
1996-07-16,21.89,20.58564887079738,13.480318362846972,29.555093487675606
1996-07-17,21.89,19.880847344642934,13.501704753858094,28.893613974808734
1996-07-18,21.89,20.145452725285182,13.468889059014332,28.982035603223327
1996-07-19,21.89,20.166911204436268,13.499500336455231,29.365852418921847
1996-07-20,21.89,21.825780919826244,13.513200077947548,28.602934545734584
1996-07-21,21.89,19.95799294846037,13.508401981022768,29.62202765445228
1996-07-22,21.89,20.687675331574155,13.492322073640693,28.59042205100638
1996-07-23,21.89,20.26890858443727,13.50620088557941,28.855735357661455
1996-07-24,21.89,20.70871713390159,13.488489550351314,30.036834203695104
1996-07-25,21.89,22.01476014344858,13.480379677626523,29.032653727027984
1996-07-26,21.89,21.287182157060368,13.484798805210353,28.82208778136218
1996-07-27,21.89,20.54555353712911,13.511292816831931,29.68831746855701
1996-07-28,21.89,19.933916505102616,13.480183720065812,28.968541029669584
1996-07-29,21.89,20.77598768350532,13.508028850021429,29.068445815181278
1996-07-30,21.89,20.811275643310314,13.50447096896787,28.777443047181553
1996-07-31,21.89,21.136204981880223,13.483405127346801,29.63268234969119
1996-08-01,21.89,21.29365627186395,13.48495916541161,28.6589520112681
1996-08-02,21.89,20.643687739006563,13.497803050597515,28.945590688972654
1996-08-03,21.89,20.33911897015986,13.488310616854184,28.59892873130264
1996-08-04,21.89,21.030937909791152,13.4825243121169,28.58705344156745
1996-08-05,21.89,21.503717107293557,13.480637326838607,29.30763760941499
1996-08-06,21.89,21.121388789003287,13.500060513089434,29.529189027003103
1996-08-07,21.89,20.474282999266393,13.50102115753521,28.361070974330794
1996-08-08,21.89,21.383249869551914,13.489592021577831,28.926293297922307
1996-08-09,21.89,21.219774531325154,13.513037395038891,28.64283064784056
1996-08-10,21.89,20.90094644284511,13.492455830111222,29.535405301400782
1996-08-11,21.89,20.64098043909453,13.49544385780335,29.49230623666889
1996-08-12,21.89,20.24071801700864,13.510186862716132,28.814753860378662
1996-08-13,21.89,20.570431478284775,13.494118469113324,30.222178884074143
1996-08-14,21.89,20.51899519601883,13.51209619365949,29.39131644638205
1996-08-15,21.89,20.124826819252654,13.493599040073743,29.07473064796491
1996-08-16,21.89,20.202348021985216,13.476695008498341,28.80267807856433
1996-08-17,21.89,20.56694349881917,13.488488200974958,28.282034208648895
1996-08-18,21.89,20.986948914396685,13.504157994657852,29.14318591269906
1996-08-19,21.89,20.1868743325199,13.518627171035517,29.66494077633751
1996-08-20,21.89,20.101806113869507,13.516407902257543,30.20788530641446
1996-08-21,21.89,21.189441397190496,13.519540404131968,29.280508365805105
1996-08-22,21.89,20.77930148560102,13.498597716084653,29.67272457535943
1996-08-23,21.89,21.022822973393648,13.496660868597477,29.51790071924905
1996-08-24,21.89,20.205550342038727,13.499192574818082,29.694425494803664
1996-08-25,21.89,20.45215144864638,13.504407086376917,29.00063056080318
1996-08-26,21.89,20.495192797911635,13.502063322749267,29.816363988689922
1996-08-27,21.89,20.01677795529911,13.479336680782861,29.125868587149302
1996-08-28,21.89,21.53850612895537,13.498157002606893,28.68815477162664
1996-08-29,21.89,20.717457907096666,13.49473443991076,29.439759717825698
1996-08-30,21.89,20.67277611837944,13.500223294096951,28.59442159183054
1996-08-31,21.89,19.974566775712155,13.471030888045151,29.479391515335358
1996-09-01,21.89,20.826080815182493,13.490693716679615,29.673016403895463
1996-09-02,21.89,21.0284078153799,13.4882881213624,28.805517387126997
1996-09-03,21.89,20.60976602957809,13.517200901376464,28.671627098865052
1996-09-04,21.89,20.598560662154792,13.506659369689935,28.832707430111757
1996-09-05,21.89,20.361859606433956,13.502148622084947,28.90752443525996
1996-09-06,21.89,19.88792707065386,13.5108533241469,30.604942500137625
1996-09-07,21.89,19.843771244840976,13.504120408354982,29.39297534704133
1996-09-08,21.89,21.175428035360337,13.489428076581973,29.053020198984207
1996-09-09,21.89,20.4781279065796,13.505641570622322,27.85610940977304
1996-09-10,21.89,21.022149057412904,13.509007376300607,29.60874967250999
1996-09-11,21.89,21.11909836413762,13.517884132090447,29.257552327130686
1996-09-12,21.89,20.78589928822055,13.49743503413066,29.258555630079726
1996-09-13,21.89,20.23903027777587,13.522120545264489,28.598257463733358
1996-09-14,21.89,20.016808351272743,13.528181089321967,29.014422979014725
1996-09-15,21.89,20.95087438791401,13.511169150953636,29.37130955902846
1996-09-16,21.89,21.07715822387799,13.506828141689118,28.696818605633744
1996-09-17,21.89,20.417636458038743,13.525501009972148,29.713642092493526
1996-09-18,21.89,19.889864228815156,13.517980694258757,28.799815879886673
1996-09-19,21.89,18.75768079285114,13.488140431699081,30.386816507759526
1996-09-20,21.89,20.21828131027305,13.510046896754067,28.79486027404924
1996-09-21,21.89,22.30962719739028,13.494032102347735,28.477466386199733
1996-09-22,21.89,21.15644295120594,13.51864258277234,28.379842758166614
1996-09-23,21.89,20.289509538940052,13.47926469886002,29.865946948702565
1996-09-24,21.89,20.119336366472673,13.501985604689734,28.473133083570907
1996-09-25,21.89,20.095507083318736,13.490290108207633,29.306029081175062
1996-09-26,21.89,21.22203085727096,13.512200794901531,29.768388635816287
1996-09-27,21.89,19.813903326202457,13.503936788446682,29.80760618894425
1996-09-28,21.89,20.82137040432974,13.508718828623389,28.258995738546652
1996-09-29,21.89,21.20537641044309,13.514550141261829,29.172102066699647
1996-09-30,21.89,19.781653589926325,13.497231402104564,29.41465987565667
1996-10-01,21.89,19.206090431860865,13.490599371216389,28.160004873780395
1996-10-02,21.89,19.55128229519931,13.478752518088946,29.813482047956164
1996-10-03,21.89,21.566574401491646,13.490410943020382,29.208139868532164
1996-10-04,21.89,20.09030739968555,13.506016936319101,29.77856071090778
1996-10-05,21.89,20.808381153154905,13.512193876392528,29.613306920938133
1996-10-06,21.89,20.075935227730152,13.505269205598562,29.71769400598224
1996-10-07,21.89,21.9034811518938,13.47993360299449,28.446513821420783
1996-10-08,21.89,20.29909105848364,13.482903737474274,28.746359469840876
1996-10-09,21.89,20.798654887905666,13.487631689025871,29.490902090835544
1996-10-10,21.89,20.77004810915673,13.501119355828065,28.247223684251793
1996-10-11,21.89,21.415800889301533,13.500536785344426,29.53471922403733
1996-10-12,21.89,21.314374759710304,13.502425384920807,29.18227794458917
1996-10-13,21.89,20.51912835924077,13.468675454122817,28.17425200879166
1996-10-14,21.89,20.210898209988024,13.498678782231009,29.04335307733105
1996-10-15,21.89,20.507055296361138,13.490896657514558,29.386387033390807
1996-10-16,21.89,20.7069258377959,13.506867160219473,29.199888696953998
1996-10-17,21.89,20.86138757548258,13.51235404109241,29.137026536474185
1996-10-18,21.89,20.750494307830092,13.513556840754335,29.235005707278653
1996-10-19,21.89,20.60174240492906,13.483887500605858,28.371129770761193
1996-10-20,21.89,20.59758755582563,13.506242987982391,29.930520772647363
1996-10-21,21.89,20.193883442274508,13.489940243704424,28.004764717553673
1996-10-22,21.89,21.76262405231439,13.506458001590095,29.549466033866132
1996-10-23,21.89,20.50932716544423,13.485909094765926,29.27702176753776
1996-10-24,21.89,18.896181691754112,13.512413701159787,29.074288519315225
1996-10-25,21.89,21.019293385280548,13.494421833615759,29.25952880187745
1996-10-26,21.89,20.99497315516779,13.491361589777966,29.518760939854413
1996-10-27,21.89,20.65373079625702,13.51267094322344,30.11928823275224
1996-10-28,21.89,20.75994367119376,13.52807868395446,29.168167018136828
1996-10-29,21.89,20.4299544983769,13.515578450137143,28.580150969798698
1996-10-30,21.89,20.88933403026589,13.495720439662803,29.24059035034622
1996-10-31,21.89,20.613309380885678,13.506871499991968,29.188370388401502
1996-11-01,21.89,21.184983641293584,13.512254593554008,30.039771541155403
1996-11-02,21.89,20.752437907187005,13.487327037459243,29.37450045240675
1996-11-03,21.89,20.878031177928253,13.48312124170055,30.082454339385034
1996-11-04,21.89,20.34802489096969,13.494030978640358,29.299737390021818
1996-11-05,21.89,19.410654691178586,13.512030353534122,28.7138377574089
1996-11-06,21.89,21.92856363895925,13.515541014366288,29.656290577351932
1996-11-07,21.89,19.84967425195614,13.508508781643105,30.47689274465411
1996-11-08,21.89,20.754272851890374,13.497966265654519,29.03250032988982
1996-11-09,21.89,19.729813436660365,13.51136051550917,29.62404748499525
1996-11-10,21.89,21.35436531119882,13.497873023051094,29.260242931711854
1996-11-11,21.89,21.22735014091486,13.484806011997774,28.622041262823515
1996-11-12,21.89,19.594091793603084,13.50483325561468,30.139397541291746
1996-11-13,21.89,20.740495797672757,13.497373008596782,28.556778429877696
1996-11-14,21.89,20.777581361084025,13.510123872070789,29.20967457582247
1996-11-15,21.89,19.52975616973478,13.498377400895182,29.185767616274305
1996-11-16,21.89,21.45509069101042,13.516551903897067,28.693174304546677
1996-11-17,21.89,20.06763404626588,13.509360023262792,29.62148965414865
1996-11-18,21.89,20.93351435936539,13.50645452797798,27.985903746778963
1996-11-19,21.89,19.981296263438413,13.512250350002468,29.262063270388385
1996-11-20,21.89,21.075546079790193,13.501207703545155,29.169545258831715
1996-11-21,21.89,20.26312457305133,13.499249676223796,29.43109587865406
1996-11-22,21.89,19.966434589663912,13.49411044293194,29.75438016417833
1996-11-23,21.89,21.35408678950741,13.498984146896529,29.197643054944827
1996-11-24,21.89,20.310437706530962,13.494684962518864,28.499986480792806
1996-11-25,21.89,19.940019556751896,13.47532421546733,29.462731414725045
1996-11-26,21.89,20.872402896942067,13.500847023235364,29.777944748775617
1996-11-27,21.89,21.092176171499418,13.505594659415076,30.35365299973913
1996-11-28,21.89,20.472757694097346,13.493269887153854,29.708853310929843
1996-11-29,21.89,21.59019355718932,13.52168322589286,30.38396439925362
1996-11-30,21.89,21.353400694680072,13.520306126723888,29.369560188265616
1996-12-01,21.89,21.228790405672797,13.48574026810138,29.472601087648243
1996-12-02,21.89,20.658637865629334,13.496197112426712,29.60671235026972
1996-12-03,21.89,19.916005874601506,13.492732375308416,29.76630490140069
1996-12-04,21.89,19.986994251772213,13.508433009087662,28.745633765207774
1996-12-05,21.89,20.74208241617637,13.521006993369811,28.603637370710953
1996-12-06,21.89,20.066499823120466,13.492821728683207,28.760326347936427
1996-12-07,21.89,21.110459427562695,13.502300855773957,29.01980767359427
1996-12-08,21.89,21.226096741502264,13.50142354538799,29.32782591321691
1996-12-09,21.89,20.388582695600462,13.490509783452142,28.89832021514928
1996-12-10,21.89,20.696961787931492,13.507144161205959,29.595310683745232
1996-12-11,21.89,20.710285220826062,13.506544390625045,28.82406680738889
1996-12-12,21.89,20.531765908721688,13.493787966854912,30.032338500276964
1996-12-13,21.89,21.150023074631832,13.522166357302684,30.324770894577373
1996-12-14,21.89,20.146766341894978,13.500739002963533,29.675406052759485
1996-12-15,21.89,20.7356873838679,13.48898543142248,28.835889052388534
1996-12-16,21.89,20.855164871514418,13.469507020467896,29.714969380903327
1996-12-17,21.89,19.587899189763707,13.489174774038386,29.583927857932093
1996-12-18,21.89,19.97007575624838,13.498307162746723,29.414510155751678
1996-12-19,21.89,20.59625510638135,13.505558003512986,29.30587414815063
1996-12-20,21.89,20.053028671196014,13.520599777193336,29.033198099567585
1996-12-21,21.89,20.603120015504988,13.513396187645167,28.54175059991211
1996-12-22,21.89,20.28854461374311,13.497282446591688,29.052650719430964
1996-12-23,21.89,20.79833695249941,13.48855404363263,30.240259004896618
1996-12-24,21.89,20.334948757631192,13.502096487995733,29.073478779257922
1996-12-25,21.89,21.482987346478318,13.49661441193613,28.950494634449942
1996-12-26,21.89,21.4650374689251,13.481342297153883,28.996642358825966
1996-12-27,21.89,20.31121226165505,13.469126894807358,29.569382937738908
1996-12-28,21.89,20.67134057151998,13.50876208639965,29.50295737747828
1996-12-29,21.89,20.87767267724874,13.5004819766687,29.959428055736772
1996-12-30,21.89,21.427103544697268,13.505196325639226,29.703664416198713
1996-12-31,21.89,20.168438432473017,13.51236084427276,28.320968197563857
1997-01-01,21.89,19.476901907598872,13.518433154666017,8.234034371037918
1997-01-02,21.89,19.265659935719576,13.485280994371918,8.357843719107478
1997-01-03,21.89,18.870380259213515,13.490587893328692,8.458419537496512
1997-01-04,21.89,18.752709514124653,13.480605872425407,8.624625128644285
1997-01-05,21.89,18.650261496896647,13.50069734616881,8.661093742241674
1997-01-06,21.89,18.313640410991923,13.47862775889546,8.253566108224282
1997-01-07,21.89,18.46291677401803,13.493242131558194,8.8252235533159
1997-01-08,21.89,19.884006268865186,13.473659471658028,8.658304323384552
1997-01-09,21.89,19.918545539644356,13.49881823094244,8.301055221262361
1997-01-10,21.89,18.895297574963752,13.524867907269826,8.35476163821641
1997-01-11,21.89,19.697803602773664,13.490500954684196,8.445753174449857
1997-01-12,21.89,19.55698874412055,13.500562915019277,8.456567000895454
1997-01-13,21.89,18.712800464046918,13.50717687440064,8.650648615046112
1997-01-14,21.89,18.379801277518457,13.49511902386627,8.544654060758305
1997-01-15,21.89,18.446355191477277,13.497592956500586,8.746111202250944
1997-01-16,21.89,18.236128219177907,13.502401009258946,8.9090174296056
1997-01-17,21.89,19.444886816489923,13.504042934582762,8.386988196279074
1997-01-18,21.89,19.146658230023647,13.513427607881564,8.355051669566016
1997-01-19,21.89,17.730851868307614,13.522560673278308,8.740916123554126
1997-01-20,21.89,18.862005745368084,13.495386697137208,8.754337087496353
1997-01-21,21.89,19.237058916652842,13.53745207610229,8.794231571609382
1997-01-22,21.89,19.30710945867191,13.497340990107661,8.691582206705183
1997-01-23,21.89,19.714394861059432,13.477726341098458,8.493491507666635
1997-01-24,21.89,19.445744957079537,13.503385463425097,8.592089097258762
1997-01-25,21.89,19.340540177570634,13.47146968353364,8.664148644370265
1997-01-26,21.89,19.265497984010842,13.48348678933136,8.800394909253693
1997-01-27,21.89,18.67016295033077,13.498235202556412,8.800235414386147
1997-01-28,21.89,19.737745855534882,13.509836378911919,8.59491722214601
1997-01-29,21.89,18.84605115235318,13.509616153536276,8.64909950004027
1997-01-30,21.89,18.97317665458603,13.501807148892805,8.668999986910265
1997-01-31,21.89,18.378039684310462,13.515937255120258,8.680573424229673
1997-02-01,21.89,18.350446895385456,13.490053835232946,8.568676864048369
1997-02-02,21.89,19.33049290468867,13.482778740022708,8.90017904718241
1997-02-03,21.89,19.20668581953465,13.503842982307521,8.47405302126502
1997-02-04,21.89,18.678029182895543,13.487790939977087,8.547444469263855
1997-02-05,21.89,18.844252341675833,13.501231890370805,8.191310984467894
1997-02-06,21.89,18.368560871701252,13.496640006586713,8.150662280443171
1997-02-07,21.89,18.886489618730206,13.483079211966597,8.609637481026054
1997-02-08,21.89,19.184277512538543,13.510952404922376,8.613993293990058
1997-02-09,21.89,19.97851491360249,13.504249735815954,8.51713748148763
1997-02-10,21.89,18.91766077841498,13.49162948734571,8.494148494162049
1997-02-11,21.89,18.780914274467275,13.499604333600749,8.364551223058845
1997-02-12,21.89,18.88496674128607,13.50464571808512,8.889045557011721
1997-02-13,21.89,19.39228168828351,13.491922221059896,8.891767566472636
1997-02-14,21.89,19.718412235595125,13.488307479632056,8.089332776158503
1997-02-15,21.89,19.180785848363108,13.515650296116617,8.489597645393026
1997-02-16,21.89,19.631653449991457,13.50654944162356,8.569574530551192
1997-02-17,21.89,18.894131836336044,13.511861550472412,8.485730263379775
1997-02-18,21.89,19.48007413520856,13.536087421855742,8.239658620067548
1997-02-19,21.89,20.214054695957934,13.49006324190297,8.409888725518112
1997-02-20,21.89,19.4561320548778,13.532837103329397,8.652199950902396
1997-02-21,21.89,19.62361000650617,13.488907962378185,8.443948742674802
1997-02-22,21.89,19.056251863723432,13.488636315347668,8.471249969383411
1997-02-23,21.89,19.245953527892674,13.501435263482012,8.28677134818476
1997-02-24,21.89,19.227489594041568,13.497391923765555,8.642983984213554
1997-02-25,21.89,19.875672882471598,13.480427791269648,8.393162742252017
1997-02-26,21.89,18.915068772788903,13.492836693819834,8.459346612857503
1997-02-27,21.89,18.6437260363466,13.4971367936629,8.7130098294392
1997-02-28,21.89,18.94334270468124,13.507910167066747,8.645211598739674
1997-03-01,21.89,18.808777209387966,13.517120831842364,8.627896215261075
1997-03-02,21.89,20.432722712173586,13.516787008163586,8.506360593547132
1997-03-03,21.89,18.971349464374722,13.490238012309035,8.365374699592968
1997-03-04,21.89,18.201641303322265,13.501776854293984,8.49728049315596
1997-03-05,21.89,18.973253776058186,13.487499929874893,8.433393701463409
1997-03-06,21.89,18.57817591272444,13.522080734013514,8.550263672831768
1997-03-07,21.89,18.603947985067638,13.508349527012415,8.511787317353642
1997-03-08,21.89,18.334865891877094,13.516151335575078,8.819219835502512
1997-03-09,21.89,19.285290328325065,13.503057936945064,8.479768771427908
1997-03-10,21.89,18.458181024147926,13.532743391382065,8.629641215004941
1997-03-11,21.89,18.667396297708667,13.516165518534667,8.831688655421907
1997-03-12,21.89,19.10366938457713,13.506429196573256,8.499797511507362
1997-03-13,21.89,17.99624899758746,13.488220141095306,8.362929693517424
1997-03-14,21.89,19.494659568596433,13.491768355491294,8.701928600914009
1997-03-15,21.89,19.000330192851077,13.492747492830574,8.513092188569859
1997-03-16,21.89,18.80021514580641,13.501270701226614,8.542007817086413
1997-03-17,21.89,18.87611612606827,13.495394969016798,8.407638670024545
1997-03-18,21.89,18.97692726359288,13.499148471504975,8.915458745554215
1997-03-19,21.89,18.431500773744784,13.480013207939301,8.776573776268823
1997-03-20,21.89,19.009964925076247,13.476381944036483,8.525190332628318
1997-03-21,21.89,18.549713089662287,13.502205986840131,8.650633170750496
1997-03-22,21.89,18.388308965404256,13.487689974558108,8.410121341867207
1997-03-23,21.89,20.093610235710663,13.481870681608388,8.418562903633058
1997-03-24,21.89,18.86446487399568,13.524866183921192,8.687524436898137
1997-03-25,21.89,18.82211087700275,13.489861471458628,8.352382623703207
1997-03-26,21.89,19.273221247600127,13.506402746864062,8.434081771134396
1997-03-27,21.89,19.01831161537472,13.48103356490144,8.518334769430691
1997-03-28,21.89,18.103688140164607,13.509390928586477,8.713081158067308
1997-03-29,21.89,18.900350417613673,13.498787037636266,8.590885001697888
1997-03-30,21.89,18.00473754374202,13.491031426597452,8.722647751098354
1997-03-31,21.89,18.664592177252654,13.51390720759559,8.677622535705833
1997-04-01,21.89,20.09310695558685,13.493628488242425,8.515199709123417
1997-04-02,21.89,19.144372732147048,13.514264362267816,8.403639536325056
1997-04-03,21.89,18.270294560628592,13.49285729131605,8.366884614576405
1997-04-04,21.89,18.82901450287482,13.483719884351423,8.532567127148289
1997-04-05,21.89,18.083180930225762,13.48729869534907,8.43325922430312
1997-04-06,21.89,19.155374395457,13.497970227262657,8.469758981980757
1997-04-07,21.89,18.73549625745743,13.502928055025036,8.623375569327955
1997-04-08,21.89,19.048351827876346,13.508958883533422,8.491687308079909
1997-04-09,21.89,19.106785936027556,13.49562004067633,8.427895251871313
1997-04-10,21.89,18.7731697413997,13.492982791049288,8.393150671775935
1997-04-11,21.89,18.21478710515539,13.532525873303987,8.482186550639362
1997-04-12,21.89,19.011060873062753,13.51341764755486,8.496904799995017
1997-04-13,21.89,19.15688275053965,13.5032378727409,8.427640760602555
1997-04-14,21.89,19.801140196899464,13.500530906235404,8.05040057519801
1997-04-15,21.89,19.76906864976419,13.493411855073912,8.31697660293185
1997-04-16,21.89,19.284573459948692,13.525765145604039,8.575130522121636
1997-04-17,21.89,19.9625855443753,13.487770052171559,8.489002278139006
1997-04-18,21.89,18.66236304818325,13.522573961131906,8.434231231521204
1997-04-19,21.89,18.783104124625666,13.495439753772951,8.028493470099667
1997-04-20,21.89,17.935450263691724,13.484890339547896,8.625293611250717
1997-04-21,21.89,19.03953834610274,13.503387462396425,8.33839208016377
1997-04-22,21.89,19.315310964134927,13.538410322398509,8.562778099332988
1997-04-23,21.89,18.793447319668832,13.514216741212735,8.690767780533516
1997-04-24,21.89,19.089912132553163,13.49430708797987,8.456899178273067
1997-04-25,21.89,19.353187395854647,13.499722106284349,8.374795100805265
1997-04-26,21.89,18.916463937484036,13.494974003305204,8.592560012283457
1997-04-27,21.89,19.588703449831797,13.485697957964407,8.775263680941396
1997-04-28,21.89,19.746108006822965,13.502762745657696,8.469872698414779
1997-04-29,21.89,18.97480589325362,13.506729236348583,8.358496090821681
1997-04-30,21.89,19.80070577109415,13.490796020766037,8.744930614156281
1997-05-01,21.89,19.140407150245814,13.506594694305594,8.390306247068136
1997-05-02,21.89,18.85922300277835,13.51074552981664,8.487914701834654
1997-05-03,21.89,19.84123285045289,13.528498853461697,8.539037601530152
1997-05-04,21.89,19.409395787399315,13.508882028444468,8.410171294344735
1997-05-05,21.89,19.551678879712547,13.486797005140811,8.324326724707651
1997-05-06,21.89,19.110202301556228,13.478897168238838,8.397794039862866
1997-05-07,21.89,19.02928470478115,13.491681220081992,8.417457620853627
1997-05-08,21.89,20.089685521992802,13.518541968242285,8.316521782903394
1997-05-09,21.89,19.09590455542824,13.506485588613641,8.398371844670994
1997-05-10,21.89,19.800544691671764,13.514115654900083,8.517392628030327
1997-05-11,21.89,19.350225056004987,13.499711327164066,8.596000763244446
1997-05-12,21.89,20.06136338396961,13.535905516848878,8.534979945467375
1997-05-13,21.89,19.91770209885176,13.493391567710843,8.48584596246127
1997-05-14,21.89,19.83519869461293,13.510498927138867,8.186452756925467
1997-05-15,21.89,18.671038621611437,13.497534627435423,8.764154891690065
1997-05-16,21.89,19.77801013810775,13.487806618538146,8.51350469501176
1997-05-17,21.89,19.63641533516555,13.478033339951923,8.475717541218513
1997-05-18,21.89,20.132935015816443,13.464233900033213,8.750962866298465
1997-05-19,21.89,19.726348862023098,13.509924307270833,8.320354209647771
1997-05-20,21.89,18.406837039611972,13.496515566289203,8.528093036966379
1997-05-21,21.89,18.894675574775995,13.509001755681913,8.16314651827281
1997-05-22,21.89,20.32028631925771,13.507465636846561,8.729780339436036
1997-05-23,21.89,20.071193302984323,13.484313049906735,8.299543885085123
1997-05-24,21.89,18.917997189196374,13.47544442805575,8.617295553563675
1997-05-25,21.89,18.78495335302444,13.497239851754824,8.233741728712568
1997-05-26,21.89,19.03321440277827,13.491354834815802,8.554215598484888
1997-05-27,21.89,18.629123523450854,13.500991902059639,8.718563616555375
1997-05-28,21.89,19.09559333582844,13.496871347883198,8.076163722330243
1997-05-29,21.89,19.259351094665867,13.500959823735101,8.369594906390823
1997-05-30,21.89,17.841845020023463,13.501837895358213,8.507407088635869
1997-05-31,21.89,18.894262599154395,13.492418894952658,8.336716021003493
1997-06-01,21.89,18.623950359810017,13.479852585106022,8.880404279615489
1997-06-02,21.89,19.711342618904435,13.50708859298162,8.624938484922032
1997-06-03,21.89,18.67208110064415,13.49975083273886,8.434461529941292
1997-06-04,21.89,18.92192335746462,13.48992483928383,8.755860993027662
1997-06-05,21.89,20.157896875674727,13.505455493189508,8.65607531346688
1997-06-06,21.89,18.940789643354716,13.501037531074243,8.345680583601597
1997-06-07,21.89,19.350228868484297,13.51706974152508,8.760035986562908
1997-06-08,21.89,18.922956449937384,13.53498600130297,8.528364536663235
1997-06-09,21.89,20.714852387290744,13.500021620720938,8.854735165776011
1997-06-10,21.89,19.704412138103695,13.50932295391785,8.419382783857888
1997-06-11,21.89,18.884432276370735,13.495296165961156,8.567683956147137
1997-06-12,21.89,19.165919580679777,13.495246782635308,8.576987441462787
1997-06-13,21.89,18.618315029317902,13.520503317235578,8.521518416213793
1997-06-14,21.89,18.694150201574313,13.485713690701006,8.459423422304852
1997-06-15,21.89,19.0062607059306,13.48036990394976,8.617634112181248
1997-06-16,21.89,19.599171879264578,13.519816977604682,8.421506346902625
1997-06-17,21.89,19.255256599178786,13.480467939116256,8.418484403454059
1997-06-18,21.89,18.47241869477665,13.495308901801458,8.252278364626472
1997-06-19,21.89,19.613649724969992,13.513435792767922,8.211984850177723
1997-06-20,21.89,18.891565411517995,13.482557763141722,8.588459554298874
1997-06-21,21.89,20.148391201099745,13.493502307589099,8.366773125339064
1997-06-22,21.89,18.274710433542932,13.5033966742162,8.702305491066134
1997-06-23,21.89,19.488741746787163,13.492267505722312,8.394869447439184
1997-06-24,21.89,19.13682939903331,13.489209499214093,8.424359478603545
1997-06-25,21.89,19.615139251269486,13.49553566746877,8.512020138798828
1997-06-26,21.89,19.23528021584175,13.51013040838885,8.573865570008568
1997-06-27,21.89,19.056022574000245,13.48793923957443,8.71407711157652
1997-06-28,21.89,19.619300145361787,13.508936220231051,8.533025270895441
1997-06-29,21.89,19.275657649110578,13.50595577040936,8.47422310038558
1997-06-30,21.89,17.762503830392305,13.485477253976569,8.559657020030635
1997-07-01,21.89,18.228468952827,13.517728542990312,8.465331800907427
1997-07-02,21.89,18.471894091055532,13.509076604074924,8.490811143464962
1997-07-03,21.89,18.800483628521285,13.48074900500687,8.36443505648901
1997-07-04,21.89,20.317621736505718,13.49627305742577,8.631024574614267
1997-07-05,21.89,19.63583414522966,13.493691161685593,8.499501032857859
1997-07-06,21.89,19.80649042322728,13.50503255657938,8.67414627592195
1997-07-07,21.89,17.885331984064237,13.496398418040489,8.5006956824429
1997-07-08,21.89,19.067538404224816,13.48937800360741,8.621936564026472
1997-07-09,21.89,19.278243578815488,13.493745487916511,8.475589527313446
1997-07-10,21.89,18.8963682492535,13.471681406745308,8.376139191535112
1997-07-11,21.89,20.278018347528004,13.502032388743507,8.95647568650431
1997-07-12,21.89,18.27583617971651,13.525492264288102,8.72810471699929
1997-07-13,21.89,19.0580120386943,13.491926621221111,8.341906581467724
1997-07-14,21.89,19.173960114252846,13.501614499503004,8.266517695109185
1997-07-15,21.89,19.641096563477074,13.51959387471121,8.208933142437422
1997-07-16,21.89,20.07315627566651,13.497715545722814,8.65894823690054
1997-07-17,21.89,18.542762249702395,13.497530729970444,8.603956340401975
1997-07-18,21.89,19.12583888252783,13.509491091391611,8.472057837469238
1997-07-19,21.89,18.15999770474876,13.494629238750841,8.677829998438117
1997-07-20,21.89,19.02830900429264,13.493848949105944,8.564270866296281
1997-07-21,21.89,19.954709211785854,13.501134492018025,8.688250961231345
1997-07-22,21.89,19.74590294350263,13.494958567601172,8.786331804345659
1997-07-23,21.89,19.696998703349028,13.4890885361633,8.54675483176302
1997-07-24,21.89,19.12608018656565,13.505062136380719,8.449059990079977
1997-07-25,21.89,19.874590845531998,13.508544232781391,8.315000319266833
1997-07-26,21.89,18.671057412216015,13.482358863577328,8.481065256537425
1997-07-27,21.89,19.475441696734116,13.480821040687575,8.410719542613174
1997-07-28,21.89,20.212258773743784,13.501390223502796,8.59041627252509
1997-07-29,21.89,19.136871295897464,13.497545792478052,8.546898267834576
1997-07-30,21.89,18.925998757042862,13.516460378863624,8.5261489392758
1997-07-31,21.89,18.873571836333827,13.505733852559048,8.642027353376696
1997-08-01,21.89,18.655302102960874,13.49623520427816,8.565698689341584
1997-08-02,21.89,19.656117258375804,13.50280541511621,8.799610174189374
1997-08-03,21.89,18.534244902197386,13.479948588907375,8.570373354690956
1997-08-04,21.89,18.196924235741793,13.487847330017743,8.66273184120025
1997-08-05,21.89,19.04288439260089,13.486508313750598,8.200901219056906
1997-08-06,21.89,17.59751161839892,13.497262339589167,8.563501960594243
1997-08-07,21.89,18.688836128178252,13.486436315358075,8.572335306467473
1997-08-08,21.89,19.399860335673264,13.49872464135138,8.827042623351739
1997-08-09,21.89,19.253885467127656,13.509655475591996,8.448799523782213
1997-08-10,21.89,19.47457230120643,13.472295208161151,8.692036149440174
1997-08-11,21.89,19.476869876390893,13.493500579001207,8.62561990075672
1997-08-12,21.89,19.354234566920617,13.479323418706125,8.774092035620919
1997-08-13,21.89,19.990154171623573,13.488881596943585,8.572492044152627
1997-08-14,21.89,19.07569576509909,13.507040601771156,8.300428612356262
1997-08-15,21.89,18.703075214052873,13.506990208344329,8.830901102759798
1997-08-16,21.89,20.516240644889773,13.502188733257483,8.682534923975174
1997-08-17,21.89,19.423460896717184,13.491070880761256,8.448102885742836
1997-08-18,21.89,19.274334126797026,13.482699481265739,8.703040196447356
1997-08-19,21.89,19.5928822709191,13.500329226602114,8.798485606194763
1997-08-20,21.89,18.608980228685702,13.49843130968549,8.551990769359017
1997-08-21,21.89,18.751305794400494,13.512102617092717,8.34422355086546
1997-08-22,21.89,18.797288930441805,13.513633377041597,8.512492084813179
1997-08-23,21.89,19.3908886389148,13.492620384024203,8.7505797929696
1997-08-24,21.89,18.95022264254027,13.504721424942545,8.639571252076614
1997-08-25,21.89,19.35292467639147,13.496213872632527,8.410995581239407
1997-08-26,21.89,18.72457805216465,13.505917845048666,8.318127502650473
1997-08-27,21.89,19.00500468759363,13.469689044217914,8.648956921560867
1997-08-28,21.89,20.043768389579547,13.501812332843054,8.681373849316415
1997-08-29,21.89,19.629986508379382,13.493187436937593,8.582439126692508
1997-08-30,21.89,18.886784658386105,13.500091722552607,8.498336237331912
1997-08-31,21.89,18.561080425424556,13.50031127679917,8.564830591042602
1997-09-01,21.89,20.081219217732848,13.498958833550228,8.547710186782894
1997-09-02,21.89,19.480359785607405,13.493491849257211,8.287738059222407
1997-09-03,21.89,19.677135032310563,13.503370108405367,8.87871916419322
1997-09-04,21.89,19.742985284031636,13.49557693677946,8.807882711250238
1997-09-05,21.89,19.33658131201942,13.486971607234366,8.459056893391777
1997-09-06,21.89,19.99339472870925,13.499370278103003,8.486937330965453
1997-09-07,21.89,18.53245452289884,13.533270178190941,8.483903371520846
1997-09-08,21.89,18.502142732785614,13.503101210919935,8.444820336322994
1997-09-09,21.89,20.01098151369423,13.506996104053528,8.370121570237501
1997-09-10,21.89,19.000353253510074,13.498864352207107,8.383702398775254
1997-09-11,21.89,18.143084035695903,13.469532920858597,8.531048380005528
1997-09-12,21.89,18.68553050820189,13.513229714233963,8.57038377448834
1997-09-13,21.89,19.245249737456202,13.503025487125877,8.439958557108607
1997-09-14,21.89,20.1149722438151,13.489486053584113,8.593607017652722
1997-09-15,21.89,18.17347533143809,13.489609646179314,8.29676905610563
1997-09-16,21.89,19.19374944333122,13.481849605658766,8.497863775151501
1997-09-17,21.89,19.374217302922776,13.497312957740064,8.57456175379687
1997-09-18,21.89,18.05446366293514,13.513464804830404,8.548043755367447
1997-09-19,21.89,19.306989613567023,13.515122867373753,8.63283062942254
1997-09-20,21.89,20.6255443670849,13.485425567055016,8.675882392597805
1997-09-21,21.89,18.660737470175075,13.496066588423083,8.463776151397425
1997-09-22,21.89,18.27411751676268,13.513581913060033,8.62272839710828
1997-09-23,21.89,18.59091148357618,13.493205721695965,8.27516837465802
1997-09-24,21.89,18.734506287535684,13.517523291410699,8.618231712609633
1997-09-25,21.89,18.098424034300507,13.486249755702179,8.719802598560694
1997-09-26,21.89,19.94585348683593,13.514348451863201,8.575798218789757
1997-09-27,21.89,19.600177527927016,13.504253213959581,8.5667544000707
1997-09-28,21.89,19.516068632051358,13.496619124317787,8.575879837983754
1997-09-29,21.89,20.288706664276248,13.505894924217994,8.413405444921356
1997-09-30,21.89,19.194578510545373,13.509620045887822,8.500006758055617
1997-10-01,21.89,19.88890661234497,13.49521499576213,8.432117901182208
1997-10-02,21.89,18.998327166110506,13.478659681948367,8.509187655238566
1997-10-03,21.89,18.642708146155172,13.50762441186839,8.452055272605783
1997-10-04,21.89,18.703502997323074,13.502542988029486,8.544726518266438
1997-10-05,21.89,19.29230452834315,13.50150882050587,8.734001849678865
1997-10-06,21.89,19.342983949984735,13.499381793598715,8.525205219539428
1997-10-07,21.89,18.930420420702593,13.49005229209897,8.304686942552843
1997-10-08,21.89,19.26321023377609,13.485003423589752,8.27282143615459
1997-10-09,21.89,19.04347478771273,13.502598021032993,8.45235933989517
1997-10-10,21.89,18.221521387940346,13.47624888321483,8.65224070009485
1997-10-11,21.89,18.500759079641195,13.507164676544361,8.569884095342815
1997-10-12,21.89,18.50445507485434,13.498630367882852,8.581059741999235
1997-10-13,21.89,18.51956220254724,13.501082897568013,8.532861652308375
1997-10-14,21.89,18.568779277864206,13.492006283690145,8.481949183167409
1997-10-15,21.89,18.34244216688642,13.507450043316059,8.504575469110998
1997-10-16,21.89,20.239181976967362,13.488633498804628,8.400590278550236
1997-10-17,21.89,19.59183660943508,13.481727790276233,8.60644470744399
1997-10-18,21.89,19.62087946754817,13.490650997684055,8.079100416067797
1997-10-19,21.89,18.825206595661665,13.504704804462001,8.519647610977396
1997-10-20,21.89,18.26942180499784,13.500600850713987,8.570277980415055
1997-10-21,21.89,20.241722807627525,13.493878522845852,8.817201106111963
1997-10-22,21.89,19.66257070451294,13.484781584846123,8.54316809465243
1997-10-23,21.89,19.439169671957742,13.51792460531737,8.224517973701051
1997-10-24,21.89,18.525109633180463,13.507318043589557,8.580693263531485
1997-10-25,21.89,19.5609666828666,13.49462474344777,8.399540046459158
1997-10-26,21.89,19.404431557593217,13.491198909210015,8.409916115671503
1997-10-27,21.89,19.171918788710084,13.500346797984614,8.338428937772441
1997-10-28,21.89,19.54028276178677,13.495265098287971,8.501129985498181
1997-10-29,21.89,18.767285747320944,13.524540615135889,8.337996873461494
1997-10-30,21.89,18.153290794739384,13.499036679430127,8.55912490808272
1997-10-31,21.89,19.53065482346638,13.469746824152299,8.370457497734819
1997-11-01,21.89,19.325427113874227,13.523522710930886,8.49352712157879
1997-11-02,21.89,18.38014187245943,13.503353112909016,8.313156132072013
1997-11-03,21.89,18.86546629028053,13.490508843402766,8.440495131922784
1997-11-04,21.89,18.569249130831192,13.500462877523486,8.889060429045838
1997-11-05,21.89,19.74850092313636,13.494516582902065,8.470485762208037
1997-11-06,21.89,19.76928113767925,13.499105403567912,8.473828217438344
1997-11-07,21.89,18.66471392127134,13.50443830580683,8.597861616146394
1997-11-08,21.89,19.80547503486476,13.514461506045333,8.32308502449156
1997-11-09,21.89,19.15200878349051,13.508248963545041,8.202057681307815
1997-11-10,21.89,17.912647877947418,13.480325750901528,8.557158157758565
1997-11-11,21.89,19.273558633025115,13.48319324243743,8.62045891672516
1997-11-12,21.89,18.192218067441928,13.490722870586744,8.192285430801123
1997-11-13,21.89,20.34276178502377,13.480049677085622,8.67479407816423
1997-11-14,21.89,19.301883455107063,13.494864202618768,8.448690037155044
1997-11-15,21.89,19.194160457685634,13.499648784396655,8.346080324404967
1997-11-16,21.89,19.607452440302534,13.508296045616042,8.735048260479555
1997-11-17,21.89,18.96337306140623,13.476093990816086,8.393439994438083
1997-11-18,21.89,19.217772776717226,13.50713076691066,8.276360013995587
1997-11-19,21.89,17.653171225787617,13.498646329507237,8.469096907351704
1997-11-20,21.89,19.57718730947418,13.495197412091596,8.276217090243874
1997-11-21,21.89,19.33088745201484,13.493470237863251,8.580595889953914
1997-11-22,21.89,19.442194826254944,13.506079313717064,8.835817457751237
1997-11-23,21.89,19.64828243622495,13.512130267739632,8.92414974696114
1997-11-24,21.89,18.35667910061887,13.498798211835023,8.543004404212876
1997-11-25,21.89,20.595800442106732,13.508977499799425,8.363662913472773
1997-11-26,21.89,18.619637585765883,13.491220309734862,8.40595956105611
1997-11-27,21.89,18.8974576076473,13.482529366357005,8.451905153320642
1997-11-28,21.89,19.19990800731797,13.486193686309754,8.520501294024998
1997-11-29,21.89,19.094035940865528,13.496735599455945,8.30090908547473
1997-11-30,21.89,19.65805686861092,13.4983294712599,8.491483047344081
1997-12-01,21.89,18.894214407534584,13.501376484247015,8.86650321275721
1997-12-02,21.89,19.030397317612252,13.50288216506287,8.502012194638965
1997-12-03,21.89,19.429376211453057,13.507982966052118,8.344169018542674
1997-12-04,21.89,19.247552709130076,13.468933668085587,8.510392572837379
1997-12-05,21.89,18.99393111963,13.512395202324534,8.340211706829331
1997-12-06,21.89,18.78257260820622,13.486279894295256,8.887391052126357
1997-12-07,21.89,19.439241618215767,13.511996385079948,8.598093643110701
1997-12-08,21.89,19.693474184369606,13.500098316497526,8.642455687470282
1997-12-09,21.89,18.13192985318831,13.498908115760623,8.49926167852197
1997-12-10,21.89,18.25926465138184,13.515805580644152,8.572120340211926
1997-12-11,21.89,18.70693867606559,13.51045164086115,8.396429258128594
1997-12-12,21.89,18.46925397947034,13.514950489503173,8.597233004414361
1997-12-13,21.89,19.224828165081693,13.4977849329597,8.766992113314505
1997-12-14,21.89,18.463870294102737,13.481027285435191,8.433994280812286
1997-12-15,21.89,18.335275673288184,13.472291179817645,8.494933132210718
1997-12-16,21.89,19.7961779409058,13.481202919755683,8.5055245687782
1997-12-17,21.89,18.753775304440346,13.516122125172195,8.143129263055853
1997-12-18,21.89,18.960310085890917,13.495777672170812,8.346299154515568
1997-12-19,21.89,19.75931106060641,13.508100805548821,8.640837157760133
1997-12-20,21.89,18.66321254104714,13.488676818741673,8.314738327443118
1997-12-21,21.89,18.912212035477136,13.500793421615544,8.905758807311486
1997-12-22,21.89,18.537529773365872,13.510523214236773,8.380591914928727
1997-12-23,21.89,18.712713498634223,13.511292304457381,8.286125093015125
1997-12-24,21.89,19.940117293258062,13.51805970787305,8.515086366969332
1997-12-25,21.89,19.252741080924054,13.496473696024744,8.740612394636827
1997-12-26,21.89,19.45778784940222,13.501760287618826,8.755619073674769
1997-12-27,21.89,18.59867968209018,13.492020551819067,8.906879355111116
1997-12-28,21.89,18.063651925678087,13.502939205436835,8.150920295547209
1997-12-29,21.89,19.528074925741002,13.509544970897707,8.687792573988391
1997-12-30,21.89,18.56720458382845,13.47795034117296,8.356656930105764
1997-12-31,21.89,18.753638702694854,13.498524399594288,8.619753814486648
1998-01-01,21.89,12.427718639212245,13.482494677834566,10.134113408076686
1998-01-02,21.89,13.309677407123512,13.487798621453548,9.862486689770412
1998-01-03,21.89,12.673638701879923,13.481180968061915,9.90547334326409
1998-01-04,21.89,13.15205327549101,13.490402364047956,9.639223900929801
1998-01-05,21.89,13.332334964675447,13.507234083267514,9.976792417366145
1998-01-06,21.89,12.198321992888511,13.507472270956704,9.626854732691921
1998-01-07,21.89,13.080254258998654,13.493445210974379,9.773903997910272
1998-01-08,21.89,13.907334560716656,13.516119899582305,9.968263931803133
1998-01-09,21.89,12.748693199840243,13.493330502534453,10.046103299006017
1998-01-10,21.89,12.320910839965427,13.503297063235744,9.896011240213337
1998-01-11,21.89,12.942770825488022,13.49586329039551,10.11735857050624
1998-01-12,21.89,12.94897151137457,13.472926836748808,10.17691784092432
1998-01-13,21.89,12.439065549623498,13.502049518782918,10.052838356821592
1998-01-14,21.89,12.854970789244774,13.493452148106234,10.10819609013446
1998-01-15,21.89,13.16668895830309,13.506617738370023,10.323378489936548
1998-01-16,21.89,12.61760457403652,13.518000469915938,10.209548390586919
1998-01-17,21.89,13.32315153423278,13.490684615710622,9.69392491110193
1998-01-18,21.89,12.3711743345213,13.485925994165006,9.724495093640014
1998-01-19,21.89,12.510081123466895,13.51001246064122,10.25321045796464
1998-01-20,21.89,13.282446794101055,13.507807057478466,10.309859338666518
1998-01-21,21.89,12.86151011257803,13.487215679303276,9.728025683190692
1998-01-22,21.89,13.190142264645528,13.527582941817244,9.72112754404509
1998-01-23,21.89,12.68962700863037,13.497054162122573,9.916042433589226
1998-01-24,21.89,12.857503439800078,13.489803856414321,10.351845922709598
1998-01-25,21.89,12.933973836287805,13.486275178421536,10.059238328681468
1998-01-26,21.89,12.615447788934146,13.489369877439975,9.657793424586302
1998-01-27,21.89,12.117652153440403,13.511586714060916,9.74800120326783
1998-01-28,21.89,11.97662513604665,13.472920547971716,10.241953539683708
1998-01-29,21.89,12.781084841917025,13.493226226874926,9.99491381383663
1998-01-30,21.89,12.707904617799617,13.516321471895653,9.692250719076581
1998-01-31,21.89,12.497579520541677,13.507709506381698,9.986710482852601
1998-02-01,21.89,12.900764368048042,13.487320964493936,9.796102113914273
1998-02-02,21.89,11.815402732073744,13.496511972851545,9.955348101795206
1998-02-03,21.89,13.104359897180506,13.48650663990772,9.832767368454313
1998-02-04,21.89,12.365415415282518,13.484290916801312,9.89325983451798
1998-02-05,21.89,12.403353770327136,13.515597272817478,9.93316802829712
1998-02-06,21.89,12.321749752808508,13.500444944770768,9.984826115566362
1998-02-07,21.89,13.013882906674718,13.490064002040727,9.79182017824293
1998-02-08,21.89,12.61312276924585,13.511346560087418,10.151612590105819
1998-02-09,21.89,13.253302211476623,13.505409682693493,10.13625935472025
1998-02-10,21.89,12.616808516079539,13.490754787047218,10.148069462957979
1998-02-11,21.89,12.220770605457039,13.498625593468038,9.949341036713456
1998-02-12,21.89,12.46110329956266,13.487127404553313,9.75357427690044
1998-02-13,21.89,13.043501917235181,13.523538514030546,10.150910600942382
1998-02-14,21.89,12.57927743352373,13.495765621031463,9.783025480171768
1998-02-15,21.89,13.827160838648165,13.502434062923516,10.152611747752433
1998-02-16,21.89,13.002509170949395,13.504135257890898,10.053165003340581
1998-02-17,21.89,12.266366550922946,13.487996844104948,9.713302859003157
1998-02-18,21.89,12.904212959334219,13.504789809259648,10.099430790957472
1998-02-19,21.89,12.168519489489976,13.497610952008761,10.036386390402653
1998-02-20,21.89,12.887886504007756,13.497106934778087,10.481240139626069
1998-02-21,21.89,12.595258420156679,13.500191229367106,9.927267065734913
1998-02-22,21.89,12.913792880462172,13.491823405344254,10.044708611053514
1998-02-23,21.89,12.963115248138225,13.502316923321914,10.121105015520872
1998-02-24,21.89,12.778783698171338,13.490938752343087,9.935661670297089
1998-02-25,21.89,12.815489785610758,13.484078718970245,9.775644974349603
1998-02-26,21.89,12.606887505119975,13.479013458474034,9.945552396903613
1998-02-27,21.89,12.206758108980004,13.493051295703399,10.307018248612088
1998-02-28,21.89,12.862893934153456,13.489336989474854,9.819846225641948
1998-03-01,21.89,12.9255396076551,13.51275231713226,10.085511714636333
1998-03-02,21.89,13.205164894061058,13.502090486348953,10.124672646113135
1998-03-03,21.89,12.680599882337361,13.514017114916824,10.29935979525266
1998-03-04,21.89,12.591105370681937,13.501897390363194,9.864526683924833
1998-03-05,21.89,12.666924826418146,13.494716295274944,9.722067068148798
1998-03-06,21.89,12.863155007734807,13.498440938483355,10.058432507932142
1998-03-07,21.89,13.10974841176132,13.505580897929784,10.250619261355853
1998-03-08,21.89,13.265826453669387,13.537510387235981,9.84728396371524
1998-03-09,21.89,12.623106378704016,13.50874055380546,9.733922904847574
1998-03-10,21.89,12.342159825303854,13.507032519573176,10.112223427162238
1998-03-11,21.89,12.938557645998642,13.484411131207924,10.17329053769104
1998-03-12,21.89,12.926207952050849,13.481101527628155,9.825925412610209
1998-03-13,21.89,13.101522565631452,13.505132268375707,9.91553143355792
1998-03-14,21.89,11.949315511910934,13.501885829534475,10.128908789462278
1998-03-15,21.89,12.522951818328991,13.475074727781543,10.241717283559614
1998-03-16,21.89,12.601535124245522,13.480047909393464,9.639555828018747
1998-03-17,21.89,12.810909249267853,13.499364893870617,9.968994331289716
1998-03-18,21.89,12.310343828930648,13.491062570483715,10.160732563246999
1998-03-19,21.89,12.042035804386236,13.493338323880748,9.840786460742537
1998-03-20,21.89,12.68521538910797,13.49525956399634,9.817599915841074
1998-03-21,21.89,13.09134567718446,13.525712714661035,9.726585212650491
1998-03-22,21.89,13.096193339006794,13.503117115123711,9.618567530266207
1998-03-23,21.89,13.340369753389933,13.4961669850361,10.37018863024169
1998-03-24,21.89,13.249360539769791,13.51139587220066,9.953794782300417
1998-03-25,21.89,12.605802262670661,13.498164531819006,10.001239777121818
1998-03-26,21.89,12.666701448351514,13.501742531520044,10.283726116391827
1998-03-27,21.89,12.68355572805892,13.516895246298336,10.000861819145289
1998-03-28,21.89,12.76095366599789,13.520049279126221,10.092041803409938
1998-03-29,21.89,13.25180624741741,13.50241410183839,9.726334652339508
1998-03-30,21.89,12.879297657725738,13.537405999223674,9.76108426829605
1998-03-31,21.89,12.960981955414592,13.504091093848368,9.880230477261952
1998-04-01,21.89,12.37865772924837,13.49319999055205,9.832631310678547
1998-04-02,21.89,12.22959413387346,13.492027239024829,9.771773020480278
1998-04-03,21.89,12.782975729576938,13.501116182677565,9.689399789802366
1998-04-04,21.89,13.272122257271688,13.499563196376265,9.66314078954718
1998-04-05,21.89,13.037517034399105,13.506619421285835,10.283729582943348
1998-04-06,21.89,12.814222857588716,13.496418835412966,9.974343048986892
1998-04-07,21.89,12.981283849054684,13.49505702388596,9.956631857459666
1998-04-08,21.89,12.620221322276647,13.490530592100937,10.151363354461894
1998-04-09,21.89,12.395698787019201,13.492971848872818,10.075628581726965
1998-04-10,21.89,12.120521351396846,13.51487636240542,10.38514421896678
1998-04-11,21.89,13.551547572928225,13.500549512364126,9.938938785102055
1998-04-12,21.89,12.723742457745294,13.494277036097637,9.840787594322931
1998-04-13,21.89,12.518414718667783,13.507181221513,9.905692516891042
1998-04-14,21.89,12.501978865121739,13.499926925083297,9.881838027038809
1998-04-15,21.89,12.090057109568557,13.536163732774558,9.955673668054082
1998-04-16,21.89,12.765208237699008,13.49868750701483,9.745616967426372
1998-04-17,21.89,13.363674022424162,13.501943936372504,9.715666559780592
1998-04-18,21.89,12.852633514102894,13.502420118341696,10.153188925861091
1998-04-19,21.89,12.916895018882617,13.488362999435065,9.980314738530778
1998-04-20,21.89,13.116289933945813,13.506320180658802,9.838325237987767
1998-04-21,21.89,12.548762378822047,13.496885050728862,10.24923703096403
1998-04-22,21.89,13.108468340614541,13.466214365231744,10.06325887864036
1998-04-23,21.89,12.714163453534837,13.491232614342078,10.153881070335283
1998-04-24,21.89,12.542566270887514,13.509073952165625,9.77695822378653
1998-04-25,21.89,12.712746200979614,13.491500335208627,9.881290247023488
1998-04-26,21.89,12.744140310306381,13.50715621867895,10.220984718310106
1998-04-27,21.89,12.750964782596881,13.511074413563554,10.104919012183718
1998-04-28,21.89,12.676724800904063,13.498285938560613,9.931021148795526
1998-04-29,21.89,12.019338344796804,13.478719916349878,9.7213949447915
1998-04-30,21.89,13.717267173284414,13.498878678391824,10.015197224196331
1998-05-01,21.89,12.74388458146661,13.490439148419,10.078288167840254
1998-05-02,21.89,12.513352851824612,13.518961635709326,10.347947502992216
1998-05-03,21.89,12.86481433301964,13.490521764634483,9.90109892414222
1998-05-04,21.89,12.55761047320214,13.496626683536828,10.100870165004643
1998-05-05,21.89,12.663999184879899,13.47229242986584,10.01411492424134
1998-05-06,21.89,13.586359517041787,13.48429388282199,10.125754430558748
1998-05-07,21.89,12.795889983834204,13.50832478584503,10.146191716729714
1998-05-08,21.89,12.971202758775554,13.507461489022466,9.7478419550258
1998-05-09,21.89,13.032358298125464,13.50859536250517,9.970331835888778
1998-05-10,21.89,13.261479013520637,13.466345378843648,9.91641303700512
1998-05-11,21.89,12.41054340693517,13.505969387298508,10.064740249594468
1998-05-12,21.89,12.803420831308697,13.49652567310798,9.894964556555898
1998-05-13,21.89,12.375763534980514,13.506658630280832,9.926492550287767
1998-05-14,21.89,12.772415711059967,13.483366486373752,9.823416207069174
1998-05-15,21.89,12.873581553526352,13.50467113735467,9.844256144349183
1998-05-16,21.89,12.529781198926619,13.498840076764578,9.897059804980978
1998-05-17,21.89,12.388219125387385,13.48962617605149,10.017539248502
1998-05-18,21.89,12.661450993758423,13.478279579254005,10.019473716561158
1998-05-19,21.89,12.7413799920662,13.496352112196623,10.203406471409819
1998-05-20,21.89,12.639148266980774,13.476507070647784,9.784188168508154
1998-05-21,21.89,12.280090747469465,13.514205340312667,9.843898299006508
1998-05-22,21.89,12.636467730444089,13.498096125933714,9.99835986212417
1998-05-23,21.89,12.495558656943299,13.479676481358004,10.06389768345316
1998-05-24,21.89,12.186416329238476,13.490400338215323,9.892339446598545
1998-05-25,21.89,12.595358332953595,13.499391299697947,10.024678524210996
1998-05-26,21.89,12.911607322708447,13.486825389370775,10.183815241310727
1998-05-27,21.89,13.035939899919118,13.506634133784175,10.175824756109776
1998-05-28,21.89,12.542677694549305,13.485961576199198,9.902340778700239
1998-05-29,21.89,13.095960241879258,13.488130676281113,10.085375758574044
1998-05-30,21.89,12.723617284195617,13.505018672687767,9.878873185999693
1998-05-31,21.89,12.36547161304418,13.497764244448131,10.152370649841657
1998-06-01,21.89,12.824681640245371,13.471185426488555,10.169963776333619
1998-06-02,21.89,11.995631162106568,13.497788499669642,10.15531349886459
1998-06-03,21.89,12.915265010996206,13.510050304048642,10.076214660158415
1998-06-04,21.89,13.45566354847726,13.500283804738652,9.832677576416375
1998-06-05,21.89,12.639406394741764,13.479645791016065,9.814253548443155
1998-06-06,21.89,12.613500198372396,13.51170172830037,9.787171153376669
1998-06-07,21.89,13.009106083806753,13.49528873703748,10.180821592014237
1998-06-08,21.89,12.613578311732732,13.494499687546597,10.010764074586262
1998-06-09,21.89,12.804987370840115,13.510384260032481,10.246100208027604
1998-06-10,21.89,12.691594137188844,13.489791512795103,10.110465664639888
1998-06-11,21.89,13.04668882216894,13.492352666246168,10.272762103542938
1998-06-12,21.89,13.081267312616987,13.504546124923424,10.273102004717211
1998-06-13,21.89,13.286980057604238,13.512985529579224,10.100869835153313
1998-06-14,21.89,13.571053674565716,13.508780269766183,9.9675971812027
1998-06-15,21.89,13.405294439312954,13.499995789981234,10.373871002643101
1998-06-16,21.89,12.65169864564851,13.515405513403078,9.840992390302484
1998-06-17,21.89,13.232318219720911,13.499408626220383,10.082942337126763
1998-06-18,21.89,12.813527641549356,13.505326177778162,10.042797906918866
1998-06-19,21.89,12.752637365656428,13.515955111440183,10.032708408892923
1998-06-20,21.89,13.13603138932145,13.48840807253046,10.240696052577045
1998-06-21,21.89,12.947288933553214,13.479717506224164,9.9076422906421
1998-06-22,21.89,13.126294698407298,13.522958062806154,10.070411241604017
1998-06-23,21.89,12.64499497829099,13.516849061322347,10.100881328657033
1998-06-24,21.89,12.546916547348804,13.518910956454453,9.633745395721753
1998-06-25,21.89,13.000725410220255,13.496895541125667,9.754609000610055
1998-06-26,21.89,13.139059895499285,13.51877589374553,9.720166786116778
1998-06-27,21.89,12.5239550123007,13.513069322286782,10.118471409422682
1998-06-28,21.89,12.495447087048266,13.487068582557438,9.98421866306027
1998-06-29,21.89,12.44808543870285,13.476159290225777,10.264345654692798
1998-06-30,21.89,13.047105845429709,13.476249031504299,10.07239036416577
1998-07-01,21.89,12.169036540491643,13.514636711995028,10.167303988476512
1998-07-02,21.89,12.805084005261381,13.493562619745294,9.733794304115719
1998-07-03,21.89,13.072167829702016,13.507340843446608,9.819163785272254
1998-07-04,21.89,12.894935327953048,13.496066969152045,9.765943258591657
1998-07-05,21.89,12.339223343311755,13.506304380155923,10.079347482181111
1998-07-06,21.89,12.974004344622886,13.489654377923177,9.96393883760268
1998-07-07,21.89,12.37749817450116,13.499357168174038,10.004547666355364
1998-07-08,21.89,12.546903608373434,13.497688940494767,9.640397422630366
1998-07-09,21.89,13.354436728492836,13.49006518453485,9.93847342970901
1998-07-10,21.89,12.67647177503078,13.481947275334047,9.846272248357623
1998-07-11,21.89,12.740663128708619,13.472836525392548,9.816623942200751
1998-07-12,21.89,12.277078338171549,13.50946269377263,10.030827939934689
1998-07-13,21.89,12.637853954242553,13.501475497012123,9.92203052088986
1998-07-14,21.89,12.121897030060298,13.499013753444533,9.65907826892568
1998-07-15,21.89,12.727060326454321,13.510588569912759,9.788679967201421
1998-07-16,21.89,13.118229873455842,13.525915709945217,9.974734546083488
1998-07-17,21.89,12.664316018542367,13.470709692079174,10.189937775722035
1998-07-18,21.89,13.034589677759538,13.499133006666414,9.959898307916102
1998-07-19,21.89,12.250412280955075,13.515756388942973,10.392020899269182
1998-07-20,21.89,12.16970820388526,13.497973435573643,9.768309944361901
1998-07-21,21.89,12.170679897090379,13.514369185834328,10.161641416739025
1998-07-22,21.89,12.879502878471577,13.51358902007007,9.804843575786492
1998-07-23,21.89,12.092584714937585,13.509153186432801,9.554374991127832
1998-07-24,21.89,12.497040403499721,13.508158743731286,10.072922133637686
1998-07-25,21.89,12.2433372664897,13.518474571637196,10.537200555283274
1998-07-26,21.89,13.082863995250461,13.499200580683427,10.044123399387336
1998-07-27,21.89,12.817795072219539,13.486646415074915,9.939617293883229
1998-07-28,21.89,12.946029467354515,13.496620775763123,9.91279180535872
1998-07-29,21.89,12.99619510531911,13.501783174995648,9.763059130971236
1998-07-30,21.89,12.716260253525315,13.486995155743001,9.730920711421158
1998-07-31,21.89,12.880897155502565,13.495751656944945,10.273120606182818
1998-08-01,21.89,12.839345416336714,13.520841976068796,9.943177442029652
1998-08-02,21.89,12.79977279191932,13.502606342614246,10.127525523754008
1998-08-03,21.89,12.927627944494406,13.497063685242006,9.937319170219173
1998-08-04,21.89,12.59725455411953,13.49792161882283,9.972277962396467
1998-08-05,21.89,12.451772379372015,13.513051838521305,10.014154339831869
1998-08-06,21.89,12.974838476481086,13.501823629457194,9.919643651696747
1998-08-07,21.89,12.650726257180892,13.486218602088552,10.000870310479867
1998-08-08,21.89,12.9495733412741,13.51069381227848,10.30694407880667
1998-08-09,21.89,12.634609343118981,13.473360523288733,9.647243468450426
1998-08-10,21.89,12.247905125614434,13.495800603913485,9.946090198263038
1998-08-11,21.89,12.589802843050087,13.490363321603189,9.890253058503955
1998-08-12,21.89,12.38896359096834,13.488103978694985,10.02389034229566
1998-08-13,21.89,13.060779061369077,13.489682227738752,10.153441140308765
1998-08-14,21.89,11.97406912099353,13.515640567451218,9.568342640915
1998-08-15,21.89,13.285075742270546,13.490521200578184,9.93101592572113
1998-08-16,21.89,12.024077696669755,13.501916949504245,10.275630284188974
1998-08-17,21.89,12.526283462959624,13.506295673773197,9.959590214966099
1998-08-18,21.89,12.286240387644723,13.49274170523757,10.032351426325343
1998-08-19,21.89,12.267583075141957,13.484865465949428,10.03380450821855
1998-08-20,21.89,12.650975696819511,13.515130513927371,10.091773408319954
1998-08-21,21.89,12.152751930235725,13.469489504645841,10.207779692961946
1998-08-22,21.89,12.661959958554068,13.511886139240193,10.04890408384461
1998-08-23,21.89,13.207567392743377,13.52308857321682,9.805555900054577
1998-08-24,21.89,12.804506753442327,13.493085952342096,10.188124272141941
1998-08-25,21.89,12.89489023790278,13.482715910858738,9.958312742765752
1998-08-26,21.89,12.036625749514815,13.496536789969602,10.123577371627722
1998-08-27,21.89,13.045106981316868,13.514248285647882,9.855998180724264
1998-08-28,21.89,12.835776259284767,13.500447130583957,9.843034571245976
1998-08-29,21.89,12.670929045136877,13.470872879262302,9.934606717654301
1998-08-30,21.89,12.984213476125932,13.507084127351524,10.47232365080653
1998-08-31,21.89,12.703537896076474,13.49615656479312,9.74725588195069
1998-09-01,21.89,13.569958111826109,13.498623657332804,10.215912871133963
1998-09-02,21.89,12.799101316496762,13.490482185840301,9.927277466538687
1998-09-03,21.89,12.741401745708306,13.50659962511411,9.946007950753538
1998-09-04,21.89,12.667113901398775,13.510514391041845,10.26213214380452
1998-09-05,21.89,13.240430198453982,13.481720404228088,10.082679398832655
1998-09-06,21.89,12.599810475096321,13.458232899845424,9.706505888489975
1998-09-07,21.89,12.420210078458393,13.515767172459602,10.179998586130742
1998-09-08,21.89,12.732088521522915,13.505234369202768,10.004457984193492
1998-09-09,21.89,13.248843047702932,13.491248004120212,9.89348676519764
1998-09-10,21.89,13.367042316094352,13.494823429585262,9.927861316971788
1998-09-11,21.89,12.941432147080683,13.481723921701116,9.87302181471744
1998-09-12,21.89,12.699049503717807,13.50551079883423,10.172503765715453
1998-09-13,21.89,13.047781032022774,13.504149770673399,9.649542663320275
1998-09-14,21.89,12.954011289462272,13.492775811164348,9.961550001377965
1998-09-15,21.89,12.5016523198976,13.493323340514602,9.94321383036093
1998-09-16,21.89,12.620128015535213,13.508101991592579,10.151027171930112
1998-09-17,21.89,12.512094356396782,13.478976974889513,10.012016948017434
1998-09-18,21.89,12.319322260296556,13.483354045660258,10.257079479297088
1998-09-19,21.89,13.06415182172996,13.509497212866346,10.241589544338451
1998-09-20,21.89,13.014129612921593,13.501719896505225,9.704859645865787
1998-09-21,21.89,12.562332224922194,13.509423753745738,10.090309086954782
1998-09-22,21.89,13.17991164246975,13.501301065284347,10.13880381943761
1998-09-23,21.89,13.907923268128984,13.496407091566544,10.535800214630045
1998-09-24,21.89,13.088914871673607,13.514898494811515,10.549511154305238
1998-09-25,21.89,13.207048461411677,13.491536350308804,10.018772227437363
1998-09-26,21.89,13.09822704135896,13.501299176638716,10.24116843710933
1998-09-27,21.89,12.947483967878828,13.49249657835002,9.8587185239098
1998-09-28,21.89,13.037976182922774,13.510053755805538,10.132471765960055
1998-09-29,21.89,12.73370334066317,13.494498917400191,9.649399193385323
1998-09-30,21.89,12.710382291332243,13.512421808621394,10.14199800105608
1998-10-01,21.89,12.358740728082426,13.4949305383196,10.482508814140255
1998-10-02,21.89,13.016303207482922,13.487778918506248,10.15342654540734
1998-10-03,21.89,13.035350561376577,13.502510560300268,9.911504805792497
1998-10-04,21.89,13.125633420574976,13.497743126482408,10.190726627838135
1998-10-05,21.89,12.490522078890264,13.540211394431834,10.01977212516872
1998-10-06,21.89,12.170851472739727,13.476668066894504,10.135141013439405
1998-10-07,21.89,12.658424613167147,13.49889362175991,9.633116481207125
1998-10-08,21.89,12.787319570501113,13.498254984767213,10.06607469785746
1998-10-09,21.89,12.378335322858776,13.492575784166194,10.149361670420522
1998-10-10,21.89,12.88008829574387,13.50812711000629,10.208947344944603
1998-10-11,21.89,12.499705112316223,13.467932578290233,10.22233807566356
1998-10-12,21.89,13.531507559426567,13.525688671559951,10.105010524279107
1998-10-13,21.89,12.318412511250518,13.502622474179672,9.954869424471042
1998-10-14,21.89,13.076079827512018,13.495074896160771,9.587644951047377
1998-10-15,21.89,12.510734227996947,13.492281646827156,9.89176802238734
1998-10-16,21.89,12.889002810643683,13.476636548164448,10.097213995070984
1998-10-17,21.89,12.640053753135982,13.506740295420837,9.84806230359793
1998-10-18,21.89,12.877405523736114,13.502184305943844,9.815916301382458
1998-10-19,21.89,12.240908621201358,13.51740955596777,10.216940414377671
1998-10-20,21.89,12.594206204686238,13.484732704586488,9.686184048549599
1998-10-21,21.89,12.924601665890044,13.485620305074077,9.831195721454694
1998-10-22,21.89,12.92746684949615,13.525591995604213,10.16370204536263
1998-10-23,21.89,12.716798537457837,13.49534456644988,9.981808902307307
1998-10-24,21.89,12.432738640731896,13.500543390811997,10.066135782877897
1998-10-25,21.89,11.957527902245698,13.505821828187571,10.056795597954968
1998-10-26,21.89,12.410342042035147,13.480441252552906,9.930581383173003
1998-10-27,21.89,12.675666197918657,13.490039899100006,9.999253610772161
1998-10-28,21.89,13.299923793873274,13.504490740316234,9.751326926109867
1998-10-29,21.89,12.853977931024817,13.506612890927913,10.241305508456376
1998-10-30,21.89,12.66772221732817,13.510855353300846,9.866699146259842
1998-10-31,21.89,13.21128895332642,13.502634912274564,10.060596291347458
1998-11-01,21.89,13.168112292538964,13.499132926717882,9.706772754570927
1998-11-02,21.89,12.876573875361952,13.49331392413815,9.706782330766456
1998-11-03,21.89,12.25662051475178,13.50932599984352,9.505482676247267
1998-11-04,21.89,12.73947908660585,13.490191878507922,10.305620743929081
1998-11-05,21.89,12.530325646365437,13.513073944818274,9.98223433736096
1998-11-06,21.89,12.69624721483574,13.510661938513508,10.173374949991809
1998-11-07,21.89,12.462741130695433,13.5115468507531,10.106887552433554
1998-11-08,21.89,12.633754907020004,13.525437280235579,9.957987690659403
1998-11-09,21.89,13.132778216286091,13.514889391222239,9.894332319987777
1998-11-10,21.89,11.952175557989118,13.500136195676356,9.7172665376765
1998-11-11,21.89,13.038889349903338,13.54072722782292,10.140508359498915
1998-11-12,21.89,13.126229637258461,13.496414303871747,9.735723423923574
1998-11-13,21.89,12.774539368636125,13.499429487406507,10.355138367669115
1998-11-14,21.89,12.649821193595912,13.531390306633972,9.974949327284666
1998-11-15,21.89,12.877575522254487,13.49800193808629,9.708310973811338
1998-11-16,21.89,12.604769318523088,13.504779388819184,9.792453402273681
1998-11-17,21.89,12.530397089897418,13.506563528178285,9.886995642414723
1998-11-18,21.89,12.979918888673952,13.497885744944858,9.92890477587796
1998-11-19,21.89,12.99677066361008,13.480089524317586,9.635750969227521
1998-11-20,21.89,12.859026191566885,13.501210223874482,10.407133546538914
1998-11-21,21.89,12.73937299709733,13.49438379111839,10.055850697582303
1998-11-22,21.89,12.45295791333895,13.492076516085055,9.480770909675519
1998-11-23,21.89,12.809450374681195,13.512306428862876,9.97948751967309
1998-11-24,21.89,12.875445064453611,13.514935475355514,10.063901075954478
1998-11-25,21.89,11.889524322118023,13.493925732628304,9.69474557724522
1998-11-26,21.89,13.386227660633473,13.513033366651763,10.155068480797373
1998-11-27,21.89,12.739566629970811,13.48257357496048,10.246516182971417
1998-11-28,21.89,12.41744195656876,13.524916834464202,10.210063522828177
1998-11-29,21.89,13.578514830690251,13.515786330901054,10.201426686717939
1998-11-30,21.89,13.050756668806041,13.50345031558673,9.782217037204976
1998-12-01,21.89,13.288780072531978,13.460843448614959,9.891432912881978
1998-12-02,21.89,12.420468240774712,13.491150897947897,10.048359921087187
1998-12-03,21.89,12.647284667909894,13.52775009753103,10.031635169462652
1998-12-04,21.89,12.898340884829947,13.500471670836298,9.940362560166504
1998-12-05,21.89,12.915834580051712,13.482646636205635,10.125651840721
1998-12-06,21.89,12.784059194859461,13.506728335565727,9.84761231061129
1998-12-07,21.89,12.184232557191642,13.494898019955016,9.887660749311497
1998-12-08,21.89,12.934044110458858,13.485284338760323,9.879357391333595
1998-12-09,21.89,12.796017663121924,13.497298748030778,10.08113557791916
1998-12-10,21.89,12.18946475803476,13.49951106248311,9.738728960343897
1998-12-11,21.89,13.47198290596082,13.520273323710711,10.19301031756322
1998-12-12,21.89,12.632614236546951,13.48083080378606,9.95292787363702
1998-12-13,21.89,13.057244902798194,13.493269059360214,9.95633392395341
1998-12-14,21.89,12.545461276886845,13.49881143992015,10.019905329936675
1998-12-15,21.89,12.38939625281632,13.50867195833819,10.079586846408485
1998-12-16,21.89,12.920158621764433,13.5209847489173,9.795490579921744
1998-12-17,21.89,13.0586860330092,13.49537665480216,9.8879409145436
1998-12-18,21.89,12.563146775724531,13.474521155929304,10.154317026421129
1998-12-19,21.89,13.281762992336818,13.49715694560184,10.210028953905454
1998-12-20,21.89,12.876472191063769,13.504367672680246,10.146499291825796
1998-12-21,21.89,12.904427002659217,13.51413757115865,9.852685670732122
1998-12-22,21.89,13.527485052607346,13.508864217968057,9.933586799069369
1998-12-23,21.89,12.564906253308813,13.510751906408874,10.075996261889493
1998-12-24,21.89,12.979859490224818,13.502501686406163,9.973915531020547
1998-12-25,21.89,12.440341276109645,13.494328192162715,9.841080430774271
1998-12-26,21.89,13.668511747034948,13.503318448076206,10.270079416269565
1998-12-27,21.89,13.021157414536003,13.499782082406567,9.482670678918232
1998-12-28,21.89,13.00739408687842,13.508677791420496,9.812526838622574
1998-12-29,21.89,12.868578237161543,13.493129458237968,9.805613724854409
1998-12-30,21.89,12.782014096975828,13.525472836561203,9.926718428725568
1998-12-31,21.89,13.206514169551918,13.50233312777713,10.069501174924193
1999-01-01,89.75,18.014006545960427,17.971415958733886,6.653141636882705
1999-01-02,89.86,18.877312166551047,18.035902025768003,6.609058538431846
1999-01-03,90.13,18.225748367902412,17.996904866624416,6.613112973951074
1999-01-04,90.61,17.69632179136739,17.986028229987305,6.412976708759163
1999-01-05,90.08,18.03271478943827,17.948475773761807,6.683319606424985
1999-01-06,90.44,17.245763372005005,17.984615855451086,6.627388977776346
1999-01-07,89.62,18.15682799012791,17.99376744533551,6.47155317751935
1999-01-08,89.95,18.78829196623848,17.98059759072049,6.827446357472365
1999-01-09,89.97,18.45663014510771,18.010260252399853,6.598918140400972
1999-01-10,90.16,17.52289789431715,18.04559824504663,6.887018411250989
1999-01-11,90.24,17.514034995371084,18.01923753428293,6.676434456118059
1999-01-12,90.18,17.57468148434254,17.974926129071534,6.776140925144177
1999-01-13,90.16,17.43570904126336,17.995053496330378,6.633302711456937
1999-01-14,90.6,17.140956671048784,17.989806377434405,6.418691055630509
1999-01-15,90.58,18.23881392469626,17.980570194356314,6.558302080246951
1999-01-16,90.25,17.417034718825455,17.988549499766894,6.57014818434551
1999-01-17,90.84,18.558211398476285,17.989724132080216,6.802672901720707
1999-01-18,90.76,18.47883548690499,17.996341517346416,6.647719953179086
1999-01-19,90.47,17.147539152324807,17.99168458389689,6.62804599077071
1999-01-20,90.2,17.360593032455295,17.98940707034718,6.835699318266499
1999-01-21,90.68,18.529493109207692,18.00192097726592,6.464897444298987
1999-01-22,91.3,17.7829804281675,18.005413839929584,6.4116615931700025
1999-01-23,90.12,18.072450694563308,17.980683098577092,6.687189531912228
1999-01-24,90.1,19.133536521589658,18.035830471989602,6.6082203242711675
1999-01-25,90.78,18.39271282220707,17.993426627916737,6.6645762043460515
1999-01-26,90.72,17.735302551582855,18.005353357131693,6.656683474411149
1999-01-27,90.7,17.504529037188803,17.98195159269128,6.881800473283341
1999-01-28,90.86,18.12549169971328,17.987744359714576,6.5849714018054515
1999-01-29,90.02,17.5487491446675,17.981295516650263,6.695982529083737
1999-01-30,90.91,17.907074469570656,18.004314156481477,6.602658709706142
1999-01-31,91.06,18.033795984115432,18.002996154127658,6.441324163283802
1999-02-01,90.9,18.266679738956444,18.00074528403432,6.672437397400745
1999-02-02,91.13,17.646294589597574,18.024529026832635,6.7134888440347344
1999-02-03,90.83,17.582920012831895,18.001224645074835,6.764779509732385
1999-02-04,90.8,17.351895614070628,17.991159929356723,6.801315737932397
1999-02-05,90.75,17.986776422406162,18.00829325461684,6.8936425034275315
1999-02-06,90.48,17.5028440166075,17.98957625630406,6.486125593561096
1999-02-07,90.62,18.202923537488793,18.001995351794918,6.745944210597064
1999-02-08,91.04,18.970031027586387,18.02665824913512,6.659357637860363
1999-02-09,90.81,17.506820793339323,17.98678406611331,6.512624356072139
1999-02-10,90.98,18.49244799401027,18.000152647229655,6.966729036619137
1999-02-11,91.32,18.018057606599147,18.018275927578912,6.430155897376942
1999-02-12,91.72,17.335841594263456,17.99759782272093,6.537034331628606
1999-02-13,91.53,18.001209170897354,18.01270472744613,6.72141154479229
1999-02-14,91.18,18.055039422668983,17.99190683111795,6.726250687004209
1999-02-15,91.42,17.779769023050683,18.027960261676107,6.58816903307306
1999-02-16,91.44,17.338769471956276,18.006974177442995,6.6709527749489546
1999-02-17,91.56,18.23763124609984,17.973940790452,6.5052075844081925
1999-02-18,91.44,17.692177653836517,17.987846325380044,6.456667653766719
1999-02-19,91.61,18.088161652933426,18.003304209424957,6.690534221361653
1999-02-20,91.41,17.37374428120037,18.002020023846626,6.632231891993864
1999-02-21,91.72,17.72442979010992,17.97750319131248,6.277378348309271
1999-02-22,91.63,17.93821233997466,17.97219896813332,6.821263207029843
1999-02-23,91.5,17.71320532065797,18.02052323655919,6.5227884194657415
1999-02-24,91.93,17.012448264625668,17.99635675381371,6.529739687400431
1999-02-25,91.58,18.173718000345072,17.993328516320545,6.780061413404088
1999-02-26,91.56,18.224742506847175,18.026856835804157,6.549264510096845
1999-02-27,92.19,17.524786073347645,17.99651215031524,6.646593564079244
1999-02-28,91.69,18.504101535183953,18.021994895292238,6.716867016013879
1999-03-01,91.57,18.05526211580257,17.988111450078748,6.6723145640766175
1999-03-02,91.6,18.54965319203779,18.02753426978677,6.67517569913474
1999-03-03,91.95,18.575726889421038,18.00659997525089,6.521477105679291
1999-03-04,91.96,17.415556360075296,17.969413415246926,6.780011591353968
1999-03-05,92.34,18.18458113871554,17.965784778787246,6.589153749050927
1999-03-06,91.72,17.30191430320293,18.00927817194042,6.545882284753668
1999-03-07,91.67,17.98011959397365,18.00206821319782,6.554897277051932
1999-03-08,91.49,18.252104607350297,17.985220320050445,6.557437873342873
1999-03-09,92.13,18.16321260122627,18.013036799905073,6.577890579358458
1999-03-10,92.09,17.13172928264002,18.006892153423742,6.776107849281817
1999-03-11,91.9,19.2618507818599,17.977463040548002,6.654947199401375
1999-03-12,91.78,18.06365486313978,17.98750844116752,6.546168586424661
1999-03-13,92.42,17.83862877326571,18.00908258718706,6.676455170069841
1999-03-14,91.91,17.63098400347631,17.996665979095248,6.623113474358725
1999-03-15,91.87,18.02542939312702,17.99832739550656,6.667786139515576
1999-03-16,91.43,18.055972280295848,17.97773543189409,6.6967687350304805
1999-03-17,91.99,17.56450505149251,18.01986983602697,6.510639041711953
1999-03-18,92.34,17.040906751771807,17.986323410137054,6.877240292292062
1999-03-19,92.02,17.613734232968415,18.00778852724271,6.756411120466373
1999-03-20,92.7,18.463981678893898,18.013329457061243,6.7271629485176145
1999-03-21,92.12,17.549739398316746,18.012171621858915,6.510878810339206
1999-03-22,91.92,18.241958376762643,17.96132628081327,6.630185005928108
1999-03-23,92.61,18.15342016509561,18.005521095678287,6.782881368079821
1999-03-24,92.65,18.04183363116314,18.00457226983945,6.541718607628967
1999-03-25,92.23,18.29898747820873,18.021979160195766,6.769381760472042
1999-03-26,92.55,17.375024907494122,18.000219787757583,6.57240143917521
1999-03-27,92.31,18.294176207952805,17.998582969511293,6.646312195741734
1999-03-28,92.16,17.88187407256526,18.011367187294447,6.344837138944271
1999-03-29,92.59,18.2489575201239,18.01140371598213,6.772203432022174
1999-03-30,92.33,17.917845177494186,17.993386396568475,6.865694918237053
1999-03-31,92.61,17.17290682028452,18.000782224960087,6.637966406654509
1999-04-01,92.55,18.919391845774783,17.95869156262056,6.682949436289115
1999-04-02,92.13,17.948887010476877,17.96124042789298,6.42309361958524
1999-04-03,93.22,18.13707601120297,17.981913118536287,6.846640824183154
1999-04-04,92.75,17.0733660700851,18.04485008487949,6.444792705644553
1999-04-05,92.78,18.33759246253238,18.004189906312885,6.861808419881757
1999-04-06,92.63,18.437707599740918,18.006254625172772,6.610862337147814
1999-04-07,92.61,17.86669266149879,17.996700386801134,6.716550050154586
1999-04-08,93.48,17.031710573993003,18.00212603139543,6.407484709986509
1999-04-09,92.58,18.034092557401717,17.958011000635096,6.441886918377355
1999-04-10,92.89,17.815414101401593,17.99166732821251,6.427291944161983
1999-04-11,92.44,17.84106720637446,17.997754460338157,6.577402197052792
1999-04-12,92.65,17.514678907089444,18.028679648639187,6.74351186395735
1999-04-13,93.17,17.663305665106446,17.98394645457818,6.574199546516103
1999-04-14,92.95,17.138343609447812,18.0135092601184,6.761917239415522
1999-04-15,93.09,18.377823015255778,17.991300603181394,6.812576518510516
1999-04-16,92.91,18.364161289566066,18.025981176554215,6.50897403893774
1999-04-17,93.04,17.855416690978075,17.968742456486886,6.675044225534508
1999-04-18,93.64,17.922815064807157,17.979877596466107,6.743414835388417
1999-04-19,93.31,18.087819042705256,18.00768694358172,6.66705037567875
1999-04-20,93.05,17.61930969979899,17.979712280072672,6.600960002017217
1999-04-21,93.31,17.98917169547176,17.994185313261166,6.749239047264195
1999-04-22,93.23,17.71548278155987,18.023199965811376,6.616737172974016
1999-04-23,93.78,18.144778626500166,18.01772388176911,6.714533163117834
1999-04-24,92.79,18.122528077233195,17.995179878648237,6.770554637344468
1999-04-25,93.05,17.495515254644545,17.98758650496392,6.411447412432374
1999-04-26,93.17,17.582323658819917,18.000776866551295,6.858942196059188
1999-04-27,93.11,17.68864497509221,17.99370473133767,6.5031638301866845
1999-04-28,93.46,17.573848646173083,18.02045005434657,6.655074344613684
1999-04-29,93.1,17.288322957265347,18.012959618941032,6.519529286055965
1999-04-30,93.42,17.599665689575364,17.997230039914854,6.484075038571286
1999-05-01,93.36,17.764697881967667,18.00437308210743,6.718958315297918
1999-05-02,93.49,17.76490917369444,18.017651819662216,6.508677391903086
1999-05-03,93.2,17.927786239797445,17.969218159323425,6.643841746299913
1999-05-04,93.29,18.465987722075848,17.98754931322837,6.417790809560174
1999-05-05,93.52,17.49928145042394,17.993425974421605,6.605000532388164
1999-05-06,94.0,18.729440883314265,17.99742334353074,6.517646253305639
1999-05-07,93.6,18.285325952239905,17.988721676636377,6.71043601044062
1999-05-08,93.55,17.476746614494413,17.973833664210133,6.540465798172197
1999-05-09,93.71,17.886395360393532,18.010822302141793,6.551343298156707
1999-05-10,93.78,17.9185825147089,17.963646460421465,6.401343148741823
1999-05-11,93.4,17.199462298415497,18.003867643016672,6.640026670014349
1999-05-12,94.14,18.013261587776206,17.98760852933007,6.691520868694128
1999-05-13,93.61,17.895966295935057,18.017700978198416,6.450977603324072
1999-05-14,93.81,18.549515521536097,18.017919319093963,6.770259319663829
1999-05-15,93.12,17.902171568083347,17.99687511362843,6.526734168635298
1999-05-16,93.67,17.623782383399327,17.97080687867684,6.50655861970438
1999-05-17,93.99,18.245549339507953,18.00411528033846,6.594046801875862
1999-05-18,93.48,17.68665656833631,18.043606025657557,6.621625798573448
1999-05-19,94.13,16.878468243325955,18.050461140155605,6.45723622186008
1999-05-20,93.94,18.028200795859185,18.03604441613385,6.625769982291074
1999-05-21,93.78,16.817299124032644,17.976964688205864,6.550000513449421
1999-05-22,94.14,18.10092280833734,18.001756920688205,6.287826411409004
1999-05-23,94.59,18.162902455257527,18.00670244237225,6.612611518946374
1999-05-24,93.44,18.18668138100458,18.014729641922237,6.657875128385557
1999-05-25,94.15,19.202015318391606,18.01875973348165,6.508929052493746
1999-05-26,94.02,17.763884076344656,18.014351224336316,6.674024760518854
1999-05-27,94.23,17.703709912499086,17.973421807443838,6.515686917125595
1999-05-28,94.43,17.384732502066477,18.008769740393934,6.553743281847519
1999-05-29,94.45,17.177681338709924,18.00198984169118,6.8477192181484945
1999-05-30,94.35,17.833365031026577,17.985716892206103,6.701952615526705
1999-05-31,94.28,17.570721792661445,18.042378534564303,6.699883080036932
1999-06-01,94.05,17.251142317933255,18.024514799674133,6.6767630708790495
1999-06-02,94.38,18.712929583706895,17.99538897363246,6.285600250216127
1999-06-03,94.83,17.371389443367693,18.015963149009412,6.601595309749423
1999-06-04,94.27,18.278994765385136,17.996914740175992,6.626543876619244
1999-06-05,94.39,18.304877124190142,18.00721193122989,6.456964250380357
1999-06-06,94.74,18.576799585743174,17.97928950762108,6.756303124441523
1999-06-07,94.8,17.260471968928652,17.990747431471657,6.822555227079419
1999-06-08,94.56,18.021093366231035,17.979794957426908,6.778590986815533
1999-06-09,94.42,17.496211734080397,18.01730618711467,6.626157625110995
1999-06-10,94.69,18.771414425517346,18.02243451083326,6.721451475925814
1999-06-11,94.7,18.373302266481122,18.02806584878736,6.623873026855038
1999-06-12,95.14,17.703819064580916,18.00739415576698,6.64534311105528
1999-06-13,94.16,18.42569922082407,18.013400751119686,6.680668982774401
1999-06-14,94.63,17.417730071759276,17.999383280164583,6.612916768930457
1999-06-15,94.41,18.027332286761013,17.983248206009318,6.603725301235987
1999-06-16,94.81,16.61466737766729,18.020857307992387,6.659021216948346
1999-06-17,94.93,18.421252124180782,17.966967937378225,6.599634409024875
1999-06-18,94.88,18.414772340633856,18.037782447071095,6.616187835112861
1999-06-19,94.86,17.87766940474063,18.006981375922123,6.479271210728283
1999-06-20,95.01,17.878489195609458,18.012800654818832,6.790787392061629
1999-06-21,94.96,18.061074093120254,18.000320708381444,6.771909624972896
1999-06-22,95.11,17.646495977127316,18.00336638511531,6.475168994091792
1999-06-23,94.2,18.47806433688777,18.015191848158484,6.620153472110558
1999-06-24,95.48,17.62675886688693,18.011038447630522,6.356136365729492
1999-06-25,95.11,18.409967396522262,18.012388683662977,6.520233115256115
1999-06-26,95.31,18.30116637379944,18.018840140696504,6.816627723517228
1999-06-27,94.68,18.674667576894755,17.999937966358598,6.642829125467236
1999-06-28,95.31,17.921745836468176,17.997695863578986,6.756978490229629
1999-06-29,94.92,18.17244083320164,17.995768898782742,6.49556141084178
1999-06-30,95.34,17.984878305936064,18.00486442608756,6.6832662850699895
1999-07-01,94.98,18.581545580310312,18.010921519649838,6.615237233656539
1999-07-02,95.38,17.688332834725195,17.98124334351171,6.672126329391831
1999-07-03,95.3,17.643151499929896,17.995762140051585,6.577158962939378
1999-07-04,95.27,17.075205951673464,18.00494807868789,6.581356004494184
1999-07-05,95.27,17.06238339237824,17.97134913790989,6.718778846774569
1999-07-06,94.98,17.854723712692603,17.994341566666243,6.704877024579809
1999-07-07,95.4,18.6512434601044,17.9895339923072,6.914327133799274
1999-07-08,95.68,17.850134247609486,18.010942148078524,6.685118462643592
1999-07-09,95.34,17.67018559074019,18.028941137998938,6.653114910110576
1999-07-10,95.69,17.356114388243693,18.020820083429697,6.789848542049189
1999-07-11,95.14,17.17282641448499,18.011250017052987,6.739817097106812
1999-07-12,95.41,17.862226911686403,18.009193002856144,6.654781514629403
1999-07-13,95.5,18.08720463400632,17.987990085226574,6.836579598003304
1999-07-14,95.45,18.078059289017236,18.003708721905205,6.640348887684789
1999-07-15,95.54,17.943790533818067,17.98816430605714,6.726429398617451
1999-07-16,95.86,18.83138914489195,17.996361127549548,6.644091908789086
1999-07-17,95.46,17.04904614395533,17.991888638803253,6.694395363026978
1999-07-18,95.77,17.702543595847374,18.00809939515765,6.865224504795542
1999-07-19,96.2,16.852389808057634,18.0187468638192,6.6071380425998125
1999-07-20,95.46,16.570383827043628,18.000730172250243,6.50521065513058
1999-07-21,95.97,17.90717205419637,17.99288983939081,6.480190134472496
1999-07-22,96.06,18.29299351510206,17.997591375469433,6.530490517116224
1999-07-23,95.82,17.747210289942647,17.98270107180438,6.730178697154183
1999-07-24,95.45,18.421052517104613,18.015695025369254,6.611946610069401
1999-07-25,96.31,17.961209022687182,18.005948337655763,6.5339082476969725
1999-07-26,96.04,17.716962747055046,17.99863745946042,6.731903109140536
1999-07-27,95.56,17.045467039171672,17.967266821613812,6.507644484244393
1999-07-28,95.96,17.982809626678332,18.01694351205672,6.570502391314455
1999-07-29,95.5,17.66120514582994,17.988597034153685,6.70990833679108
1999-07-30,95.54,17.84613396201355,18.012696940091736,6.605766939913817
1999-07-31,95.87,18.327945284224498,18.01477572994019,6.6587640267883055
1999-08-01,95.75,17.982467011143882,18.030976172237523,6.5429067978829085
1999-08-02,96.23,17.667583566084627,17.99973762327272,6.772140600088993
1999-08-03,96.17,17.960571197779778,18.01694105773571,6.610620682308402
1999-08-04,96.01,17.769893634759946,18.0109212681274,6.598883148208139
1999-08-05,96.08,17.53684187249102,17.98993200611794,6.488071477526709
1999-08-06,96.01,18.228726325491714,18.03289760902769,6.534306683861985
1999-08-07,96.12,17.415363597753945,17.983372060174876,6.706874920409569
1999-08-08,96.35,18.002950669637656,18.02054474030131,6.516298764588491
1999-08-09,96.31,18.066412492975438,17.99116044525445,6.72990384480891
1999-08-10,96.15,18.25445832818909,18.012538096673786,6.466233239960789
1999-08-11,95.94,17.771660325380797,17.99139310619077,6.723675806757869
1999-08-12,96.52,17.589870220757245,18.01916066619683,6.607967820724804
1999-08-13,96.48,18.366178220060554,18.02462569212202,6.501811993276175
1999-08-14,96.47,18.304488217173972,17.990609064016663,6.638890142541578
1999-08-15,96.21,18.647445062159637,18.040658544762287,6.467697459836864
1999-08-16,96.92,18.160759357330985,18.01287820986426,6.396579800117997
1999-08-17,96.68,16.790902452139857,17.9929246516842,6.83393051871086
1999-08-18,96.91,17.903167305322512,17.98648979651823,6.612954180466844
1999-08-19,96.73,17.754941653796564,17.973077958384568,6.667822479506925
1999-08-20,96.57,19.132513835873503,17.998355332899994,6.771990857388276
1999-08-21,95.87,18.28696465313933,18.013414004110444,6.716006600847046
1999-08-22,96.51,18.608092519693262,18.00128289763837,6.524350156876299
1999-08-23,96.77,18.009603113588856,18.0021993144239,6.67753804201882
1999-08-24,96.67,17.949125606377336,17.98513830409185,6.616919758431862
1999-08-25,96.47,17.57636708264151,17.975420025199877,6.607762332310269
1999-08-26,96.27,17.974955962160717,18.004638838109095,6.627082918836238
1999-08-27,96.55,18.063922022498225,18.041479485050107,6.43516768538679
1999-08-28,96.48,18.158898192069888,18.00265066116076,6.696471497994302
1999-08-29,97.16,17.660522906134638,18.00872709096726,6.43775999993343
1999-08-30,97.14,17.97065819532306,17.98276236606251,6.4021448250224635
1999-08-31,97.07,17.70055000980329,17.99679440674111,6.772655853340273
1999-09-01,96.85,18.38334011692937,17.979006985267098,6.547375913937504
1999-09-02,96.76,17.7346757112536,18.004929470389058,6.710722548821056
1999-09-03,96.74,17.42434757241314,18.019271896979173,6.756458486294922
1999-09-04,96.49,18.57527489116801,17.987144564445753,6.606136533767367
1999-09-05,97.08,18.038603213649207,17.99212325860647,6.700211628866801
1999-09-06,97.48,17.847384981803756,18.015913451336335,6.5333215941430005
1999-09-07,97.3,18.801571007361442,17.977914904712414,6.418239827602032
1999-09-08,97.04,18.77054594933992,18.025005866240935,6.756702476904306
1999-09-09,96.5,17.701192544060945,17.99845686356498,6.636985141965232
1999-09-10,96.99,18.444087841820227,18.009499598955642,6.866582363370153
1999-09-11,97.22,17.80217665480915,18.006393487501015,6.604801305692806
1999-09-12,97.08,18.066297312973234,17.999620376595715,6.7339837417069655
1999-09-13,97.03,17.780843695344537,18.020244967696744,6.646958018825541
1999-09-14,97.61,18.718719548242817,18.013263936932532,6.703279017091836
1999-09-15,96.95,17.66695777337803,17.966007010290962,6.432140011806311
1999-09-16,97.18,18.022143998216155,17.976618066058887,6.66685893815291
1999-09-17,97.43,18.504810327686798,17.99781940241444,6.942534164250608
1999-09-18,97.3,18.239823206308316,18.002771656868692,6.588232295007065
1999-09-19,97.46,18.040559083113102,18.021850566798506,6.701442132055097
1999-09-20,97.34,18.35133789581073,17.99133704409002,6.43918500869125
1999-09-21,97.38,18.367109197215395,18.025447857797225,6.449937186195914
1999-09-22,97.39,18.263948145564253,17.981761053408913,6.491513934886646
1999-09-23,97.65,17.630237913064246,17.965933225421367,6.618797822217682
1999-09-24,97.34,17.821438311788665,17.997380818772726,6.461290935665646
1999-09-25,97.69,18.225069787460583,17.976364708954307,6.604244711184624
1999-09-26,97.51,18.438689054830473,17.996258850534947,6.290497925839334
1999-09-27,97.78,17.60775661129723,17.977155195824405,6.612764051463081
1999-09-28,97.73,17.37997560224236,18.034184606839155,6.441049417038523
1999-09-29,97.7,17.49278543384383,18.006531644582925,6.609202938521366
1999-09-30,97.95,17.78446391230984,17.98736604590976,6.439926731495048
1999-10-01,98.07,18.935481237460838,17.986544706279343,6.623268712745054
1999-10-02,97.98,17.405920305442734,17.98956158250701,6.662028097517406
1999-10-03,97.58,17.97495057036595,17.99171124005947,6.8190515672526475
1999-10-04,97.69,17.64853519501235,18.000080265647597,6.502345094570389
1999-10-05,98.07,17.786016983669,18.01154282031654,6.559662334737491
1999-10-06,97.78,18.581368848869754,17.978747014936065,6.602187678594391
1999-10-07,97.61,16.23144250506208,17.98941205681449,6.7178000837278775
1999-10-08,98.32,18.478803872333614,17.97850888698527,6.888305186858746
1999-10-09,97.86,17.244884012064766,18.003096906126117,6.49523656502862
1999-10-10,98.73,18.357594995965535,18.015270866557398,6.628362535444446
1999-10-11,97.94,17.093599516133725,17.995841332810652,6.7508403957153
1999-10-12,98.08,17.85512278055137,17.995445059300508,6.6692661071858845
1999-10-13,97.9,16.62526505307501,17.990959367626473,6.612322873166943
1999-10-14,97.75,18.632123131654886,17.977074115504237,6.672075753986197
1999-10-15,98.17,18.305105122288126,18.007601317234847,6.334923666131744
1999-10-16,98.14,17.534986555851468,17.9824096421657,6.552586366321575
1999-10-17,98.25,18.533757626897383,18.011273091353328,6.498034001726887
1999-10-18,98.36,18.290653880065967,17.992233014431754,6.374785972299691
1999-10-19,98.21,18.204838579196554,17.98240336256615,6.707485241154845
1999-10-20,97.89,17.960038495321008,18.010785798934307,6.5323435320745125
1999-10-21,98.08,18.3641241567845,18.02724053311599,6.808165633101767
1999-10-22,98.21,18.952179748613105,18.001312466123775,6.788621937586382
1999-10-23,98.38,17.655619983751954,17.989195219705746,6.5983393994027155
1999-10-24,98.42,16.5072633337588,18.024208717750092,6.81292686684695
1999-10-25,98.42,17.597230671062626,18.018169458100566,6.520013828754135
1999-10-26,98.16,18.211639055195207,18.005539198290027,6.871132337545524
1999-10-27,98.62,17.376998806613283,17.998988066865884,6.491835079812992
1999-10-28,98.82,18.23517269116533,17.9794305924417,6.394180412257478
1999-10-29,98.77,18.148685813175373,17.986372834387264,6.544990290654081
1999-10-30,98.3,17.190177011569833,17.96892176990731,6.6213622974414905
1999-10-31,98.8,17.929052666540716,17.991347904539914,6.595009057796157
1999-11-01,98.59,18.25625020862228,17.999751724432482,6.569762412529217
1999-11-02,97.96,17.484460366571124,18.008566584526008,6.688132509382895
1999-11-03,98.75,18.361539940487916,17.982223780617627,6.532548026958566
1999-11-04,98.69,17.564458762529558,18.036214315556236,6.278209094381134
1999-11-05,98.77,17.755216218666796,17.998434551561793,6.604075142714649
1999-11-06,98.88,19.12194007191615,17.997841529116133,6.615796681248915
1999-11-07,98.71,16.87649402600387,17.981313824109176,6.509273190480854
1999-11-08,98.65,17.52741900639734,17.99163333609101,6.660547334589329
1999-11-09,98.74,18.27655363269292,18.02431313296661,6.601588495074323
1999-11-10,99.3,18.465639535225414,17.9957294955685,6.512388004144375
1999-11-11,98.72,18.029198553467044,18.023165154243628,6.472497116952265
1999-11-12,99.19,17.725079098381315,18.015318186606294,6.756235150411799
1999-11-13,98.97,17.956933471819664,17.98969296143982,6.72949878237356
1999-11-14,99.17,19.249435381368194,18.016381966063488,6.659937273576306
1999-11-15,99.04,17.295231681019747,17.988826917484264,6.602038659131862
1999-11-16,98.94,17.441404144122856,17.981297398869827,6.577713120096154
1999-11-17,98.75,18.141426344628456,18.010733681194314,6.750550672068652
1999-11-18,99.25,17.611835914157815,17.987181254100758,6.581731556985868
1999-11-19,99.31,16.922058856821934,17.98399169857873,6.641511518308885
1999-11-20,98.71,18.719115754389712,18.019552296964743,6.519337759082688
1999-11-21,98.83,17.16223129392156,17.997959260790353,6.779750609215086
1999-11-22,99.27,17.19323223630507,17.988615289598762,6.624847679569844
1999-11-23,99.14,17.45640843611869,17.991700724079664,6.592865380646812
1999-11-24,99.53,18.045529244616407,18.00996443489166,6.4828996305874345
1999-11-25,99.91,17.99112160748562,17.995486018831087,6.706925864691398
1999-11-26,99.13,17.869514713925497,18.013759808688274,6.5707731283700115
1999-11-27,99.92,17.548567893986444,17.974899349987172,6.509511985259308
1999-11-28,99.2,17.25972605314558,17.988941071419035,6.606899935855501
1999-11-29,99.95,17.739432922499603,17.974531029196964,6.48754967660055
1999-11-30,99.35,18.052562028946227,17.987541297104,6.749920392019985
1999-12-01,99.84,18.486346187975755,18.02200663800133,6.476969993256418
1999-12-02,99.55,17.85769755590611,17.999501943256995,6.452459702398065
1999-12-03,99.38,18.583624075138122,17.99170180596348,6.508314484798604
1999-12-04,99.59,18.769804196992546,18.00504651051387,6.6421882722194585
1999-12-05,99.38,17.390712838403,17.99436270708366,6.532794704692461
1999-12-06,100.01,18.044618820730754,17.982825077910764,6.619591519140778
1999-12-07,99.47,17.249948992012317,18.031728697613577,6.75369226167138
1999-12-08,99.89,17.88383962123282,18.000148607450626,6.559410356221006
1999-12-09,100.16,18.620709468743986,18.006665464187478,6.524039654907805
1999-12-10,99.03,17.963558650703604,17.986392264942143,6.591728976448408
1999-12-11,99.51,16.817779411502386,17.998486433877012,6.288999357715932
1999-12-12,99.73,17.87247170273099,18.015471003845263,6.65501001166796
1999-12-13,99.74,17.271388233925077,17.980069711419464,6.665000779114473
1999-12-14,100.14,17.579268645049734,17.958181707558584,6.658337612684897
1999-12-15,100.21,17.489842338107966,17.95969855075784,6.63655999369715
1999-12-16,99.9,19.079679072917628,18.027524741504852,6.4943305031812715
1999-12-17,99.71,18.304817563045575,17.99113211278224,6.768786119049419
1999-12-18,99.99,17.36226506010636,18.014475368212857,6.727150762589798
1999-12-19,100.09,17.929287895247672,18.01120412241374,6.6375023967319695
1999-12-20,99.72,17.741965777150114,18.01302484193152,6.78679768819294
1999-12-21,99.86,16.702954954095564,17.999964988757704,6.438674502133153
1999-12-22,100.55,18.11677835639504,18.011027275798238,6.661225382852463
1999-12-23,100.3,17.80517512077735,18.02864447534287,6.785867349197704
1999-12-24,99.72,17.676266086298362,17.98160421613924,6.63617731589134
1999-12-25,99.93,18.117419600468615,18.00401380990521,6.69449977715764
1999-12-26,100.3,18.354942684435535,17.990933790260605,6.764621800159655
1999-12-27,100.32,17.478971112691124,18.02732100416222,6.483274208341987
1999-12-28,100.31,16.88072467452183,17.969650117274362,6.768126093757105
1999-12-29,100.77,17.936699171755752,18.001778542847045,6.593266548879202
1999-12-30,100.37,17.378775024743273,17.991282512727693,6.548249264168704
1999-12-31,100.36,17.79733788130053,17.974579238244303,6.33913740201967
2000-01-01,100.56,28.991248753898063,13.992548761680169,7.032925405197976
2000-01-02,100.15,28.460630928673737,13.99770114005114,6.9090702306046845
2000-01-03,100.77,27.214302003445237,13.98141447805631,7.052019255502488
2000-01-04,100.14,28.537779633674692,14.014054931784262,7.212886068831765
2000-01-05,100.8,28.304128624658766,13.9940119561381,7.14733995161241
2000-01-06,100.53,29.08562982549602,14.030149778677254,6.891509131263763
2000-01-07,99.98,27.661506520331343,13.98654696261949,7.037518804561602
2000-01-08,100.68,29.998743218091263,13.98774808914361,6.7328717691237205
2000-01-09,100.35,28.201674957495996,13.978422985931726,6.807080343716122
2000-01-10,100.8,30.433312032563762,14.007289735235325,6.940068216439733
2000-01-11,100.62,28.25833688517585,13.982679228110515,7.1490619684382395
2000-01-12,100.26,27.72812512234305,14.005426921208539,7.079372789515639
2000-01-13,100.92,29.80106100294679,14.00109400216763,6.982152248510545
2000-01-14,100.27,28.174521975943556,14.005126929546382,7.031706741264387
2000-01-15,101.42,28.554882918799052,13.994038229279102,6.956877505776532
2000-01-16,100.62,28.50430783084308,14.00212486599481,7.022586929681778
2000-01-17,100.87,28.17331470039878,14.014142679606847,7.254493845159284
2000-01-18,100.78,27.66432227656375,14.00995619146231,7.052754250597357
2000-01-19,100.86,29.815560907224658,14.017587079664827,6.711680764973823
2000-01-20,100.77,28.831872751205747,14.008986063341016,6.878545412809109
2000-01-21,100.82,27.949831142356928,13.986901518374758,6.9753688149621755
2000-01-22,100.84,29.10070804748551,14.009589538441903,6.790818064684448
2000-01-23,100.83,27.33159178271796,13.991119520394172,6.748533549538117
2000-01-24,100.66,29.541889243780833,13.990913938356684,6.642934318483951
2000-01-25,100.27,30.25780231914792,13.994541991766788,6.9453894029741425
2000-01-26,101.48,28.10971651099564,14.006633839899333,6.902156286120282
2000-01-27,100.64,28.45057050313673,14.02679920313704,6.535716149767585
2000-01-28,101.04,29.395687805485476,13.987351581886534,6.948579877796519
2000-01-29,101.84,28.00829950275604,13.998954221631735,6.9536053011300165
2000-01-30,101.05,28.287035800548505,14.021247138125807,6.969925260778691
2000-01-31,101.14,29.40188853843637,14.00537545834409,7.194986788282699
2000-02-01,100.36,28.907235148099407,14.00453615172656,6.882334694454687
2000-02-02,101.81,28.50626762651234,14.01700968171416,6.9731794814301145
2000-02-03,101.06,28.6196472337954,13.997964925704217,7.131056031200577
2000-02-04,100.68,27.978030679368015,14.006554559639202,6.840988924320164
2000-02-05,101.1,30.57215197074021,14.004118556348612,7.035794590764989
2000-02-06,101.45,28.150878053456765,13.990564008866533,7.120594467254008
2000-02-07,101.44,28.901784653140368,13.997397712793891,7.0023118721572875
2000-02-08,101.52,27.93435509857691,13.993384999747539,7.029151733380705
2000-02-09,101.83,28.70280033949356,14.00153238013234,6.729424373974702
2000-02-10,101.45,28.334581849562984,13.984379990771892,6.963804346200421
2000-02-11,101.76,29.204521994061423,14.007942307728822,6.8818421401335765
2000-02-12,101.66,28.085905874892767,13.991014840934902,7.115053410356888
2000-02-13,101.53,28.583748490735644,14.003450353736726,6.835415617273352
2000-02-14,101.63,27.851901033174535,14.005045898905854,6.896421335310965
2000-02-15,101.54,27.786323889123146,14.000048522888427,6.871387319270228
2000-02-16,100.98,28.24611978186613,14.006886309716242,6.982388721118142
2000-02-17,100.79,28.204027103591514,13.994785937455028,7.2023697869302215
2000-02-18,102.45,28.23385383983282,14.002616078393752,6.892230158630047
2000-02-19,101.96,29.033350809320957,14.001513484239313,6.877398414559862
2000-02-20,101.56,28.817523383292066,13.978711668069831,6.8443401918112015
2000-02-21,101.93,28.115487503655018,14.018888944194408,6.960367381024406
2000-02-22,101.68,27.45112338235133,14.011747881445242,6.88673053079862
2000-02-23,101.72,28.46500411458463,13.988524508274143,6.949675147090743
2000-02-24,102.06,29.246585635654252,13.980280412213954,6.875823096202674
2000-02-25,102.08,28.5085070274869,13.99955145138,7.083091641547953
2000-02-26,101.91,28.27325688624393,13.987350976973728,6.884071794670896
2000-02-27,102.36,27.654696105179084,14.00332286132051,7.153172341772946
2000-02-28,102.11,29.2527512095519,13.978528137353328,6.937596564588633
2000-02-29,101.69,27.572035200989962,13.9950260718101,6.884078390509395
2000-03-01,102.63,29.495830971534087,13.990299920748283,6.988147132717526
2000-03-02,102.22,30.3857985170194,14.008643814348593,6.961711144723642
2000-03-03,102.08,28.418436235511194,13.982403898787886,7.048423096884419
2000-03-04,102.47,27.796972891692555,13.990429494544792,6.702381842393952
2000-03-05,102.48,28.83603602048302,13.987732874229229,6.949211209344168
2000-03-06,102.17,29.207223428452494,14.02969884613128,7.137359708487697
2000-03-07,102.55,29.07315291401276,13.993656697977038,6.806623834660002
2000-03-08,102.1,27.840553937454885,14.013900039220893,7.118715987425485
2000-03-09,102.65,31.22728828445451,13.978266884124531,7.407878327778158
2000-03-10,102.11,28.502621972032806,14.008875402692436,6.90724687851111
2000-03-11,102.72,28.662116707221134,13.99394979877916,6.735643887949211
2000-03-12,102.6,29.63004582492186,14.00297718990644,6.953253668067147
2000-03-13,102.56,27.386120945884322,14.019245967822084,6.763659713411156
2000-03-14,102.39,29.907759264484863,14.022770456073026,7.216595271726075
2000-03-15,102.75,27.490454274282612,14.030185545001398,7.062101866318305
2000-03-16,102.07,28.106339063034724,13.985671927589808,7.056209187181986
2000-03-17,102.46,27.46217403658053,14.019906253176803,6.859761846413123
2000-03-18,102.52,28.9927310006358,13.979718317041646,6.773420296684319
2000-03-19,102.69,29.935376283578307,13.997154712167154,6.94977652868269
2000-03-20,102.18,27.706111070792627,13.991458792060136,6.975452758311287
2000-03-21,102.6,30.670963994262237,14.00434783989976,6.949858940796807
2000-03-22,102.89,28.35895990337488,13.96873198710218,6.959505497434967
2000-03-23,103.03,28.408307782061865,13.993842374105704,6.813778029811102
2000-03-24,102.46,29.29299368671521,13.984359868343002,6.772797405722889
2000-03-25,102.52,29.819291033604944,13.982258008784529,6.990164810443607
2000-03-26,103.08,28.638798824146306,14.00010029474643,6.910774984710691
2000-03-27,102.73,28.94973267853785,14.00401321790585,6.99025468457076
2000-03-28,103.03,27.887857245936083,14.00641679810847,6.873863948737626
2000-03-29,102.66,29.212150052951475,13.994013575055538,6.961458358278364
2000-03-30,102.87,29.109642857076196,13.994985433061906,6.89844506330204
2000-03-31,103.45,28.588066350327168,14.032334419831672,7.179694602880928
2000-04-01,103.06,29.526117945018346,13.981516359800322,7.177127148755486
2000-04-02,102.73,29.048131152448576,14.021772390967007,6.740239847660002
2000-04-03,102.84,27.692183656144522,14.009220493516851,6.946081127500055
2000-04-04,103.22,29.207777560250953,14.010862220498018,6.815559506937267
2000-04-05,102.93,28.6649205952036,13.993497929250614,6.9717693750942695
2000-04-06,103.25,29.979975261327844,14.009852995385591,6.894776393426591
2000-04-07,103.86,30.55393875715987,14.016733585064257,6.8592413283974265
2000-04-08,102.76,29.18460931672456,14.019254298166596,6.87833417049104
2000-04-09,103.18,28.852099685594027,13.9934646573908,7.090781928737454
2000-04-10,103.2,29.354355688873042,14.03773255161122,6.907986998130983
2000-04-11,102.99,28.32457073096984,13.989061224274527,7.102299717479535
2000-04-12,103.12,28.61049726508634,14.00355884891805,6.952158179196829
2000-04-13,103.32,28.73996658029552,14.02155646937447,6.97100320339281
2000-04-14,103.39,29.82886703756892,14.001464563694986,6.89002067590707
2000-04-15,103.28,28.25994968078703,13.998479946013946,6.88100204307684
2000-04-16,103.14,30.173513995879222,14.020661452863603,6.971568193948476
2000-04-17,102.71,29.398789495951117,14.009611652930905,7.130672297577129
2000-04-18,103.51,27.87969154897871,13.991946340373557,6.750658413350205
2000-04-19,103.44,29.64637886824408,14.004138414069931,7.016374511686284
2000-04-20,103.24,28.934181896070434,13.969235469648394,7.032759098464482
2000-04-21,103.49,28.415926219163946,13.999822561458569,6.925466103175002
2000-04-22,103.49,27.764172809231123,14.010264350219982,6.8652088723446765
2000-04-23,103.12,29.585971234192968,14.00302307176585,6.945576958439705
2000-04-24,103.12,28.068564204098035,14.011011090974561,6.993383778073763
2000-04-25,103.41,28.97033365419464,14.026250243614646,7.047917504748986
2000-04-26,104.18,27.146203381241325,14.004381191064917,7.151447356532625
2000-04-27,103.56,28.897155553356026,13.993781258936838,6.788606671591643
2000-04-28,103.78,29.536208526008412,13.996146263822176,7.111337482607143
2000-04-29,103.64,29.645204605427914,14.014950800203549,7.046827157372859
2000-04-30,104.36,28.19514722851075,13.99051883455374,6.852059579622716
2000-05-01,103.91,27.673480805383143,13.995329333345678,6.946052782647837
2000-05-02,103.76,30.10094123643402,13.983145526667448,6.948064314341273
2000-05-03,104.16,28.115542432438104,13.996511503546191,6.9997104268170744
2000-05-04,103.99,28.471922793511283,14.002097248594623,7.0869055070353175
2000-05-05,104.36,28.987295156020842,14.004832542470286,6.80192816502391
2000-05-06,103.99,28.920657374893388,14.028804762437806,6.998821422204847
2000-05-07,103.87,29.018790360416666,14.000058418052223,6.828490814336789
2000-05-08,103.73,28.5300207776379,13.981695651283388,6.777541398823162
2000-05-09,104.33,28.067043825217098,13.993383216419312,6.928639050295124
2000-05-10,103.75,28.682402124078493,14.006107016810196,7.176087259185386
2000-05-11,103.75,28.88916439817557,13.998579155650178,6.8581584999078755
2000-05-12,104.11,29.06554695356086,13.995355397714812,7.277316109422742
2000-05-13,103.93,27.26224852817151,13.991234422434989,6.933342191981607
2000-05-14,104.32,27.45658461637773,13.985161511215283,6.907063797993205
2000-05-15,103.86,28.853117616123644,13.984608189730828,6.822621131423349
2000-05-16,104.69,29.26430142232463,13.993441889620353,6.642695630316316
2000-05-17,103.61,28.183515512972324,14.036190537792317,6.964349139948358
2000-05-18,103.64,28.139171661752318,14.008064122144331,6.97214248894199
2000-05-19,104.27,28.48413933268337,14.00645666652366,6.895549832496558
2000-05-20,104.57,28.985874585087995,13.9925617218535,7.067145732187612
2000-05-21,104.63,29.433637379676483,13.992931367619898,6.7398094858025654
2000-05-22,104.21,29.17561263870861,14.00970358942846,7.083606013249489
2000-05-23,103.98,28.064441804104693,13.98844553341487,6.8934239570978875
2000-05-24,104.16,28.437872733216157,13.993959502478328,7.0792165814403685
2000-05-25,104.67,30.206785755443754,14.002621183982294,6.662518465291242
2000-05-26,104.57,28.783549614032893,14.013900180810719,6.86679137584687
2000-05-27,104.04,28.344543162402825,14.003098234619157,6.648900658055103
2000-05-28,104.06,29.25560070426187,14.005840013821933,6.982638975171329
2000-05-29,104.34,29.891647841286513,13.990724865986909,6.970019334212748
2000-05-30,104.95,28.992995014068107,13.990478771290023,7.023723108303424
2000-05-31,104.73,28.47243032043236,13.987626552055293,6.8876274089899185
2000-06-01,104.53,28.864589292138366,14.010284985548756,6.813106136379431
2000-06-02,105.38,29.282205052349767,13.974208408797708,6.721991887069394
2000-06-03,104.56,28.317488490079946,13.994436675342122,6.847585611472017
2000-06-04,105.12,29.37223295416682,14.015838012064675,6.850675460418629
2000-06-05,104.43,27.73198779457263,14.01248897487085,6.819062025237902
2000-06-06,105.02,28.690099679063692,13.989626022863206,7.0145678891805
2000-06-07,104.75,29.231902506475496,14.030503440335252,6.8204979026939725
2000-06-08,104.6,28.02773748652187,13.993148479553193,6.749358239327552
2000-06-09,105.07,28.384347462347257,13.997072800196353,7.119762838191212
2000-06-10,105.02,28.209952348647754,13.982148599070467,6.942483034264835
2000-06-11,105.21,27.024526240018858,14.011949966743494,7.037532518499137
2000-06-12,104.51,28.13170814123617,13.993817091365994,7.093755044948715
2000-06-13,105.04,29.39607220767784,14.00997334861232,6.994461231653439
2000-06-14,104.99,28.632952597061855,13.98500896466034,6.72999476577756
2000-06-15,105.31,29.403229728608093,13.997217336340045,6.771605661481822
2000-06-16,104.45,28.52651958967753,13.992882761555776,6.968703328375349
2000-06-17,105.11,28.240801984317404,14.009634544302713,6.960700990225655
2000-06-18,105.49,28.42067086670038,14.018629273012122,7.160728864075248
2000-06-19,104.45,28.597228250652023,13.992091126958828,6.780561164926465
2000-06-20,104.97,26.72023371354836,13.983834815146524,7.109271960798459
2000-06-21,104.94,29.506063275579017,14.02277640535658,6.938501746173395
2000-06-22,104.99,28.273160843297823,13.9890910011309,7.233392538418589
2000-06-23,104.33,28.187191684393436,13.999884241826706,6.753787691923822
2000-06-24,105.02,28.15803849133273,13.984917312340977,7.135584412820939
2000-06-25,104.81,27.612958040735254,14.021395907040937,6.91369986628299
2000-06-26,104.73,27.832903932782806,13.991067863253999,7.0350614330903625
2000-06-27,105.42,29.67155312799758,14.018242864625313,6.663426571831467
2000-06-28,105.63,27.93994313526874,14.006334389823914,7.191168136685124
2000-06-29,105.97,28.437451528846925,13.95744525411831,6.925591836815567
2000-06-30,105.12,27.838186090101228,14.00189993066269,6.882452166067907
2000-07-01,105.14,28.265388954222043,14.033290215794999,6.971101144944346
2000-07-02,105.75,29.231043640122287,14.011295552971411,7.173585414687091
2000-07-03,105.18,28.660472649535013,14.00819209437233,7.073410231370951
2000-07-04,105.95,28.984154420215244,13.985669720552016,6.916397320361293
2000-07-05,106.01,28.82198355520483,14.017632718272072,7.011621472426477
2000-07-06,106.05,28.95059517246309,14.00098408162389,6.830024463627735
2000-07-07,105.79,28.729836589025677,14.003817796324014,7.079931553064785
2000-07-08,105.61,29.567856369275034,13.979375202008997,6.849652966631354
2000-07-09,105.76,27.96832699785691,13.998443160335906,6.956299295094035
2000-07-10,105.83,29.200617642114647,14.025579247954768,6.9468762954948895
2000-07-11,105.94,28.017692267272743,14.020972839159102,6.816065785384708
2000-07-12,106.11,29.483270738002254,13.99038856467539,7.014715506239759
2000-07-13,105.44,28.586786961727928,13.985862706080965,7.084473235854014
2000-07-14,106.83,29.29612023039061,13.98406368784509,6.838732896680347
2000-07-15,105.77,28.80425507598064,13.997780843501863,7.041325543068303
2000-07-16,105.3,27.31319709867236,13.99397313331572,7.036392949271399
2000-07-17,105.9,30.051415841196075,14.006297261071841,6.944972087027399
2000-07-18,105.92,28.10749807936517,13.990579733188884,6.891593662257869
2000-07-19,106.28,30.464901067553793,14.016351372404607,6.97093285474224
2000-07-20,105.4,28.41747197587725,13.998830953305879,7.027852158502322
2000-07-21,105.85,28.955527271036605,14.015480873737255,6.9197430955954236
2000-07-22,106.1,28.817178333014706,14.00970019348628,7.020056232544544
2000-07-23,106.44,29.902547166418664,14.003756629495296,6.945957469886797
2000-07-24,106.27,29.36031822572353,14.01372860454558,7.079072459231665
2000-07-25,106.16,27.652295932659403,13.98995268304129,6.8867689237488685
2000-07-26,106.89,27.73098003840559,13.988576943713644,6.9577677045356605
2000-07-27,105.9,28.13303858236869,14.01272740239708,6.848513012723286
2000-07-28,106.22,29.587110269096183,14.012514361843492,6.854705194811165
2000-07-29,106.53,27.379970118292235,13.98278403493418,6.828090110387182
2000-07-30,106.05,27.502670026527262,14.004539695781801,7.273974976844049
2000-07-31,105.76,28.318619608607378,13.992986193362409,7.0947617683507715
2000-08-01,105.97,28.013163120601206,13.98789389100844,7.054125170005722
2000-08-02,106.93,29.662770036109798,14.018997868083176,7.08475114725015
2000-08-03,105.95,28.838943768393154,14.011090039143625,6.868321502560814
2000-08-04,106.43,26.844335234055322,13.998353811858252,6.845280135863325
2000-08-05,106.54,28.257041578456707,14.005625744707329,6.971565328172402
2000-08-06,106.7,28.24180546483477,14.029956346110437,6.889313968631448
2000-08-07,106.54,29.333590128013572,13.977726900900125,7.037247407496009
2000-08-08,106.17,28.96720363364502,14.012289920537825,6.935818373979274
2000-08-09,106.61,27.90444518285713,14.029169773981954,6.67702397222091
2000-08-10,106.96,28.86665124940622,13.986640155324743,7.014430455271512
2000-08-11,107.37,28.801228421644673,13.974856801449945,7.105606963695571
2000-08-12,106.75,29.240671113723344,13.995384437437112,7.105482160001959
2000-08-13,106.92,29.538984265352546,14.002683682133128,7.226281704147971
2000-08-14,106.69,28.847595100524643,13.998946625347479,7.0161037664193895
2000-08-15,106.97,28.71908604367256,14.015661938551847,6.63032342647079
2000-08-16,107.52,29.44951141264655,14.028865114298947,6.776588575537309
2000-08-17,107.09,28.48253956916836,13.987794913422327,6.867155453325344
2000-08-18,106.72,28.65572352850361,14.010698950226715,6.877814997213022
2000-08-19,106.71,27.85620452782327,13.999453411844339,6.792639336664665
2000-08-20,106.84,29.469370880065078,14.001560465817073,6.877959880552329
2000-08-21,107.19,28.078562134849072,14.01943950565706,7.043228498057787
2000-08-22,106.41,29.907238968697243,13.998819532302662,6.945357161871019
2000-08-23,106.66,29.309302305093905,14.007485568030464,6.905164303531107
2000-08-24,107.24,28.99532208030084,13.971712177253762,6.923000450495349
2000-08-25,107.33,28.631865353195078,14.000287024707,6.825959106870264
2000-08-26,107.23,27.32580288688453,14.016360213377196,6.888888235246608
2000-08-27,107.06,29.586413269121703,13.984193418447342,6.766629873759619
2000-08-28,107.18,28.7312737418316,14.002655787006498,6.946944846851261
2000-08-29,107.33,29.30451570196509,14.00290804668716,6.979205367251867
2000-08-30,106.86,28.77338907798477,14.014325678408385,6.837644671277883
2000-08-31,107.08,27.53005091410528,14.01355959349909,6.879091759292567
2000-09-01,107.4,28.854258107493084,13.982559960776936,6.769223688223351
2000-09-02,107.16,29.23353281877095,14.00345354794541,7.017437349302736
2000-09-03,106.79,27.40821467472248,14.001054121555132,6.871173378177396
2000-09-04,107.78,30.312436044824867,13.975925868508678,7.084287174633889
2000-09-05,107.44,27.428598511756835,13.993753539465445,6.877927390638798
2000-09-06,107.41,27.595394413101854,14.00920474478652,7.027770899905888
2000-09-07,107.47,28.814766762311756,13.993162738847369,7.041208993575938
2000-09-08,107.67,27.71456130371454,14.007143504017675,7.057489099021345
2000-09-09,107.07,28.043150429441557,14.016716065822944,7.159491089639393
2000-09-10,108.13,29.69494223961203,13.99537428746478,7.030168624649976
2000-09-11,107.42,27.29232467706404,14.000688220978875,7.077735678132562
2000-09-12,107.75,27.474050081150367,13.98383856799109,6.924670503849569
2000-09-13,108.28,28.630106638378365,13.990061239939067,7.028990115703104
2000-09-14,107.33,30.31108002283722,13.96545049691538,6.800675794684962
2000-09-15,107.26,29.334775400837675,13.986536454177568,6.912270507677471
2000-09-16,107.73,27.9321325170826,14.015001933992215,6.810766597717054
2000-09-17,107.74,28.573045759642028,14.021448686777495,6.862788785245495
2000-09-18,108.03,27.1033462626295,13.994261159197515,7.004801871674776
2000-09-19,107.58,28.210987987904236,14.01501628724399,6.960895543623813
2000-09-20,107.87,29.538803859122666,13.985348549868453,6.7637045401896145
2000-09-21,107.92,30.225147551719846,13.976835001734699,7.023065896035614
2000-09-22,107.42,28.834907507663473,14.017519495451312,6.960600274096783
2000-09-23,107.95,28.979914029466705,13.993165433802222,6.9054702966784225
2000-09-24,107.93,28.928539201802533,13.990586094479504,7.002679296509368
2000-09-25,107.6,28.427558384183442,13.992281445290086,6.8902828043156745
2000-09-26,108.37,29.3604620604025,14.012428060941547,6.916571260952418
2000-09-27,108.02,30.160434746701128,14.007455778782282,6.904991198622325
2000-09-28,107.74,29.09486077589855,13.99562361203418,6.925991226780897
2000-09-29,107.99,29.043990845102897,13.982461004213937,6.81552924840854
2000-09-30,107.78,28.745612966402536,14.006448666640539,6.919723724447768
2000-10-01,107.96,30.11239812995323,13.994282629433103,6.828689854838246
2000-10-02,108.13,27.398158597895687,14.018278322512305,7.0876466168565235
2000-10-03,107.86,28.144736637602634,14.000248192993006,6.899323907145371
2000-10-04,107.86,28.65787201659881,14.010032618286155,6.728431853159284
2000-10-05,107.92,28.945351123519057,13.974129654614964,7.094884281985995
2000-10-06,108.14,26.392083947852505,13.994755064700868,6.884685992796664
2000-10-07,108.18,28.908866810037118,13.99420984431371,7.022825263591228
2000-10-08,108.16,27.815767483731804,14.0133265317511,7.003439046531693
2000-10-09,108.5,27.99938760808951,14.001293447558085,6.9240862437826625
2000-10-10,108.85,27.331826541325377,14.012167774802936,6.9392353254719525
2000-10-11,108.34,30.56175259550949,13.995824270185325,6.854516164209946
2000-10-12,108.68,28.75649241662994,14.006894157572072,6.907241772904237
2000-10-13,108.11,29.47710658015754,14.015323478817937,7.070300308221748
2000-10-14,108.24,29.057481220609148,13.977312543762773,6.915321163249631
2000-10-15,108.09,29.54125775005633,14.019728252475259,6.9886008055860955
2000-10-16,108.71,28.79402020034525,13.979813167768636,6.919425880671058
2000-10-17,108.74,29.910724497477666,13.990492502757732,7.151812978180438
2000-10-18,108.89,29.328884209098444,13.997562827890324,7.027504339610645
2000-10-19,108.86,29.38640115136666,14.0129642104688,7.058295303154903
2000-10-20,108.26,27.804859700026938,14.013796840827105,6.906139762060889
2000-10-21,108.46,27.373366557338553,14.00864683821726,6.914476782416137
2000-10-22,108.58,27.70124187384239,14.026537399666301,6.86859805430669
2000-10-23,108.24,28.53827496303352,13.970062248609949,7.24592195932874
2000-10-24,108.65,27.31894063396903,13.989361657804059,6.894470447547579
2000-10-25,108.49,28.37506226386596,13.998371776977153,6.926423367261183
2000-10-26,108.58,27.48414471073748,13.989485640190297,6.985432038781001
2000-10-27,109.13,26.87036356761667,14.017113442321156,6.902492140882382
2000-10-28,109.38,29.88216413139292,14.02250925169855,7.018331229037463
2000-10-29,109.48,29.591347226398607,14.003374108904035,7.003168648666968
2000-10-30,109.11,27.649195694551246,14.007041790856077,6.758484403534916
2000-10-31,109.23,28.568993852501716,13.987486040063766,6.737511427577793
2000-11-01,109.21,27.931168171128025,14.00489337467382,6.910395684262011
2000-11-02,108.77,29.364210436321805,14.005299079932366,6.841505744956046
2000-11-03,108.89,27.46626336516956,13.987939572038778,6.855073902719794
2000-11-04,108.9,27.682888062033438,13.984206512030097,6.948257622736457
2000-11-05,108.88,26.90793011503379,14.002092588770212,7.191501893849005
2000-11-06,109.44,29.38717833863322,13.984634348233685,6.957697001727691
2000-11-07,109.03,28.882958452095416,13.982649046426348,6.789000145183457
2000-11-08,108.94,26.712366027929317,14.033337357525099,6.89579179436378
2000-11-09,109.03,28.515448598865834,14.00004250847931,6.855827758975629
2000-11-10,109.66,28.31032173211354,14.029730104109268,6.757527290233379
2000-11-11,109.15,29.624704694853367,14.003762786544094,6.738027013466333
2000-11-12,109.25,27.470650435913882,13.990449332695704,7.002195215810023
2000-11-13,109.58,28.80614134328769,13.989733924942572,6.631255224357496
2000-11-14,110.11,28.058312057105212,13.991143322221687,7.1416072446703165
2000-11-15,109.15,28.024641760808787,14.014088573597146,7.126370082616964
2000-11-16,109.41,28.631995605082267,13.986954818012475,7.173604844583523
2000-11-17,109.22,29.645210469928774,14.02548789226912,6.965621145719688
2000-11-18,109.32,29.052916909584614,13.96545219957916,6.997381651785314
2000-11-19,109.3,29.38234392462281,13.97869504776467,7.134656499746081
2000-11-20,109.54,28.266371790052837,13.992135972311718,6.553585330760422
2000-11-21,109.01,28.18515582394768,13.992925269735723,7.114918760682477
2000-11-22,109.74,28.26008113248704,14.01608947416755,7.077798496154745
2000-11-23,109.85,28.81068381770437,13.976719077825955,7.0705001501908775
2000-11-24,110.29,29.128070191911977,14.002632837746168,6.648072818688688
2000-11-25,109.17,27.776620893598214,13.992436823425939,7.219765868840863
2000-11-26,109.42,29.4931734259351,14.034749210096921,6.989381510206729
2000-11-27,109.79,28.42117512103899,13.994077953486178,6.799885608174862
2000-11-28,110.34,27.78674251179202,13.972270238305125,6.713350862614274
2000-11-29,109.94,28.134724336297854,14.00567870730902,6.886652382839819
2000-11-30,110.4,25.63101271626237,14.00177954074022,6.942468497933053
2000-12-01,110.3,27.819540758625536,13.983012092507037,6.928073946470744
2000-12-02,109.48,28.222181969083568,13.991514363266953,6.630153601090843
2000-12-03,109.59,28.507775008097088,14.00718324667773,7.039183280725918
2000-12-04,109.79,27.962764022152708,13.993447956629865,6.760469442954233
2000-12-05,110.07,29.307918157984634,14.017263844805425,6.596029586866568
2000-12-06,109.63,27.165988162835813,14.001460630967141,6.825369736133379
2000-12-07,109.55,28.421921067072663,13.987420781980186,7.139755419252523
2000-12-08,110.22,29.659399836383155,14.024630278173513,7.121083939460885
2000-12-09,109.75,29.063137859194306,13.996938008709387,6.866989022947472
2000-12-10,110.97,28.67373440311313,13.98600496184956,7.076901945909335
2000-12-11,110.15,28.80566315121612,14.000653962529103,6.821405719341353
2000-12-12,110.48,26.808410558432396,14.029674929834389,6.879255833897063
2000-12-13,109.58,30.028816092698513,14.017757168943874,6.850803453938639
2000-12-14,110.27,29.24555988348271,13.99604012756742,7.162615766136395
2000-12-15,109.8,28.234775861463483,14.001243476814237,7.103014414993567
2000-12-16,109.86,29.969589068625222,14.013384372947133,7.255385428580935
2000-12-17,110.51,30.039417514310273,13.992254007843083,6.754627643486806
2000-12-18,110.52,27.655926312729502,13.998651711132505,6.913841778646674
2000-12-19,110.34,28.326627406673577,14.006723649419019,7.299235627659942
2000-12-20,110.25,29.069987622583707,13.977454563336803,6.984994871061393
2000-12-21,110.36,29.03004278125497,13.998682089862854,6.691759039245877
2000-12-22,109.97,28.0892725275378,13.991329906578278,7.0809182467453615
2000-12-23,110.76,28.406853908225912,14.001962721433802,6.78094276503403
2000-12-24,110.25,29.656865521062887,13.998767824411054,7.113310663908571
2000-12-25,110.28,29.35581625129056,14.008911084507291,6.829703667774567
2000-12-26,110.35,29.38217615181268,14.001093994038522,7.104130039842918
2000-12-27,110.7,29.951508503303142,13.970405630264494,6.9815971997581014
2000-12-28,110.21,28.29936190848213,14.014963556390532,6.725714656105281
2000-12-29,110.42,29.218142066738388,14.018963544215046,6.880385402904757
2000-12-30,110.66,27.742066959018633,13.991708870687198,6.849167572929753
2000-12-31,110.57,29.84641475303208,14.010457698382027,6.7170857728560085
2001-01-01,110.36,25.120118242264372,14.3212366778772,17.723060605865086
2001-01-02,110.76,24.659899470995565,14.297189419815767,18.943368363278967
2001-01-03,110.49,23.005741026990382,14.297592844993746,18.59342792847258
2001-01-04,110.31,22.60874433708742,14.2945361344935,19.047405165260823
2001-01-05,110.97,23.50398600126783,14.31866196870288,18.287879193250614
2001-01-06,110.58,24.29615842016588,14.307534940631577,19.77428550825802
2001-01-07,111.34,23.753830897498258,14.319122682788528,19.235382398930618
2001-01-08,111.28,25.61677519905975,14.330063893841725,18.93894573378897
2001-01-09,111.01,24.2891737973999,14.31372919062306,19.1881795347936
2001-01-10,111.29,24.775683533937137,14.293193533117332,18.927661960038826
2001-01-11,110.54,24.708269737434275,14.297873148389128,18.633415553375375
2001-01-12,110.58,24.631195004940334,14.296078071284716,19.52539092716609
2001-01-13,110.9,25.25159526991239,14.319419840296138,18.931359497933485
2001-01-14,111.29,24.758126733276054,14.283961320991075,18.770938946799024
2001-01-15,110.8,26.166265587687224,14.312546937634394,19.03388337556489
2001-01-16,111.05,24.620029799460934,14.327539108497852,18.558371273949383
2001-01-17,110.9,24.775077051691614,14.311814187994116,18.276616915031916
2001-01-18,111.01,25.42699336345011,14.304711656191326,18.57575119762289
2001-01-19,110.88,25.040564797488145,14.332165795750754,18.35379864903273
2001-01-20,111.28,24.78534392330894,14.324087151643365,18.687064013828042
2001-01-21,111.19,23.98591154581397,14.287625568420081,19.24344249578761
2001-01-22,111.91,24.47480368184259,14.31060662318577,19.04145477488524
2001-01-23,111.15,25.009108939825044,14.330079047151902,18.76069450948721
2001-01-24,111.5,24.906727373469185,14.308275581537277,19.154391328867725
2001-01-25,111.24,23.977522066417635,14.298054798625794,18.55189955705755
2001-01-26,111.77,24.12195827075503,14.29325816842441,18.50390333769858
2001-01-27,111.56,24.81252859065829,14.31329397571606,19.182434716493294
2001-01-28,111.8,23.064539941088196,14.294865359219257,19.031843269615596
2001-01-29,112.35,24.449917473177003,14.303351454563543,19.136652932458976
2001-01-30,111.85,24.956657596536804,14.34029669597997,18.6805721860753
2001-01-31,110.99,25.12539965902475,14.297601956123174,19.06776465885721
2001-02-01,111.58,23.518629441875675,14.291564838318154,19.257176701680923
2001-02-02,111.65,25.79556818973169,14.316355412921341,19.299037678140667
2001-02-03,111.82,24.731577164735487,14.308103123550277,19.00691275446732
2001-02-04,111.41,25.196836727098077,14.318668992567032,19.33531485198091
2001-02-05,111.66,24.577705679430018,14.304509853262452,18.920631713450316
2001-02-06,111.76,24.775151459950145,14.306175125292553,19.085423473715768
2001-02-07,111.88,24.318955710002946,14.292207827629534,18.076073916917466
2001-02-08,112.38,23.017910562419868,14.34190310229894,19.172356681213603
2001-02-09,112.16,24.36688895549138,14.323650192125328,19.478587284666727
2001-02-10,112.07,24.262865821490653,14.30549407846678,18.259337190981586
2001-02-11,111.81,25.45778741916679,14.300533363680664,18.509053186921463
2001-02-12,112.01,25.15940025679002,14.32521245341041,19.49868881313297
2001-02-13,111.68,26.04232548757723,14.31693989294817,19.272327354657733
2001-02-14,112.23,25.25256754157229,14.307736986884693,18.832418354753393
2001-02-15,112.11,24.116817648761934,14.294676138104267,18.651041294241093
2001-02-16,112.44,24.637751401503042,14.311879695716623,19.018211821412702
2001-02-17,112.29,24.6833562587032,14.306955698497426,18.919133456331867
2001-02-18,111.71,26.25984534624791,14.309870813669093,19.010502435884696
2001-02-19,112.11,25.05966568283001,14.294504768239547,18.446938818444774
2001-02-20,111.85,23.405156831656797,14.322080679983333,19.311282358815205
2001-02-21,112.04,23.024766047881833,14.311162794903122,18.45407649718251
2001-02-22,112.33,24.624915008224555,14.301754193583607,18.860084302433968
2001-02-23,112.63,24.737706496611338,14.277499931381822,18.955178724582133
2001-02-24,111.73,23.99882695170134,14.330201413062214,19.0271281988412
2001-02-25,112.15,24.095221634924243,14.29978089102952,19.208395471934896
2001-02-26,112.64,23.939180978509505,14.33519127163649,18.70148598606661
2001-02-27,112.56,25.426771389302367,14.324743858192983,19.219979009675136
2001-02-28,112.4,24.539646250229552,14.308103475992725,18.3762594136778
2001-03-01,112.19,24.005692965711,14.308636693272184,19.20167622452647
2001-03-02,112.04,24.595325672501527,14.320410422484729,18.971228722325765
2001-03-03,112.54,24.756578382792497,14.29665984649955,19.065654032555965
2001-03-04,113.0,24.495604349222468,14.318331038333785,18.136823400842054
2001-03-05,112.43,24.96215801495291,14.303757472004973,19.17334448947201
2001-03-06,112.9,24.036702786121193,14.3561000173306,18.550052963894785
2001-03-07,112.55,25.726929891790395,14.336670158252026,19.19610406111838
2001-03-08,111.86,25.330708212642648,14.310561168864343,18.41632044236178
2001-03-09,112.68,24.491610655699603,14.326686774654773,19.29299868015647
2001-03-10,112.66,24.655161948209525,14.312864278076757,18.834408167448313
2001-03-11,112.82,25.52544326356269,14.325079359736765,19.164072474534553
2001-03-12,112.93,24.29762526651991,14.297819421499257,18.92412624223003
2001-03-13,112.73,24.24492304753218,14.312663320772488,19.22415646241544
2001-03-14,112.85,24.215401741285447,14.2932091033821,18.232789954685934
2001-03-15,112.78,25.525528264916016,14.308315939471512,19.722473972798173
2001-03-16,112.81,23.32677200627067,14.30222573271816,19.33867073604726
2001-03-17,113.01,24.29095590045588,14.304381100113654,18.691675103410738
2001-03-18,112.98,25.527418548610754,14.313131957793106,18.600668596239
2001-03-19,112.67,24.233191672386585,14.307140858906116,18.07071852538839
2001-03-20,113.74,23.5525796667396,14.305740467545553,18.874624795683186
2001-03-21,112.75,24.12169622549138,14.333875638644049,19.549475313740043
2001-03-22,113.59,25.945954866410037,14.292359888720211,19.313331374897864
2001-03-23,113.0,24.7722672978785,14.325521009628885,19.332426003290973
2001-03-24,113.93,23.733865811064394,14.30636353861068,18.847438409677537
2001-03-25,112.58,24.70829185732497,14.2938258057361,18.788148354097356
2001-03-26,113.4,25.263594978479066,14.278813770950961,18.582753947960875
2001-03-27,113.04,24.72874318045001,14.29290640627712,18.520913189574227
2001-03-28,113.21,24.46711507816205,14.324835673328213,19.05985240638126
2001-03-29,113.77,25.00201219591992,14.318568559554247,18.9581352586045
2001-03-30,112.58,25.37769117098893,14.303001207837424,19.15911267071861
2001-03-31,113.48,24.281729799384618,14.321420485238939,18.629427514939536
2001-04-01,113.78,23.380876911321696,14.312205172008435,18.888891617235938
2001-04-02,113.23,23.489785487153426,14.299298621712888,19.704200206783504
2001-04-03,113.66,24.34754945934705,14.29674483611946,19.055454216744373
2001-04-04,112.98,24.727935209256298,14.311862954788694,19.154684447467993
2001-04-05,112.66,24.55247126089237,14.310515417016447,18.719125024115293
2001-04-06,113.2,24.641710032378676,14.314900233583398,18.683254547831698
2001-04-07,113.17,23.00065806160921,14.29748559813368,19.305154368379746
2001-04-08,113.57,23.96023813923408,14.293727645636928,19.20803545006376
2001-04-09,114.0,25.31954419230735,14.299539135616882,19.11021103414521
2001-04-10,113.4,25.350121130772052,14.310257014249217,18.28187672604775
2001-04-11,114.22,25.215710771386195,14.307352070155487,18.865785096485478
2001-04-12,113.45,23.34520431747769,14.319463656408228,18.205893377447673
2001-04-13,113.35,26.550328632590016,14.314785005458504,18.037003451190003
2001-04-14,113.6,24.154633329928508,14.302347730427222,18.759562177907032
2001-04-15,113.22,24.750628289393237,14.324109930350557,18.722926754727048
2001-04-16,113.4,24.988447958897297,14.309517830166007,18.44921360016162
2001-04-17,113.87,24.402278456144927,14.334792959336081,19.134469263683062
2001-04-18,113.43,24.82963368317667,14.29241384638321,19.158742165450732
2001-04-19,113.75,25.38875611851555,14.303608917807022,18.73337743624109
2001-04-20,113.85,24.225688409364473,14.317958065010036,19.27821895755513
2001-04-21,113.41,24.773633366450962,14.33398802140507,19.626000859099694
2001-04-22,113.86,24.928369007386426,14.296467036825474,18.600715726617093
2001-04-23,114.11,24.312490859242168,14.319310259005478,19.661776761792552
2001-04-24,113.96,25.709883982608947,14.317046786877553,18.542706644641513
2001-04-25,113.85,24.77059962188405,14.301585205053406,18.607049814687407
2001-04-26,113.94,25.221020033469337,14.319964907060722,18.827188110736433
2001-04-27,113.7,25.33070917630092,14.307633132953166,18.7749626246508
2001-04-28,113.74,25.102963167445964,14.300529733554383,19.147800357237607
2001-04-29,114.24,23.908977187819026,14.319515716696234,19.141919917357566
2001-04-30,114.08,23.758505663960356,14.323916833781908,19.050478693346353
2001-05-01,114.21,22.976136798342388,14.280847569349314,19.139088799404288
2001-05-02,114.08,24.117786515739876,14.318405545224033,18.905987106031077
2001-05-03,114.22,24.648061608539646,14.330666827285496,18.873148900248083
2001-05-04,114.18,24.750048922132486,14.337361039168615,18.699392912739945
2001-05-05,114.38,23.646292337530287,14.320752972173233,18.55113990086142
2001-05-06,113.89,24.604881627040402,14.311431948676805,18.890791923306857
2001-05-07,114.4,24.220755476662436,14.313613725606771,19.468171623588397
2001-05-08,114.2,24.43555618491838,14.304143384241355,18.55485990023542
2001-05-09,113.99,25.303377306881668,14.318162498781623,19.348268269143112
2001-05-10,114.86,24.478997905562608,14.306673694968163,18.94330248785183
2001-05-11,114.16,24.208385464799743,14.30709218012842,19.139340612942153
2001-05-12,114.48,24.127695701688914,14.327704633244867,19.75479158343471
2001-05-13,114.84,24.71507896214739,14.286403497160551,19.949507412023443
2001-05-14,114.05,24.574040393227044,14.288409048833573,19.208903185154607
2001-05-15,114.74,26.13990572720727,14.334397607717763,18.95070580659347
2001-05-16,114.53,24.46927647354399,14.330115389599626,18.561613229846156
2001-05-17,114.62,24.283405970497327,14.304506039143465,18.926429460423833
2001-05-18,114.98,22.95413998972186,14.290239082807004,18.754382713472875
2001-05-19,114.52,24.406464385896054,14.320014892545041,19.129677518817196
2001-05-20,114.88,24.58124860237511,14.316427879269595,19.009297675636745
2001-05-21,114.42,24.16124769106785,14.317413754237771,18.87885179804959
2001-05-22,115.08,25.028709092752436,14.270928139808742,18.262315538040568
2001-05-23,114.49,24.695898650825445,14.314223221706776,18.61044200370812
2001-05-24,114.43,24.81094906311432,14.31154130973229,18.572751661278133
2001-05-25,115.11,24.24848532527272,14.329921592998515,19.20392990758433
2001-05-26,114.85,23.94304487910377,14.319485805171116,19.490999085987216
2001-05-27,114.93,25.09374800368532,14.310817879353491,18.613461949576976
2001-05-28,114.74,25.261430866004552,14.30988448908561,19.039779082605662
2001-05-29,115.03,25.13197888314843,14.309351435768331,18.60715764367841
2001-05-30,113.95,25.02566146603026,14.296240843643579,18.450466290424924
2001-05-31,114.72,24.618939007580494,14.318465753766786,19.31970208100938
2001-06-01,115.26,24.500461501281645,14.305315096504312,18.894156785933784
2001-06-02,115.41,26.293796009749272,14.322519955317649,18.93906488034373
2001-06-03,114.14,24.14253038018363,14.303524899994416,18.809559164245947
2001-06-04,114.79,24.677002074967657,14.312899844325567,18.762678514881927
2001-06-05,114.97,24.75790627910152,14.298588871450756,18.706737663164738
2001-06-06,114.83,23.946171205621727,14.315540083845814,18.584147975709346
2001-06-07,115.18,25.095645761652882,14.29468875486326,18.55361221690563
2001-06-08,115.31,24.019092698562815,14.300588628999087,19.63096083918878
2001-06-09,114.73,25.607647391140006,14.290831294077316,18.70885847805068
2001-06-10,114.83,24.376292766491385,14.32085829148095,18.933785111305532
2001-06-11,115.2,25.011587661074895,14.283566207895994,18.049228660869485
2001-06-12,114.92,24.06601557493749,14.312427894662594,18.77450770356044
2001-06-13,115.15,24.843932956489333,14.324369267689187,18.790122063045885
2001-06-14,115.42,24.0675258627386,14.310228925146376,18.673573192201754
2001-06-15,115.32,24.873297436534468,14.310335853062842,19.34546502555116
2001-06-16,115.82,23.87409662607589,14.317962781108587,18.579580473380105
2001-06-17,115.56,23.679331805782773,14.300819944708401,18.86832589166476
2001-06-18,115.44,23.727931024057725,14.348564127399634,18.176068227030896
2001-06-19,115.35,24.13057806653857,14.310912731642595,19.381228576042002
2001-06-20,115.67,24.36787481255683,14.306095239489734,18.778461859608814
2001-06-21,115.54,23.196935163655922,14.307474883167504,18.90664555579774
2001-06-22,115.1,25.133206527367424,14.306584330974678,18.128124491896646
2001-06-23,115.7,22.827136574769078,14.29825985878657,18.35420021157031
2001-06-24,115.53,25.37780727786646,14.295935365338382,19.639464309526954
2001-06-25,115.52,25.359084947559115,14.301121179686842,18.638091170175556
2001-06-26,116.17,25.453315507895642,14.311353297978004,18.648566785647535
2001-06-27,115.81,24.76678095866545,14.302841148492973,18.988724541730193
2001-06-28,115.53,24.117477993072523,14.296203946503683,18.938563809949144
2001-06-29,116.17,25.36909267253467,14.342331160134538,18.924062997286317
2001-06-30,116.13,23.785177311579893,14.299805815641452,18.772779445383765
2001-07-01,116.09,23.170485605342627,14.320140202387831,19.31726653189231
2001-07-02,116.28,24.048899442006928,14.301555134615146,18.988057686763383
2001-07-03,116.07,25.60777664974019,14.278274149862133,18.718266124364153
2001-07-04,116.25,25.196057925196744,14.294710595280039,19.34571900277456
2001-07-05,115.62,24.082307920332774,14.308903326480127,19.405642185631955
2001-07-06,116.34,25.204837511969977,14.302187118061815,19.52209057044912
2001-07-07,115.96,24.327586986083524,14.30941848352628,19.16656616914055
2001-07-08,116.12,24.79303034373096,14.317336991530038,19.318986325496287
2001-07-09,116.16,25.107333675582673,14.303010991182154,18.766630576942344
2001-07-10,116.28,24.716651267611837,14.301159914775392,19.034581483691905
2001-07-11,116.23,24.34298408081972,14.2947189177244,18.509784754224878
2001-07-12,116.17,24.767422903722817,14.309083159927773,18.861056335236903
2001-07-13,116.39,24.92675652605377,14.293215366317554,19.033670601760345
2001-07-14,115.91,23.81932582344622,14.298756517653857,18.68714229287481
2001-07-15,115.77,23.996039184489934,14.29791586945517,19.27484461101995
2001-07-16,115.75,24.534392406624946,14.317852172171277,18.840384258332413
2001-07-17,116.72,25.18910078644321,14.320368517816851,19.198765736121732
2001-07-18,116.8,23.67468673351928,14.326668446783748,19.583391662546592
2001-07-19,116.55,25.12461938226989,14.28989500557183,19.032361283646146
2001-07-20,116.33,24.32420576714861,14.30696503658973,19.606047969160233
2001-07-21,116.37,24.13968818291158,14.322639670881607,19.2494219365451
2001-07-22,116.27,24.48321076006507,14.323421609913458,18.915837615360537
2001-07-23,116.9,24.872331662115716,14.322429418357252,19.78086238468765
2001-07-24,116.37,24.476167078847883,14.315537238416166,19.80252523571963
2001-07-25,116.23,24.156928580067735,14.268682253941774,18.830409313511325
2001-07-26,116.69,25.356242777887022,14.311225441013026,18.85132325895762
2001-07-27,116.64,24.53139349057164,14.308142064707773,19.035814964487702
2001-07-28,116.28,23.780233110530357,14.302105067024918,18.816114058989882
2001-07-29,117.28,23.850983081789575,14.294619944136581,19.549862510234448
2001-07-30,116.8,24.697751571193038,14.315600093153494,19.352803835538435
2001-07-31,116.61,24.460178565324675,14.308380168998873,18.786428921523463
2001-08-01,117.24,25.08500796807827,14.310754607649457,18.91394887650953
2001-08-02,116.44,23.7297082325705,14.318325578978353,19.414233111496106
2001-08-03,116.28,25.549563509180352,14.280086312214,19.381274811256233
2001-08-04,117.09,23.236106090998266,14.302542441175314,18.960410420611602
2001-08-05,116.21,24.223744085389654,14.334364933312033,18.531933520799587
2001-08-06,117.3,24.786358645108457,14.267134039676236,19.156754610012136
2001-08-07,116.42,23.89028299003854,14.307660049990385,18.23938596025933
2001-08-08,116.65,24.57908930737204,14.279436534857942,18.41178369585901
2001-08-09,117.14,25.473230975714053,14.296695500097641,18.59925134641056
2001-08-10,116.55,25.339311623190977,14.29421728326155,19.12199142646883
2001-08-11,116.61,23.860803778403827,14.328200224701336,18.50350107909201
2001-08-12,116.86,24.068759345053838,14.306978550171607,18.403426023518332
2001-08-13,117.69,23.705978507812826,14.32567185632397,19.04087898918972
2001-08-14,117.62,25.25572814917331,14.319989827176222,18.79494789538907
2001-08-15,117.63,24.851405401083866,14.294650320335998,19.24045256061552
2001-08-16,117.57,25.996668283645857,14.332066381932282,18.886877091367356
2001-08-17,118.11,23.59846523123032,14.291776063469978,18.76604682719365
2001-08-18,117.93,24.004724572898255,14.313049449011476,18.940286672055475
2001-08-19,117.17,24.906692572476693,14.320579561472647,18.544322854233336
2001-08-20,116.65,24.299790905126596,14.324738157048305,19.171899936186634
2001-08-21,117.38,24.64640303283536,14.307294302497803,18.290326331725893
2001-08-22,117.32,23.992031662888177,14.296022526281009,18.834193314861004
2001-08-23,117.85,24.928951327817032,14.303860285371961,19.603126064085583
2001-08-24,117.76,24.934090275683012,14.297686246419278,18.662828706380946
2001-08-25,117.97,22.563216292079023,14.308233702661221,18.735114080186484
2001-08-26,117.48,24.46549803917815,14.339032366760522,18.92728322384245
2001-08-27,117.14,24.569768283061084,14.298454735519735,18.650282567468793
2001-08-28,117.01,23.469929006449888,14.30757334992271,18.88957574517855
2001-08-29,117.64,23.687687066524532,14.306065429124558,18.239067534505896
2001-08-30,117.7,24.96493029515183,14.312651300211888,18.657920840340633
2001-08-31,117.43,24.53990692750943,14.288983320724157,19.25535462095187
2001-09-01,118.02,23.950085903956516,14.312575976558032,19.295235133468157
2001-09-02,117.82,23.545132434966636,14.291448447881269,18.763643882966637
2001-09-03,117.62,25.018953327932625,14.314692163107583,18.771602263338686
2001-09-04,118.18,24.650878591429542,14.31153809564118,19.506351151580837
2001-09-05,118.13,24.141181412953316,14.337691514202136,18.59680708270489
2001-09-06,117.77,25.444860707763763,14.272791080524161,18.881916432704106
2001-09-07,117.61,23.664050966009356,14.291917338143485,19.27870972403608
2001-09-08,117.97,23.944882795712864,14.303018991063402,19.127804485280294
2001-09-09,117.71,24.79798046627895,14.322372075386033,19.253809978222197
2001-09-10,117.69,24.285145731914874,14.31741633736223,18.512877409708302
2001-09-11,118.01,24.396716046637824,14.310665637066235,18.466905398609264
2001-09-12,117.64,25.146485880738837,14.296169876463106,18.851019667487524
2001-09-13,118.04,25.63743517613341,14.310917259972923,18.551289310605434
2001-09-14,118.17,23.49423237533874,14.312990893649742,18.33395852504392
2001-09-15,117.42,24.77851917590064,14.34949602860486,18.812155326763342
2001-09-16,117.46,25.46433754097879,14.316551435700909,18.495610862963044
2001-09-17,118.01,24.720838411316905,14.325692347811188,19.189367837683704
2001-09-18,117.85,23.92687038545437,14.339602663910124,18.58171748397662
2001-09-19,117.87,23.747058795574446,14.332029134865795,18.930915406701548
2001-09-20,118.23,24.016229967530695,14.306325582881444,18.205601966165272
2001-09-21,118.31,23.70886056539139,14.313875079679715,19.336920587078183
2001-09-22,117.67,24.939525113855705,14.330065118100231,18.890065783185026
2001-09-23,118.14,23.8821060331056,14.310735550862441,18.904359724742
2001-09-24,118.42,25.737230703982306,14.32091504630757,18.525122909117613
2001-09-25,118.24,24.339470518799775,14.325295809286073,19.272424837883996
2001-09-26,118.5,24.21029696070418,14.321648378367769,18.824764990437746
2001-09-27,118.35,24.67187799491158,14.329202500613459,18.646430387542512
2001-09-28,117.86,23.77542108269653,14.31418308238869,18.969517454805732
2001-09-29,118.52,23.415867746953516,14.341951005555623,18.42098607121124
2001-09-30,118.43,25.64927980265027,14.306111103483033,18.64767717203339
2001-10-01,118.76,24.58551660620956,14.310790971487645,18.977975958459098
2001-10-02,118.07,24.877365076820144,14.311913478275857,18.59346265998946
2001-10-03,117.76,24.307757592624732,14.301924938441301,18.153071736087174
2001-10-04,118.39,24.54358371466297,14.305774160662935,19.62891515577395
2001-10-05,118.98,24.97581200329299,14.321492833731147,18.860176100258833
2001-10-06,118.59,25.77824596300636,14.312264071889699,18.5022741462383
2001-10-07,118.68,24.685671787395588,14.326567032088908,18.989498088730357
2001-10-08,118.56,24.158373661717235,14.30109870416842,18.581522652700006
2001-10-09,118.33,23.974139315665145,14.323107491752879,18.79505434553688
2001-10-10,118.28,25.02164627417363,14.30631757543137,18.464759644028
2001-10-11,119.06,24.48961434863041,14.313121426369527,19.087564165916216
2001-10-12,118.35,25.52023258736482,14.310645746117583,19.04859897750592
2001-10-13,118.7,25.227282688405833,14.345240549258435,18.05915194740511
2001-10-14,118.5,24.13309135948533,14.323338822950083,18.67220204155512
2001-10-15,118.57,23.941294407114597,14.307976286694373,19.086709620965905
2001-10-16,118.67,24.55841785200354,14.31009596173111,19.063491895461453
2001-10-17,119.03,24.352322320487012,14.29829151102907,18.789093188643772
2001-10-18,118.93,24.43621154087263,14.326149502218852,19.384845596142966
2001-10-19,118.58,24.11221627827133,14.313537628513142,19.011355440722824
2001-10-20,119.04,24.957797968512736,14.306588266490749,18.919752926773523
2001-10-21,119.16,25.17369010728922,14.316078421355185,18.526977477857876
2001-10-22,118.77,23.8836435059383,14.329065616080904,19.204636825731995
2001-10-23,119.61,25.419750851531763,14.326387625302791,18.444376392824967
2001-10-24,118.76,23.954094440215872,14.315537605081788,18.70566008903924
2001-10-25,119.37,23.89631298819315,14.28156601771678,18.892552444177774
2001-10-26,118.94,23.877752791754016,14.281539784915497,19.068676304465427
2001-10-27,119.43,25.69561364229115,14.321863784390512,19.297944878507035
2001-10-28,119.34,24.095804099864843,14.312104211457306,18.346846570962253
2001-10-29,119.09,24.129914444097103,14.32325421571051,18.83453486839674
2001-10-30,119.21,25.125673779959236,14.298868127869527,18.385579917327476
2001-10-31,119.24,24.47787413204685,14.284358038014235,19.05860905743788
2001-11-01,119.51,24.57140174161912,14.314467182752413,18.533148320316975
2001-11-02,119.57,23.7647113666623,14.323468672495583,18.60755543334985
2001-11-03,119.3,24.05214200927456,14.325393571717743,18.683817724871858
2001-11-04,119.88,24.843460051057207,14.294721493842951,18.877164562994267
2001-11-05,119.8,23.615463706067974,14.301493685186248,18.917735312287657
2001-11-06,119.06,24.385599879684666,14.296091451245035,18.811255080882415
2001-11-07,119.37,24.175624631460042,14.326704615512574,19.224947631296295
2001-11-08,118.89,25.057749515172457,14.317441273982332,18.730874694332577
2001-11-09,119.59,24.049275163562513,14.30077603487557,19.120896351514734
2001-11-10,118.82,23.608280431733633,14.324973620187277,18.428277389427546
2001-11-11,119.32,24.242684524725238,14.306681243373715,19.416942371360722
2001-11-12,119.64,23.756155143794476,14.28675339511146,19.306601087936496
2001-11-13,119.54,25.159885346726853,14.338932332076658,18.747326910089946
2001-11-14,119.55,25.250338020034572,14.321592112579431,18.08817703108457
2001-11-15,119.98,24.145761502019276,14.300698768928774,18.732588972644365
2001-11-16,119.42,24.642928119491753,14.321020860730307,19.310738080980478
2001-11-17,119.61,25.434804979646486,14.311827376064715,19.22410736599254
2001-11-18,119.89,24.53165835922459,14.329492344172877,19.66630051247425
2001-11-19,119.47,24.02765009814637,14.323498976407933,18.512430170179712
2001-11-20,120.5,24.54005197703697,14.328416234156098,19.10691215182484
2001-11-21,119.76,24.368146082408305,14.311026629239763,18.381708117696512
2001-11-22,120.1,24.170768249166713,14.291123643679688,18.80751399549634
2001-11-23,120.0,24.818531716467653,14.308391616999595,18.558607094275082
2001-11-24,119.65,24.921802892340118,14.317093832853956,19.345064862892784
2001-11-25,119.54,24.47669854921627,14.302635327674421,18.936896176331352
2001-11-26,119.48,24.029221926570266,14.2979977786193,18.918474213054964
2001-11-27,119.88,24.805012146283765,14.330985908911371,18.32737233348568
2001-11-28,119.79,25.329216371742227,14.315718305507852,19.671085375077965
2001-11-29,120.54,24.03472012956787,14.335971904445314,18.4669401075176
2001-11-30,119.64,25.099759698656833,14.306108060038667,18.722751930927377
2001-12-01,119.9,24.573176366361363,14.291066343484678,18.540704016657585
2001-12-02,120.03,24.844636372968402,14.284347042650024,19.01340579388041
2001-12-03,120.55,24.84807018262461,14.28927144648358,18.71911272427902
2001-12-04,120.25,24.52780200303474,14.304732986572175,18.641685601668627
2001-12-05,120.54,23.95577258195068,14.307382044474119,18.840174047170002
2001-12-06,120.36,24.18748498804787,14.343316980492872,18.894526209043644
2001-12-07,120.04,24.84607859085896,14.32886357054343,18.997574082009805
2001-12-08,119.88,25.45776304495235,14.327023451918302,19.02831783037441
2001-12-09,120.25,24.755046620904587,14.30259065981632,18.742551303937624
2001-12-10,120.43,23.852756334405434,14.312924603680878,18.814202777326866
2001-12-11,120.97,23.329442448697698,14.305406502743638,18.906578857995694
2001-12-12,120.71,24.110940356356412,14.297477513570296,19.28622395896992
2001-12-13,120.24,25.288566805227,14.305341705286004,18.46495659955765
2001-12-14,120.77,23.98019344337659,14.299000214031214,18.540631936503814
2001-12-15,120.61,23.578532010889404,14.325147651993422,18.88750022944424
2001-12-16,120.02,24.59398714671712,14.318140834098244,18.95530765143631
2001-12-17,121.18,24.680796461688928,14.315718330469988,18.7944649577819
2001-12-18,120.49,24.7305140980661,14.29490842175157,18.144001200754534
2001-12-19,120.68,25.450008181214265,14.329518904330072,18.57474084959644
2001-12-20,120.41,24.568048843982734,14.305565232263918,18.814716617832936
2001-12-21,121.37,24.49423874711636,14.301433976950875,18.670601782067575
2001-12-22,121.14,23.372095484088643,14.307381315240479,19.235100989908872
2001-12-23,121.4,23.434313131779316,14.301850548460882,18.906790311623112
2001-12-24,120.78,25.121740804693665,14.300231752481626,19.017793804807944
2001-12-25,121.73,24.659959497096466,14.302698878529165,18.549454615585645
2001-12-26,120.54,24.64594010832092,14.321389508069544,19.222819003810336
2001-12-27,120.69,23.928394385466746,14.306143771714723,19.326762443485084
2001-12-28,121.17,24.054074740606016,14.326269128346766,19.122136341548934
2001-12-29,120.97,24.883972195077735,14.304437275550141,18.95591826303041
2001-12-30,120.72,24.247412843835143,14.289867257529103,19.614824222495933
2001-12-31,120.8,24.199011042046635,14.287431607546477,18.86147299048113
2002-01-01,120.99,25.106967210041624,18.99655110143862,13.121188531117612
2002-01-02,121.06,24.426987127543722,18.976296809167973,12.695573918698344
2002-01-03,121.12,24.96194203193881,19.00268230083195,12.752020442117015
2002-01-04,121.29,25.36871211300173,19.02856166703291,13.091853473067237
2002-01-05,121.27,24.407841989763742,19.030799581308674,12.98812925886402
2002-01-06,121.79,24.524107731547957,18.996753792592372,12.711182102610481
2002-01-07,121.18,24.872339921987816,18.972472428032574,13.010972107737707
2002-01-08,121.34,23.679618129678893,19.004738735518202,12.964468615556944
2002-01-09,120.87,24.38422101860267,18.99644326402876,12.921485533684182
2002-01-10,121.8,25.042291731642145,18.97422189062205,13.186657298243434
2002-01-11,120.86,24.030451122614124,19.011157574398137,13.034627957777769
2002-01-12,121.67,25.277550588605667,19.004157834806808,12.978400842253382
2002-01-13,121.04,26.002286619750343,19.001588857369295,13.002738784225606
2002-01-14,121.64,25.90362739565911,18.9945438347366,12.840084919376972
2002-01-15,121.29,25.493479860680818,19.01258519787929,12.729497179612272
2002-01-16,121.02,25.442050756194636,19.004791368445506,12.7935401540805
2002-01-17,121.79,26.352179874907698,19.02948394605276,12.546492241108329
2002-01-18,121.17,24.849005818478407,18.990413323457155,12.705423775490507
2002-01-19,121.56,24.87944354094924,19.00360279089247,12.884375391752348
2002-01-20,120.74,24.694827937934395,19.001779378788402,12.749333322893166
2002-01-21,121.99,24.124948048880235,18.974751672747466,12.617894855493326
2002-01-22,120.88,24.180767235257257,19.035830008996594,12.749362119605623
2002-01-23,121.24,24.618526285260977,19.015710561475082,13.071427419813944
2002-01-24,121.62,25.51909155806954,19.009714385485108,12.92191488914857
2002-01-25,121.65,25.025516751658284,18.988892215976836,13.203049016246698
2002-01-26,121.9,24.608340744705416,18.99129169834266,12.629373049312646
2002-01-27,121.87,23.188212703400477,18.969341651466994,12.486008196508552
2002-01-28,121.73,26.083308737632677,19.02453842409252,12.92964334106009
2002-01-29,121.42,24.130781400835062,18.98078483600458,12.941083644131977
2002-01-30,121.23,25.003715235177367,19.018382558453546,12.71287108054059
2002-01-31,121.38,23.693122313107715,19.009851897983236,12.59374150115775
2002-02-01,122.05,25.27330339475305,18.99538111498507,12.761812591896025
2002-02-02,121.99,23.576147788031605,19.004924236246865,12.853255064256645
2002-02-03,121.52,26.872111506350755,19.016718276535016,12.851072347010307
2002-02-04,121.52,24.603012397367632,18.997588099104654,12.695608739335835
2002-02-05,121.3,25.006730596274203,18.9962206914301,12.458197048772318
2002-02-06,121.54,24.797586508479316,18.986907459318605,12.647314242506372
2002-02-07,122.22,26.853534603969543,18.95645795748058,12.723119792292351
2002-02-08,121.47,24.96964255782371,18.9906249885598,13.209574894737633
2002-02-09,121.87,24.44560703305113,18.96954237094342,12.752380719060293
2002-02-10,122.02,24.37316468302204,18.963792244664017,12.765595042371322
2002-02-11,121.26,25.189538231532737,18.956009835528686,13.092123201718694
2002-02-12,121.86,25.081955409292913,19.002857344696043,12.815527310864589
2002-02-13,122.24,25.349234309257337,19.00742311198978,13.373851234166098
2002-02-14,121.64,26.471395125453707,18.96699685267953,12.932383017486753
2002-02-15,122.17,25.614095486904635,19.014221670211377,12.916841570237453
2002-02-16,121.67,25.491074816287774,18.98801160994563,12.779641048147381
2002-02-17,121.66,24.191561316419687,18.963700162583063,12.875521493530547
2002-02-18,121.93,24.9723932490462,18.98899497057035,13.03339633237822
2002-02-19,121.96,24.25800523401129,18.986105462405376,12.8659214999212
2002-02-20,122.25,24.441352455504894,19.00934433301548,13.016659989656974
2002-02-21,122.25,25.452925092073862,19.019190059556063,13.234912033212433
2002-02-22,121.55,24.49103338750833,19.012802967075913,12.80206847664
2002-02-23,122.06,24.06018617806757,19.007157870974737,13.191826704717425
2002-02-24,120.68,25.31769115187533,19.024837418029875,12.954643544046625
2002-02-25,122.58,24.870739694293217,19.013236994015482,13.102970813946047
2002-02-26,121.92,23.86956297215428,19.006317326325583,12.734522918273424
2002-02-27,121.93,25.58423289535309,19.00350423105119,12.77044660722708
2002-02-28,122.63,24.146639731169216,18.989742997019263,13.268958443685955
2002-03-01,122.03,24.99931078190444,19.02261068234306,12.733309673136409
2002-03-02,122.39,24.89585663089142,18.988594726977507,12.828464737283522
2002-03-03,122.09,23.432193110573458,19.026464132325774,12.659495584062725
2002-03-04,121.96,25.439953310485016,18.998186092682722,12.916472960038192
2002-03-05,122.2,25.48089028336341,18.975123123641993,12.989400460243449
2002-03-06,122.14,26.33715211131009,19.011389707444085,12.686445330679042
2002-03-07,122.04,25.271705475823175,18.97508599055018,12.684566620230232
2002-03-08,121.8,24.57572595171687,18.991148991584765,12.467321051161262
2002-03-09,122.17,26.557740096485116,18.98729871434214,12.837633240544518
2002-03-10,122.47,25.95319105282333,19.01167390414057,12.837704716140546
2002-03-11,122.22,25.585799574227106,19.00509471992467,13.239752255821157
2002-03-12,122.18,24.484801259757358,18.990353516201612,12.668889553210452
2002-03-13,122.32,24.472158537187028,19.00999144809424,12.865123483185169
2002-03-14,122.18,24.14879148833631,18.988541461243322,12.548401927661654
2002-03-15,122.03,24.94368838581909,19.019709124732508,13.165875680384744
2002-03-16,121.88,24.89032497781037,18.966898871695523,12.666915530898518
2002-03-17,121.89,24.329958754613127,19.006055336548894,12.76815296138143
2002-03-18,122.32,25.246946308792023,19.02099393944546,12.780179730141937
2002-03-19,122.55,24.857257437026195,18.998122373310743,12.993666778707192
2002-03-20,122.6,25.59108515664673,19.019133029784054,13.01812283716206
2002-03-21,122.87,25.314831204240242,18.993279625922796,13.005769840091705
2002-03-22,123.05,25.519215804041067,18.97913672037362,12.912969887173443
2002-03-23,122.42,25.426160104012503,19.000927039608683,12.471888907864418
2002-03-24,122.8,25.452262541768306,18.998207393570567,13.169794821750838
2002-03-25,122.46,25.01548795444835,18.978446274407784,13.31029745406722
2002-03-26,122.74,23.971254007164298,18.999700383818777,13.172629055203002
2002-03-27,122.39,23.955081615422344,18.990436551592435,12.834145699326731
2002-03-28,122.52,24.14289753044787,18.98868724410794,12.901163406771653
2002-03-29,123.17,25.089585942336083,19.011574424724326,12.866129967426797
2002-03-30,122.57,24.331964639432602,18.970071270974444,12.820597946645849
2002-03-31,122.9,25.12502196357153,18.994329217708156,13.034943148888324
2002-04-01,123.09,24.753919922228643,19.022270316639602,12.454654656599551
2002-04-02,122.86,24.387276220427704,19.003915399012573,12.87379135556501
2002-04-03,123.06,24.391045562604944,18.959256159309955,12.92330418093594
2002-04-04,122.99,24.379429781237942,18.997946301494416,12.978955965461314
2002-04-05,122.48,24.309264911349022,18.99756019493804,12.823409040708283
2002-04-06,122.49,23.532494684150727,18.99644115454,12.62199811532207
2002-04-07,122.5,25.68721975310318,19.022162989074832,13.110753495764266
2002-04-08,122.14,24.590393066167515,18.995092429735294,13.190698162832076
2002-04-09,122.72,25.46626772718886,18.98629875422675,12.7886487726109
2002-04-10,122.86,24.628982010845498,18.967288090742343,13.36351853682431
2002-04-11,122.95,24.77509007716259,19.008552396709327,13.337229773092709
2002-04-12,123.3,24.82629381376504,18.98082618216404,12.74542168872724
2002-04-13,123.02,25.812867785492593,19.039022309978005,12.27652780617085
2002-04-14,123.91,25.041317123010106,19.023764452000044,13.259510816952584
2002-04-15,122.5,24.74904650820416,18.98240297896534,13.277847786920981
2002-04-16,123.19,25.923156987243573,19.010773835518158,13.002995074169457
2002-04-17,123.23,25.20290443412519,19.00383462413267,12.781953991936756
2002-04-18,122.78,25.0439385969081,18.97988712192817,12.753718318922587
2002-04-19,123.33,24.007233653446107,19.004706847021918,13.105312634764653
2002-04-20,122.99,26.146713770368272,18.97430645362025,13.113776565789616
2002-04-21,123.97,26.010191601907895,19.012857488180476,13.140432164454307
2002-04-22,122.76,26.145553312832206,18.989328562188987,12.805694099644525
2002-04-23,123.66,26.49756491579816,19.009391759987498,12.637419787190638
2002-04-24,123.13,24.025072233223284,18.99199061493814,12.984093566278714
2002-04-25,122.97,24.477037400893565,18.985186821079598,13.225589733887743
2002-04-26,123.22,25.128348270033854,18.96092884786748,12.800963479024123
2002-04-27,122.97,24.738559325321074,19.01516664907629,13.079885190457434
2002-04-28,122.52,24.926544244554186,19.00956724972457,13.172598874870971
2002-04-29,122.84,24.26094558399344,18.998156053591718,12.712804651600845
2002-04-30,123.29,24.74328721489447,19.034924001544063,13.061254173792575
2002-05-01,123.26,24.641036800469276,18.97041837256049,12.99491496948098
2002-05-02,123.51,24.008423848244476,18.991928039571018,12.890525812058716
2002-05-03,123.45,24.59917802428649,19.000267160357094,13.4019570549699
2002-05-04,123.82,24.360705761968813,19.014964653002778,12.682614375587688
2002-05-05,123.29,24.40449212065001,18.99844221010402,12.51049159268645
2002-05-06,123.85,25.0258771540752,18.992674248163368,12.624228267520529
2002-05-07,123.42,25.17190790425429,19.019594533765737,13.067146929590912
2002-05-08,123.59,25.15033121274157,19.036632371193374,12.940165785745792
2002-05-09,123.19,25.013815377059714,18.999580459409177,13.09648820597921
2002-05-10,123.36,25.361193368388015,19.00831779604499,12.819125115893033
2002-05-11,123.48,24.365542864560446,18.986214310226742,12.751995714268116
2002-05-12,123.55,24.704842315262137,19.001661426794485,13.181411651598916
2002-05-13,123.41,25.350684804682672,18.984289503731993,12.62863626406605
2002-05-14,123.15,26.41060798917214,19.00984643290765,12.907693089815409
2002-05-15,123.52,24.264463399636515,19.003440120309715,12.597925715509572
2002-05-16,123.9,24.68607513057092,18.98891362355819,12.67136130203448
2002-05-17,123.23,25.021255907639844,19.0185507655468,12.750653314863204
2002-05-18,123.59,25.892909143868167,19.036733499401688,13.01099448122473
2002-05-19,122.96,25.03728004599024,19.017480343433675,12.688188347047527
2002-05-20,124.04,25.553794280796204,19.03945142598861,13.138606900291656
2002-05-21,123.76,24.396795820201433,19.012530542869342,13.533310224963508
2002-05-22,123.87,25.21133011767862,19.010496987435246,12.822799447131965
2002-05-23,123.93,25.744514377458028,18.99650791552343,12.563720198995782
2002-05-24,123.75,25.846947567698653,19.009821566814956,12.786585448123942
2002-05-25,124.48,25.291911941161455,19.046019382589776,12.772212983555901
2002-05-26,123.3,27.899195894174444,19.0051967495031,12.944799144930334
2002-05-27,123.65,24.54390864926082,18.998822850237566,12.949366862088477
2002-05-28,124.48,25.947997378360405,18.983008934892915,12.624672676210489
2002-05-29,124.16,24.865529639469973,19.017010116239327,12.927397251190104
2002-05-30,124.15,23.532713447010998,19.000603337821094,12.62808721707028
2002-05-31,124.19,25.47523119840892,18.9806114510597,13.04558235823094
2002-06-01,123.05,25.295879197854184,18.99546285498254,13.241078334451197
2002-06-02,123.61,25.56948085058307,18.996616494415594,12.459441746108432
2002-06-03,123.14,25.9592769178636,18.977358009057912,12.942992539688186
2002-06-04,124.09,24.421985959137977,19.00483126917584,13.248849245958443
2002-06-05,122.91,24.482666554940405,19.000763495520967,13.162518655088403
2002-06-06,124.07,24.54069283899834,19.025699991614218,13.030636059531961
2002-06-07,123.66,23.966442576070655,19.016606030802613,12.464387160782463
2002-06-08,124.31,25.33731888631219,19.033469828814532,12.63957017671829
2002-06-09,123.75,24.668436530880047,19.02986220816949,12.78343926151659
2002-06-10,123.66,24.629698591035094,18.979892897385476,12.34437055945566
2002-06-11,123.69,25.555913285083122,19.017768198757064,13.016251609130174
2002-06-12,124.4,25.764980632470404,18.974888483091057,12.845994021369476
2002-06-13,123.38,25.354940904898687,19.02045173134336,12.977794519293004
2002-06-14,123.94,26.01694086821779,18.99712942640217,12.493442609111893
2002-06-15,123.3,24.505164655145936,19.00762332632475,12.996954317707475
2002-06-16,124.43,22.935997327723502,18.964678408056496,13.405026987346032
2002-06-17,124.39,25.54212705259115,19.03442977086914,12.888228633330884
2002-06-18,123.89,23.49351374864848,19.000861508172985,12.56566381640863
2002-06-19,123.65,24.258343650040977,19.02385825142574,12.890666256997058
2002-06-20,124.75,24.645321807707543,19.001041667858228,12.668460153039588
2002-06-21,124.52,25.466120956391162,19.01664195109455,12.896603075670154
2002-06-22,124.01,24.165892845476844,18.987554098901157,12.87590282319081
2002-06-23,124.22,25.341900666224227,19.01591298546295,12.721966427893173
2002-06-24,123.77,24.785658354047634,19.01213498007204,12.870935422878416
2002-06-25,124.14,24.941262474207562,18.975195113167263,12.537217646275153
2002-06-26,124.28,24.963387089502326,19.009417021322587,12.848506951218742
2002-06-27,124.53,23.54888261224352,18.969357972344742,13.044113406568094
2002-06-28,124.79,23.887935492379558,19.014877936212848,12.93359731168155
2002-06-29,124.43,24.83129248089009,18.974583883065634,12.989871652508
2002-06-30,124.71,24.941101521313843,19.012748558541233,12.784420655743507
2002-07-01,124.45,24.222620836607334,18.99423446318783,12.854900723274728
2002-07-02,123.57,24.511013566870165,19.03275836436555,12.508205082886668
2002-07-03,124.41,26.49841878296246,18.9875752126294,13.082031230973262
2002-07-04,124.64,24.635002126273513,19.022907882781613,13.145406917189414
2002-07-05,124.69,25.198656615707915,19.030542572969395,13.301314284349516
2002-07-06,124.15,25.603865889727025,18.99174504091199,12.65522277893334
2002-07-07,124.23,24.390735056710263,19.013127803072674,12.76846198344337
2002-07-08,124.53,25.30374715020835,18.969459908308245,13.13262897638995
2002-07-09,124.8,25.360017149822937,18.951260904496888,12.931135358810714
2002-07-10,123.93,25.928854784174465,18.97615460722209,13.196026963535626
2002-07-11,124.82,25.434355703322527,19.010657837350923,12.788726533441556
2002-07-12,124.66,25.43836109836063,18.98968411564627,13.052521063311564
2002-07-13,124.77,23.90683133598376,18.9986087822871,12.742593003319021
2002-07-14,126.03,25.32153296682648,19.028605298811613,13.053953176708188
2002-07-15,125.45,25.17567709251801,19.01736885025056,12.922401353988414
2002-07-16,124.7,24.950161167031336,18.980521409047327,12.91618479657081
2002-07-17,124.63,25.0428204910573,18.98024582432711,12.947515120580292
2002-07-18,124.48,24.615489519793883,19.017377381967943,12.898356525612527
2002-07-19,124.64,24.770819052672405,18.99377813155173,13.156203097861173
2002-07-20,124.43,24.439096704368637,19.00613526154833,12.735745717010891
2002-07-21,125.26,25.603276765523333,19.008718216381418,12.973530008622413
2002-07-22,125.07,24.020394948705494,19.018095809194367,13.149254755821326
2002-07-23,124.31,25.853512710272184,18.998216459090898,12.740818831405146
2002-07-24,124.86,24.236037487808638,18.991152656534318,13.092624303228945
2002-07-25,124.32,25.36531338626648,19.024858353860004,12.981532551655787
2002-07-26,125.17,24.215772176588704,18.9740003456781,12.746601334601309
2002-07-27,124.58,24.665033171813935,18.999405098419437,12.648539750254784
2002-07-28,124.48,25.47386823483792,19.025593784015292,12.591405782311389
2002-07-29,124.04,24.882980930047488,19.01643870929045,12.71112520477214
2002-07-30,124.65,25.277333468640922,18.965217289380558,12.984119889806818
2002-07-31,124.49,27.046320462278842,18.969045017795036,12.693478415155102
2002-08-01,125.33,25.445838794271488,19.013210109887524,12.887470269557587
2002-08-02,125.2,24.658957847527127,18.982347693656457,12.50627266966817
2002-08-03,125.06,24.02123853582285,19.002500079423527,13.099573578791077
2002-08-04,124.51,25.7595586482283,19.01975301754817,12.944365795908043
2002-08-05,125.17,25.750890245488694,18.977249840153018,12.879460542580382
2002-08-06,124.96,24.681940762868344,18.954136253937445,12.408196577973747
2002-08-07,124.91,24.48079900671372,18.98998429911326,12.709319070384975
2002-08-08,125.2,24.107575586650878,19.014752555351745,12.873602623467109
2002-08-09,125.15,25.827668639770113,19.003821704186276,13.129292555943753
2002-08-10,125.36,23.991596444896874,19.00560226065612,13.039952937984902
2002-08-11,125.49,25.66558659541799,18.963728623890802,13.087762151911816
2002-08-12,125.8,24.84359502636595,19.018246757394323,12.922811951961888
2002-08-13,124.51,24.913671061723992,18.98997353640243,12.816382254687246
2002-08-14,125.18,25.051922777232235,19.00864937059257,12.731870184941073
2002-08-15,125.42,24.898665769751677,19.03554489991899,12.682815058839124
2002-08-16,124.75,25.116470970823244,18.985188069075928,13.223777758581727
2002-08-17,125.82,24.893745054323475,18.98796985401544,13.090467796990747
2002-08-18,124.55,23.848378165195946,18.984924796633056,13.05628899139796
2002-08-19,124.35,25.12325794674349,19.024843712435267,13.105626053231878
2002-08-20,125.46,24.367392332605338,18.996646490811717,13.262556239514016
2002-08-21,125.49,24.704020249175557,19.005964936469713,12.510731907590728
2002-08-22,125.91,23.489516720128016,18.992808904183306,13.043982610706996
2002-08-23,125.16,23.77890150814657,18.99000184274538,13.31554058498546
2002-08-24,125.4,25.360142263412815,19.018994583512345,12.527487893670639
2002-08-25,124.35,24.76193460665264,18.983281799102105,12.812673720799495
2002-08-26,125.8,24.608130173211723,19.021822344375074,12.926726243158223
2002-08-27,124.97,26.23958442086429,18.97213409780716,12.613487651189574
2002-08-28,126.07,25.245851471327462,18.996289472089664,13.142160366148564
2002-08-29,126.05,25.749552321723524,19.008166957569475,13.076548357334751
2002-08-30,125.7,24.024109658764,19.033096849037815,12.978668634242698
2002-08-31,125.42,24.776825538601138,18.99911731067765,13.334096964030216
2002-09-01,126.14,25.641168721497625,19.002166343414448,12.981572035740111
2002-09-02,125.38,24.4442913292539,18.98607431271877,12.608761348644434
2002-09-03,125.98,24.688514133648795,19.018967335440966,13.063617061371001
2002-09-04,125.77,24.473628124584405,19.01789572766223,12.83746063150243
2002-09-05,124.76,25.662653237807746,18.99853371746426,12.89410081648549
2002-09-06,125.35,23.639158586917002,18.986445816320998,12.44744009595311
2002-09-07,125.44,23.3787366754588,18.984139094065107,12.86304336305238
2002-09-08,125.91,23.70088378395312,19.004234839905646,12.959412391585706
2002-09-09,126.38,25.354110772045296,19.004227306269428,12.8149987715309
2002-09-10,126.14,26.63799922280144,18.968686283483915,12.441627242079628
2002-09-11,126.25,23.36206961945263,18.996544275651413,12.84234906576291
2002-09-12,125.35,24.82463097087338,19.033869783467427,13.265525885627554
2002-09-13,125.42,24.596180786138756,18.998477908299666,13.100485993990565
2002-09-14,126.12,27.369380894120354,19.021585642667862,12.945592950639522
2002-09-15,125.48,25.07622954634601,18.988882744772873,13.149788734783101
2002-09-16,126.17,24.72575914414075,19.002840444737792,12.547123923558233
2002-09-17,126.03,25.043838490122862,19.015091832379728,12.613975568310583
2002-09-18,125.49,24.41148007570055,18.992432133761096,12.901442283118715
2002-09-19,126.32,23.591114041811565,19.00035651924966,12.724693491007118
2002-09-20,126.13,24.728934083653115,19.018817961655675,12.9121994705794
2002-09-21,125.48,25.531894381819033,18.990537757609747,13.252994078515265
2002-09-22,125.94,25.494026158988795,19.033630216377976,13.025734434959972
2002-09-23,126.0,24.864905267305026,19.032735976925782,12.536842863290172
2002-09-24,125.89,25.030946142320303,18.99182217472348,12.249663753442356
2002-09-25,126.05,23.49536762468151,18.988803453552364,13.043248805996981
2002-09-26,126.36,23.87359215106106,19.000766582230042,12.72695931413997
2002-09-27,125.58,24.530069713045446,19.02558692064145,12.635906396893938
2002-09-28,125.85,24.742897634381496,19.010166963526917,12.568716996507725
2002-09-29,126.0,25.097972743664677,18.96328490843965,12.790510058784259
2002-09-30,125.4,25.085102016700485,19.012038605926975,12.942234711470244
2002-10-01,125.53,25.76989010650203,18.963243762621214,12.82106330649048
2002-10-02,125.94,25.291417144364008,18.99777112570239,12.910030445819428
2002-10-03,126.31,25.279017998176716,18.987986581717063,13.36727755701642
2002-10-04,126.19,24.854105152262676,18.98964132751191,12.917779702637455
2002-10-05,125.95,23.85458727873352,18.98244762424546,12.822171248994355
2002-10-06,126.73,26.100445294011475,18.97552988803707,13.057309720006005
2002-10-07,126.13,24.454437210563267,18.997791635883225,12.977999108609742
2002-10-08,126.3,25.49096179822852,18.998786225247738,12.944795813300049
2002-10-09,126.69,24.986553360859965,18.976166502692482,13.335626991502648
2002-10-10,126.4,25.805985233389137,19.002254708558084,13.14147178137124
2002-10-11,126.37,25.311947644259945,19.014407858739773,12.574201756932755
2002-10-12,126.51,24.473771992778122,19.015197072244142,12.65794979603997
2002-10-13,126.38,24.35172002712924,19.00718111073171,12.708912162333226
2002-10-14,126.21,24.77812508195097,18.984446639632935,12.648925138400477
2002-10-15,126.03,24.78492972453314,18.982603608018824,12.685539627403381
2002-10-16,126.48,25.337196986258064,19.00274205047729,12.846337546589135
2002-10-17,126.54,25.333677361930896,18.965413913401292,12.84748956398779
2002-10-18,126.34,23.96796516093201,19.04346549053235,12.540726679703106
2002-10-19,127.03,25.500392420586326,19.007968728539513,12.894689612240478
2002-10-20,126.76,23.23703311403981,19.016032250509586,12.843291523115099
2002-10-21,126.48,25.441464947014474,19.000098355730817,12.645666410028658
2002-10-22,125.98,26.092038572087727,18.951597064896223,13.121770947758082
2002-10-23,126.27,25.428894665318563,19.01742459221921,12.912473132332531
2002-10-24,126.64,23.89713648633628,19.002665941178382,12.439276489537411
2002-10-25,126.99,24.91247398530787,19.011766557740316,13.535132507791198
2002-10-26,126.7,24.759933103504526,18.974981578944455,13.236569809826968
2002-10-27,126.58,25.566772525411196,19.013638171504883,12.497117845558888
2002-10-28,126.75,25.076665238142134,19.007305785132548,12.40862637112511
2002-10-29,127.08,25.787804461048577,19.01280336944432,13.181669259975068
2002-10-30,126.88,25.12902244733672,19.009224374483114,12.625600519545582
2002-10-31,126.55,24.066569600210673,19.01244051707157,12.577993379571442
2002-11-01,126.64,23.891296923951725,19.00762735695452,12.706246481911156
2002-11-02,126.26,26.220134334045873,18.997393440488064,12.873762226519643
2002-11-03,126.26,26.146658565774604,18.9886421613763,12.942882020146804
2002-11-04,127.31,26.027081119918833,18.999147865028924,12.76248454042627
2002-11-05,125.9,25.288952519173282,18.987683672929396,12.635635051469912
2002-11-06,126.71,25.290869232906882,19.03130344230338,12.691621179774806
2002-11-07,126.59,25.149491749401452,19.017096610093052,12.858595409800905
2002-11-08,127.28,26.086455718685375,18.98455937811804,12.44853214377423
2002-11-09,127.53,24.96926265689532,19.003164389053488,13.072527586599412
2002-11-10,127.27,25.072188306075866,19.011921487512776,12.689664152632451
2002-11-11,127.12,23.78773278707745,18.971551187535365,13.04729996654248
2002-11-12,126.66,24.8043994821819,19.016643173738068,12.841015279924314
2002-11-13,126.81,24.436473567739327,19.023878402945716,12.857757810572437
2002-11-14,127.37,25.95834647488075,19.010403056127892,12.54532606862881
2002-11-15,126.44,26.730838167753657,19.009099301944065,12.412314250840073
2002-11-16,126.7,24.903628907256774,18.959672583344233,12.642654908768804
2002-11-17,127.29,24.64536339513034,19.00593132985202,12.81003935984969
2002-11-18,127.02,24.006752066843518,19.018933732955194,12.820304907548618
2002-11-19,127.03,24.26710409600203,18.992652788713436,13.107938483372502
2002-11-20,127.26,24.22877476993065,19.00112001852025,12.691521544324356
2002-11-21,127.21,25.681851358161307,19.027840633237712,12.99024076616312
2002-11-22,127.22,25.0007956063667,19.01078071309566,12.792736035547364
2002-11-23,126.92,24.898143882906417,19.010057714693577,13.208859934898
2002-11-24,127.45,25.33743526916367,19.03046031761341,12.59737433490024
2002-11-25,127.41,25.68677644743074,19.023139012863144,13.103500350784833
2002-11-26,126.42,25.985602965294966,19.017360472984425,12.598942937309477
2002-11-27,127.55,24.174977838459128,19.0158863023474,12.991216924849962
2002-11-28,127.05,24.848849171820078,18.996325175688867,13.088697707503039
2002-11-29,126.92,24.263607313403334,19.014141622473396,13.176053508630122
2002-11-30,126.94,24.87280024396751,19.039808204947715,12.828515678937183
2002-12-01,126.94,24.866789970817088,19.000597249181688,12.269545134626473
2002-12-02,127.59,23.915871476997978,19.00602621784181,13.029796636273433
2002-12-03,127.09,24.4274270617302,19.00683378084306,12.903637084640549
2002-12-04,127.36,25.02809840994526,19.016032884100273,12.919204541703081
2002-12-05,126.99,25.324540713498653,18.998591079127927,12.816460086547318
2002-12-06,127.15,24.822422847098608,19.013280275430876,13.381019533083645
2002-12-07,128.03,26.26526827730605,18.99700176395781,12.851553749365342
2002-12-08,127.01,24.062123736190685,19.01270062624193,12.72404612929474
2002-12-09,127.43,25.674041908553505,18.985678019688017,12.83094176836465
2002-12-10,127.53,24.789147414302487,18.990164894994564,13.140309247410684
2002-12-11,126.84,24.30719815542274,19.000894262412622,12.526005342306382
2002-12-12,127.34,23.87621244426229,18.987613375890565,12.758928134618857
2002-12-13,127.36,24.697075469409942,18.988315656854724,13.07288343789424
2002-12-14,126.9,24.60148942432092,19.040891392279836,12.788042037408804
2002-12-15,126.84,25.263084285625297,19.003424551389607,12.848721766965996
2002-12-16,127.89,25.3366477891387,19.001257678372184,12.919615192996195
2002-12-17,127.65,25.410268115499946,18.978610917867435,12.369147741215082
2002-12-18,128.1,24.27151128232619,19.016330793502757,13.051063765695718
2002-12-19,126.93,24.885550492959652,19.000347914882088,12.38298353929076
2002-12-20,127.56,25.615812716857036,19.03553490233405,12.947975970022556
2002-12-21,127.55,26.36502624207989,19.030304679461036,12.7279512221995
2002-12-22,127.68,24.829156985271446,18.96375103923875,12.72404241478056
2002-12-23,126.69,24.38869589277171,18.976604825035956,13.283165857376366
2002-12-24,127.69,24.477612972851396,18.967463880079055,12.84999222376286
2002-12-25,128.3,25.125020227970328,19.020349702144326,13.022295667419712
2002-12-26,127.58,23.21441918576913,18.979332796173313,12.932566885636895
2002-12-27,127.44,23.866927157884923,19.01800415664319,13.197621520551754
2002-12-28,128.04,25.6331711840664,19.0076582194783,12.790689969322766
2002-12-29,127.68,22.193678229077264,19.01575364953681,12.573228221918756
2002-12-30,127.72,24.728120573707987,19.047007808580293,12.92847772275466
2002-12-31,127.76,23.153049387474137,18.996846254146455,12.759359084079172
2003-01-01,127.75,27.860678071481704,15.73712280740204,14.704339428938848
2003-01-02,128.18,30.314510779633647,15.74405081743593,13.884505749344953
2003-01-03,127.45,28.531891369177487,15.728651743445898,13.579987561209197
2003-01-04,128.27,29.394465402768887,15.772279581525623,14.055958763345574
2003-01-05,127.43,29.078581187427922,15.741968721510336,13.68834661063163
2003-01-06,127.28,28.042055333510856,15.734534885067347,14.160715857019156
2003-01-07,127.26,28.371010448605404,15.730170881860516,14.39444684915176
2003-01-08,128.45,28.863821188941976,15.730013462279569,14.0010573806795
2003-01-09,128.23,28.574058231940615,15.780454467784708,13.801706357712632
2003-01-10,128.59,29.459048564742922,15.736643066158978,13.89237902386078
2003-01-11,128.27,30.101623407470033,15.753151448266692,13.891127024361719
2003-01-12,128.13,27.918683377229126,15.741243251950378,13.879674707781048
2003-01-13,128.59,28.317797776477263,15.721870299312448,14.681790564208539
2003-01-14,127.91,28.54609429535339,15.74341104487644,14.670734077034046
2003-01-15,128.23,29.630248925859583,15.744429468367485,13.907664196278292
2003-01-16,127.83,29.396041399002552,15.753636367132307,13.469321177980566
2003-01-17,127.67,29.988107994511786,15.743881506244653,13.477152125169265
2003-01-18,127.65,27.092223407718837,15.733467191027918,13.927528710120239
2003-01-19,128.48,29.33841753718045,15.750243123199786,13.980771418073612
2003-01-20,128.47,27.881153473091295,15.746469423450165,14.39895019288436
2003-01-21,128.21,29.01737877004126,15.718605735733954,14.567889003380227
2003-01-22,127.48,28.039923077871237,15.776390421837702,14.428457790364874
2003-01-23,128.48,28.284682347436185,15.72970599588828,13.96579562816579
2003-01-24,127.93,30.925103352247387,15.738078927499703,13.785943320096768
2003-01-25,127.71,28.32654744332302,15.742839099429638,14.346772692040755
2003-01-26,128.35,28.45129502885418,15.74861665658292,13.734527382485961
2003-01-27,128.05,27.761533824653547,15.768465112434408,14.286475603934647
2003-01-28,128.05,28.294734035089427,15.775354479439793,14.248703126715538
2003-01-29,127.98,30.27021493784182,15.773537773352633,13.746234397858112
2003-01-30,128.2,29.701556730438732,15.752512752660108,13.966564486622461
2003-01-31,128.66,28.036419013264677,15.742814670755322,13.998448612459086
2003-02-01,127.45,26.38499320584286,15.749758451949099,14.047130750192695
2003-02-02,129.45,27.664824368265396,15.778552743864848,14.068044234245752
2003-02-03,128.85,30.04148926594712,15.731274870293223,14.121662849263458
2003-02-04,128.58,29.275784193596852,15.750257028503327,14.343533044207
2003-02-05,128.74,29.220739875481396,15.707946911780915,13.835965628767347
2003-02-06,128.21,28.871967937274245,15.743924030471568,13.544248650488553
2003-02-07,128.14,28.71103696251536,15.743786931902083,14.054442966712843
2003-02-08,128.75,28.30253735020118,15.723395077440248,13.836042187587397
2003-02-09,128.89,27.560870361780502,15.771670572719046,13.906110024085741
2003-02-10,128.24,28.048181026920624,15.77261721195733,14.383065530353573
2003-02-11,128.28,28.14224407507392,15.75995439681513,13.953986294534833
2003-02-12,128.69,28.833605745060975,15.737660679487313,14.00892774187975
2003-02-13,128.92,28.302357364323417,15.731351738587389,14.505381638756907
2003-02-14,128.5,30.029216228818918,15.756339215986975,13.789147272084692
2003-02-15,129.29,29.213295591464842,15.784414359402765,13.823140196562555
2003-02-16,128.85,30.35889806253212,15.709943552321347,13.811184791017308
2003-02-17,129.12,27.099764944469722,15.748166156037982,14.02323531154497
2003-02-18,128.79,29.115303197299838,15.768135000631377,14.146283227284695
2003-02-19,129.35,28.279424757004918,15.752721915863065,14.357350974178072
2003-02-20,128.4,28.579309644657098,15.73466011116477,14.725638995158484
2003-02-21,128.24,27.693526125535428,15.735702245808419,14.6636967710938
2003-02-22,128.27,28.234220407746786,15.740166010902756,13.734587382083511
2003-02-23,129.28,29.108826735885245,15.752227209767685,13.896121777148494
2003-02-24,128.55,27.818065352496898,15.740271332740292,13.327517679101483
2003-02-25,129.06,29.396306807263528,15.770481644543288,14.483927581926935
2003-02-26,128.91,29.175371263058704,15.753784835300474,14.395473217322287
2003-02-27,129.39,28.212884046118383,15.786434849241342,13.940967405297876
2003-02-28,129.28,29.0307641516475,15.741974703671312,14.015577390450325
2003-03-01,128.95,28.98273942703975,15.749051356289502,13.913823835282257
2003-03-02,128.95,29.247929822444824,15.747810583742204,13.984196667807849
2003-03-03,129.66,27.935633248069593,15.7370178576324,13.960554593386053
2003-03-04,129.42,29.294134247046337,15.745236016405187,14.04614331395665
2003-03-05,128.69,28.755587830036834,15.751452181190023,14.096580683596892
2003-03-06,128.68,29.355040058601947,15.77975663622234,13.999899414058133
2003-03-07,129.15,29.04226705532868,15.756500236569627,14.44495480045836
2003-03-08,129.09,27.791929290608007,15.73886154393191,14.231235519869955
2003-03-09,129.83,27.836793413718233,15.755027103710551,14.395582012117623
2003-03-10,128.18,29.39517770565979,15.765739230071159,14.16319422808238
2003-03-11,129.32,28.865359132952666,15.764809009731321,13.999673731965757
2003-03-12,129.25,27.159000378807633,15.77337447844948,14.519573068449525
2003-03-13,128.89,29.04787419968738,15.757418998132243,14.20880177396171
2003-03-14,129.03,29.034148262352325,15.734181544298226,13.662888092477193
2003-03-15,128.73,28.892534488113757,15.747295597192968,14.424118382672932
2003-03-16,128.57,29.931485885921994,15.748057079238322,14.190997686657306
2003-03-17,129.51,27.88159880625206,15.747405127756384,13.392933382090932
2003-03-18,129.43,29.450087167209084,15.779209523469262,13.70262518512654
2003-03-19,129.04,27.853680248109285,15.744306242911357,13.45468621193168
2003-03-20,129.48,27.681431558732886,15.747132618073316,13.503820387319841
2003-03-21,128.53,26.43937642387956,15.751696889131914,13.70428889133959
2003-03-22,128.69,30.741353321120403,15.745837743172157,14.016787786646768
2003-03-23,129.82,29.546812197634146,15.766505609667824,13.816200801001811
2003-03-24,129.9,30.22627531606762,15.7632273692046,13.59495913408896
2003-03-25,129.57,27.057104525648842,15.734794858858773,13.290204765352234
2003-03-26,129.06,28.86371587307499,15.756000966045772,14.012320850642833
2003-03-27,129.39,28.89378903635813,15.756760708645414,14.242769152712304
2003-03-28,129.25,29.133616866339068,15.750021753106962,14.450691437936792
2003-03-29,129.78,28.65412150524166,15.744638089223528,13.691787123275066
2003-03-30,129.97,26.781072808960516,15.766724006428634,14.142299763091156
2003-03-31,129.94,27.912872597843275,15.725683559936432,14.072950787243055
2003-04-01,129.71,28.975112097359574,15.757719751942226,13.888069721732613
2003-04-02,129.83,27.185330496100782,15.75133313590241,13.889290678552085
2003-04-03,129.75,28.61012496207837,15.736628595155846,14.304812086295708
2003-04-04,129.26,29.521687248077253,15.742771508023132,14.310051793274857
2003-04-05,128.59,29.524058340984826,15.73673513675918,14.429699410605371
2003-04-06,129.5,29.72952045220716,15.749257803886596,14.05756838804463
2003-04-07,129.5,27.406269257147155,15.761779232226024,14.467869642275232
2003-04-08,129.53,27.77173625916172,15.735545594731256,13.752986934612155
2003-04-09,129.36,28.806219383930934,15.727142755732187,14.015041782838411
2003-04-10,129.64,28.206265285553105,15.746740912554468,13.677383333925734
2003-04-11,130.12,29.28572371984694,15.741981075424848,13.687701677251368
2003-04-12,129.1,27.532728231896826,15.758894028721485,13.60110190725648
2003-04-13,129.29,28.84623397875629,15.721170127475721,13.623361965918956
2003-04-14,129.29,30.04388087906835,15.76251230864234,14.007849891249597
2003-04-15,129.81,29.527246487601627,15.770471909438058,13.826452579200607
2003-04-16,129.7,29.72648655980228,15.760922258483697,14.366760863920742
2003-04-17,130.57,28.25957948171565,15.755549338785569,14.139537011441924
2003-04-18,129.84,29.70534912115967,15.733302660088677,14.296852097605449
2003-04-19,130.46,28.94141767286453,15.778588741786612,14.078255430819327
2003-04-20,129.27,29.46007398742284,15.750411846705935,14.111601898588946
2003-04-21,130.37,28.320858153439225,15.748450349229127,14.064501290180143
2003-04-22,129.57,27.478187981598843,15.746270586066636,14.354067288662872
2003-04-23,130.17,30.294980957692438,15.732813200957068,14.153401114307911
2003-04-24,129.43,29.31000473490655,15.740024679936976,13.937180280483352
2003-04-25,130.3,29.561264468368435,15.73356099867346,14.021770813241332
2003-04-26,129.4,27.742404451797082,15.76008455851053,13.821692873112262
2003-04-27,129.89,28.73904379690131,15.753285053751846,13.978999029263388
2003-04-28,129.98,30.01378594274681,15.74331630803285,13.47333241793931
2003-04-29,130.04,29.134386240339968,15.752108733431779,13.96321395729062
2003-04-30,129.67,29.676077509137663,15.732055501063675,14.437617462110751
2003-05-01,130.43,30.167226793725803,15.762079573175871,13.528522867631665
2003-05-02,130.12,27.21808129279076,15.732940324115951,14.36228838625211
2003-05-03,130.36,28.64390079668574,15.720893902313264,14.569925650977412
2003-05-04,130.05,28.75757934104197,15.745275187500232,13.901726913791945
2003-05-05,130.3,28.491433254415455,15.753002141613386,14.153088641913536
2003-05-06,130.68,29.800073835112393,15.724914172173964,14.820461685886718
2003-05-07,130.29,27.91407951602273,15.755212140578376,14.428155627253602
2003-05-08,129.81,28.912632607668424,15.75246222445368,13.697151346590294
2003-05-09,130.08,30.318825629284714,15.737271410895817,14.081831749393682
2003-05-10,130.18,28.588129441585664,15.734104333933212,14.423585054580494
2003-05-11,129.98,29.78215695205079,15.770117302890618,14.086855019986423
2003-05-12,130.82,27.82038208578289,15.781561009787204,13.822349337639197
2003-05-13,130.37,28.574640422034495,15.768641926366497,13.974647667156605
2003-05-14,130.12,28.740991922032602,15.741513619147709,14.33833998356344
2003-05-15,130.7,28.38774530104929,15.746525712823935,13.774365595279779
2003-05-16,130.68,30.14447885865794,15.750833931628197,13.888654490161006
2003-05-17,129.97,29.53007708060905,15.742412918983927,14.344527631530948
2003-05-18,129.75,27.47586597134751,15.757621740575555,13.597066703074988
2003-05-19,130.4,29.056604493314275,15.741060739920027,13.899019963221455
2003-05-20,129.84,28.064944621083164,15.71964089708783,13.811869084799639
2003-05-21,129.74,29.890782135582466,15.75487099786736,14.166975101964729
2003-05-22,130.73,29.6010344491521,15.758618017330026,14.091175803592243
2003-05-23,130.4,29.189011923382008,15.728224550484255,13.940281492688337
2003-05-24,130.26,28.72295447617856,15.741368689829223,13.718369997416879
2003-05-25,130.17,27.99447260139526,15.752798859603166,13.998979134676565
2003-05-26,130.58,29.782502159410214,15.763360005202832,14.096211083715554
2003-05-27,130.68,31.03564365576222,15.754799605752973,14.443516299843385
2003-05-28,130.67,29.077506492322104,15.764902043438527,13.635792730858144
2003-05-29,129.32,29.122553218032472,15.74386687239154,13.526922109174864
2003-05-30,131.04,27.914547832855003,15.746809596595636,13.962949212722663
2003-05-31,130.97,27.908785258606294,15.745758146431974,13.914492480233637
2003-06-01,130.69,28.889238614306453,15.738037819185264,13.903002614396893
2003-06-02,130.77,29.054170723456203,15.756201604273356,13.735832455015707
2003-06-03,130.35,29.019230708014682,15.7466302513998,13.882897426931546
2003-06-04,131.19,29.402834636574717,15.754171579034738,14.420261278483126
2003-06-05,130.21,27.445055291766067,15.749067988004798,14.019486012726489
2003-06-06,131.05,29.11101821502335,15.745852769022484,14.47807876239204
2003-06-07,130.67,28.40747357290291,15.747215804222158,14.147661913406512
2003-06-08,130.98,28.516361866162175,15.761314533235952,13.842744880116781
2003-06-09,130.99,28.855692452248785,15.706545626864916,14.519474042473144
2003-06-10,130.74,27.362831517426756,15.761196635515018,14.411302641126188
2003-06-11,131.45,28.659771364665737,15.762259407759375,13.429423263629179
2003-06-12,131.63,28.610936652148755,15.74711840222554,13.813566905061142
2003-06-13,130.77,29.615604314551568,15.753006905409071,14.250569508702037
2003-06-14,131.8,29.051553187154244,15.773245970048603,13.787852639801663
2003-06-15,130.53,28.802996469561943,15.751360500353226,14.139721366614282
2003-06-16,131.76,28.502852765274326,15.72970469569843,14.86617474618765
2003-06-17,131.4,28.991193980067546,15.755621829271302,13.874853775588214
2003-06-18,131.22,28.875297379811197,15.757304521359655,14.18985487577577
2003-06-19,130.28,29.192119492856463,15.750169014752375,13.880044293737898
2003-06-20,130.9,28.108598345344614,15.739101564695087,14.443674001317127
2003-06-21,131.53,30.626333063671638,15.72908404231741,13.801536427907088
2003-06-22,130.13,27.46405164642237,15.731754454867149,13.884843911862436
2003-06-23,130.77,30.16777563032065,15.724305146639542,14.758415802781698
2003-06-24,131.63,28.01604625278802,15.735363752094408,14.402340587489237
2003-06-25,130.97,27.554647119106587,15.732354680601059,13.941694193960819
2003-06-26,130.91,27.88057398353472,15.748339607327113,14.16249365885929
2003-06-27,131.12,29.174743226573696,15.742087007792597,14.057061296078924
2003-06-28,131.27,28.80020050755101,15.735999141391845,13.416422538266952
2003-06-29,130.83,29.955535717523357,15.740589796326113,14.186531655121394
2003-06-30,131.05,28.869933323117124,15.761900301198807,14.300075619165925
2003-07-01,131.19,29.122832452259654,15.719448553304915,14.31130053113819
2003-07-02,131.38,29.455057270432054,15.748833428735391,13.918540072571904
2003-07-03,131.29,28.122732376855943,15.751165076965213,13.89369707536375
2003-07-04,131.29,29.0444459986481,15.749169060538586,13.502295255073381
2003-07-05,131.72,27.954520812901855,15.761830644204622,14.505989087998266
2003-07-06,131.38,28.491982703008897,15.772528432783266,13.592460958920356
2003-07-07,131.55,27.969706157594874,15.736343237665743,14.194553937073405
2003-07-08,131.02,29.292772415904235,15.753903610758831,14.075321609240978
2003-07-09,131.37,29.432251288241773,15.773570980121432,14.28420390100453
2003-07-10,131.2,28.983312961138783,15.712218086691188,14.3037982839924
2003-07-11,131.23,27.30478753442902,15.738038724290604,13.54788279132564
2003-07-12,131.09,28.492130930533857,15.753956597434778,13.779411744671474
2003-07-13,131.16,29.37218913392853,15.755912726907537,14.343302848844417
2003-07-14,131.27,26.600581954398866,15.784426542143892,14.226897891222873
2003-07-15,131.45,28.43682560966441,15.753543147471234,14.112667232773646
2003-07-16,130.86,28.253441873086842,15.736188156465163,13.752711414360547
2003-07-17,131.49,27.759483524697185,15.701710065098533,13.992368411096798
2003-07-18,131.69,28.597250966302703,15.73007864875145,14.476474531380479
2003-07-19,131.19,29.825784914917897,15.751542171892224,14.000729624454447
2003-07-20,131.07,29.604091888194702,15.750994775117956,14.191357493461322
2003-07-21,131.57,28.29313754493456,15.763823944436606,14.072137886160835
2003-07-22,131.5,28.374999786129866,15.745262199208716,14.073258064423634
2003-07-23,131.69,27.840230711087273,15.759401391090394,14.073733141031047
2003-07-24,132.26,28.195723022557363,15.722970931547984,14.233195559315005
2003-07-25,131.65,27.36821115394248,15.736721182074872,14.104662795842387
2003-07-26,131.68,28.615002034390674,15.76015452652198,14.066715573923286
2003-07-27,131.7,28.642556944098768,15.751996080832603,13.677579551051618
2003-07-28,131.62,28.94294611841745,15.745051562674258,14.249635258420788
2003-07-29,131.5,29.230740087778138,15.747714239697993,14.010212738457266
2003-07-30,132.44,28.940662969898312,15.769603323787475,13.906994239218896
2003-07-31,131.34,27.080673258135764,15.721500156706051,14.50937852487762
2003-08-01,132.31,29.06233453230881,15.757725962490058,14.117190649783964
2003-08-02,131.92,28.532160137465016,15.793161769069872,13.919665280126011
2003-08-03,131.33,28.43478923803513,15.757992621916664,14.286309883997106
2003-08-04,131.2,29.178899837408405,15.759718274990732,14.048690561425843
2003-08-05,132.22,29.450817796132636,15.747557435362403,14.256849871497902
2003-08-06,131.86,29.787762160186674,15.762767633390764,13.81991819281134
2003-08-07,131.23,29.19261572674994,15.732504862420058,14.187879959589102
2003-08-08,131.68,26.717491908289976,15.72228936835818,13.957911459262949
2003-08-09,131.64,28.054784935916903,15.770045138824193,14.306605202508251
2003-08-10,131.38,28.305813000315414,15.740009258859626,14.684251015265883
2003-08-11,132.2,29.8233663799942,15.758623097636034,13.948657522672633
2003-08-12,132.04,28.193133630155405,15.73799181652104,13.867881402408155
2003-08-13,132.03,27.276061073644748,15.744720624962103,14.017951439337885
2003-08-14,132.05,29.516938980666403,15.765738896451758,13.513877052712186
2003-08-15,132.94,28.88639076816436,15.763252607829823,14.118369085518244
2003-08-16,131.93,30.028797481889317,15.759535886283425,14.362255308546452
2003-08-17,132.41,28.54840914708948,15.758015369614943,13.596344175111534
2003-08-18,132.34,28.540900529343777,15.757718648743937,13.386732746810974
2003-08-19,131.53,27.84587806876936,15.753161584979836,13.870204985281063
2003-08-20,132.06,28.0285257241651,15.756394633571007,13.685682739219791
2003-08-21,132.15,27.91865573156599,15.774667855421352,14.228742511677623
2003-08-22,132.03,28.57247450366224,15.760634564327072,14.68092535070872
2003-08-23,132.15,29.491389672466948,15.741843945867725,13.604218663682108
2003-08-24,131.93,28.955204364429495,15.776359176693884,14.59666648890418
2003-08-25,131.55,30.98791307676096,15.779101551752706,14.299554192835783
2003-08-26,132.81,28.413120313565553,15.74201967329849,14.285370672245692
2003-08-27,132.59,28.681412703039225,15.75865273706113,13.783312541120546
2003-08-28,132.09,28.23989850109334,15.752528428965324,14.336877249708044
2003-08-29,132.36,28.178416070005095,15.756394423226043,13.862093888321468
2003-08-30,131.83,27.924797732727882,15.754248549571216,14.577475799065315
2003-08-31,132.66,27.134539349288104,15.746585967399723,14.152286506605591
2003-09-01,133.39,28.365894671160525,15.760040522063385,13.753686321763643
2003-09-02,133.12,29.196028628804143,15.713821699225717,14.322289238863542
2003-09-03,132.51,28.920044224870736,15.769336646201443,14.593876563415037
2003-09-04,132.56,28.76993797717183,15.76716616393268,14.392144844651803
2003-09-05,132.48,29.48440014233129,15.716611631329544,13.955955465121987
2003-09-06,132.86,28.868065791811777,15.774312664515783,14.197067079243226
2003-09-07,132.46,27.720775348993154,15.74833985961781,14.03022894452542
2003-09-08,132.28,28.531340051484353,15.75870816418242,14.10193934908711
2003-09-09,132.81,29.33736651639775,15.741827308132924,13.953074271438288
2003-09-10,132.3,30.031461256149992,15.769153321874402,14.111869323306315
2003-09-11,132.68,28.098900672974732,15.713525607135898,14.477670139078567
2003-09-12,132.68,27.748234657789308,15.743445250591202,13.801357407235374
2003-09-13,132.6,28.72237915153855,15.76380042060681,13.753128620676568
2003-09-14,132.78,27.96859067954259,15.762804183321341,13.731873486766926
2003-09-15,133.22,28.753904031074445,15.750280066605763,14.12937673732624
2003-09-16,132.55,29.47057734201913,15.752840561363277,14.016100971060231
2003-09-17,133.14,27.901210923963827,15.733938917750441,13.945736223939132
2003-09-18,132.48,26.51262529787955,15.763430148493446,13.940474547545591
2003-09-19,132.8,29.86808738570355,15.734089119957362,13.914762456810983
2003-09-20,132.24,28.600772341182353,15.739790511922557,14.000670749117795
2003-09-21,133.33,29.82281112128819,15.785083480268852,14.41615565571817
2003-09-22,132.88,30.384190262446193,15.766907408753918,14.131777061830944
2003-09-23,132.52,28.138832197464293,15.724620649846221,14.015205953960884
2003-09-24,132.76,28.094828406844496,15.750138532968142,14.114795750923331
2003-09-25,133.49,29.168777683164045,15.757031892819597,14.269262532756034
2003-09-26,132.64,29.35652295469386,15.753324123973552,14.180807201598382
2003-09-27,132.35,28.701297970513355,15.732830837024567,13.75387087446154
2003-09-28,133.06,27.815373497648217,15.754484645102993,13.552992514902723
2003-09-29,132.66,28.279117743676185,15.720573561478272,14.666760823232115
2003-09-30,132.57,29.174214147400527,15.746748891309725,14.205951674671413
2003-10-01,132.43,29.254372379877235,15.752036198336535,14.021916753524218
2003-10-02,133.32,28.791070647267492,15.736333263487142,13.56891434991576
2003-10-03,133.46,28.35663730001652,15.728939264734564,14.002489424553012
2003-10-04,132.89,31.164992891733743,15.755624113749931,13.974033642418238
2003-10-05,133.29,28.111884700156732,15.749932607722462,13.9376419998898
2003-10-06,132.57,28.31713825124541,15.754274350400417,13.924463402020317
2003-10-07,132.41,28.278542382173455,15.751712665116377,14.197173606133328
2003-10-08,132.46,29.56811705184694,15.760489353318668,14.192949723405995
2003-10-09,132.67,28.099159799523907,15.742384133461744,13.863329934275217
2003-10-10,133.04,30.44629105254256,15.761558832104114,13.883815516212994
2003-10-11,132.87,30.298923141708492,15.738696665425275,13.898876986964401
2003-10-12,133.2,27.386006652644195,15.754526490632362,13.92247796090565
2003-10-13,132.73,28.46325867699904,15.728820070469734,13.84805938457616
2003-10-14,132.86,27.778754551824743,15.748778801670161,13.984255719169624
2003-10-15,133.37,28.75839771050693,15.764225517209026,13.890283295288546
2003-10-16,133.62,28.34073789530303,15.7588373236939,14.346356531045497
2003-10-17,132.8,30.413320840095363,15.74126818991468,13.982392642896425
2003-10-18,133.46,28.688319870324424,15.743685857572135,13.855462300568675
2003-10-19,133.56,28.359169227619358,15.746072807433034,13.979583626801944
2003-10-20,133.04,29.129979331466863,15.751693337632553,14.317485525672504
2003-10-21,133.7,29.236221511660844,15.746058954025626,13.907872539964597
2003-10-22,133.66,29.831696634533394,15.74797871463788,14.129291298748207
2003-10-23,132.89,28.50225401994668,15.79120680482606,14.183316773671688
2003-10-24,133.14,28.308513390720687,15.738578989530646,13.776974382099153
2003-10-25,133.7,28.33557784044841,15.736931549253335,14.46073654542302
2003-10-26,133.75,28.88631256601742,15.750750843237192,13.987609359706584
2003-10-27,133.9,27.728602355009215,15.717016403827609,14.378854388151568
2003-10-28,133.44,29.48576814653098,15.754161241721356,13.74610977560212
2003-10-29,133.05,29.836982353966402,15.732530194763028,14.170843916135405
2003-10-30,134.51,29.046569104068322,15.751204156597542,14.102555837907135
2003-10-31,133.87,29.21639433904999,15.76471860473345,14.062293038173742
2003-11-01,133.81,30.681594694462156,15.769419951937936,13.845587660742503
2003-11-02,133.73,29.294679931814958,15.72585098400586,13.670933819563125
2003-11-03,133.3,26.919596770290816,15.766282457861346,14.17738624146528
2003-11-04,133.5,28.6884300385056,15.742254746984417,13.905358132683384
2003-11-05,133.15,27.709763634042485,15.75773914181931,14.208337413653766
2003-11-06,133.55,29.02836100853568,15.765700469745273,14.146584481789466
2003-11-07,133.26,27.6835323353332,15.757283031999895,14.093934160001275
2003-11-08,133.89,28.914248581196404,15.757671939049139,13.826482524860783
2003-11-09,134.35,29.484953217683497,15.772469583502485,14.251439448002383
2003-11-10,132.8,30.753508511242373,15.747440144051232,13.918917226834486
2003-11-11,133.78,27.66844308945214,15.745667715704009,13.975247320365984
2003-11-12,134.34,28.466959438679453,15.770848078246537,14.469416103632465
2003-11-13,133.95,28.75476147259535,15.725442458725986,13.651254026198844
2003-11-14,133.33,28.31777536162474,15.741510244136924,13.894772768993045
2003-11-15,133.73,28.076248950964963,15.719756301655655,13.860891016227612
2003-11-16,133.65,29.234981412104126,15.724251371669572,14.384557420295081
2003-11-17,133.52,27.95797592365909,15.753707167913543,14.280578187379263
2003-11-18,134.4,29.229475078284114,15.75580181739185,13.815394422948353
2003-11-19,133.99,30.197392224697108,15.740328021924896,13.566658695507796
2003-11-20,134.4,28.443833837073765,15.773745904982809,14.079897813619997
2003-11-21,133.69,28.908247841328603,15.74907287015336,13.94596311440793
2003-11-22,132.81,28.21548628529407,15.74846659088516,14.09495415731766
2003-11-23,133.93,27.52156477462769,15.791001536018221,14.103073532563013
2003-11-24,133.59,28.83845714046673,15.737368167812262,14.250406737059706
2003-11-25,134.96,28.031307326074536,15.745707026320263,13.57998660417279
2003-11-26,134.83,29.99907108014429,15.725649220259307,14.160143985826494
2003-11-27,134.03,29.256735636714538,15.745696649286941,14.026932300177712
2003-11-28,133.92,29.74510476213747,15.74675056749084,14.437831713713175
2003-11-29,134.47,27.0059468646006,15.732738842926327,13.93409647688892
2003-11-30,133.78,30.15858547716173,15.775167678877875,14.461773816963296
2003-12-01,133.61,30.084004217871588,15.79070780523212,14.00801544383362
2003-12-02,134.62,29.628283801147926,15.736446577679503,14.22607637174455
2003-12-03,133.75,28.680273214217596,15.742928011720169,14.037704775889129
2003-12-04,133.76,27.974609433546092,15.723615400026773,14.192774925637755
2003-12-05,134.7,28.840298676600298,15.756345758340867,14.15273206386021
2003-12-06,134.31,29.83717975791171,15.742551417184238,14.583675157139675
2003-12-07,134.69,30.1006648551039,15.75474842350018,13.591999111314756
2003-12-08,134.3,25.96956295525289,15.76163075365939,13.935571469662696
2003-12-09,134.82,30.098733004530477,15.722418421863253,13.849644939952617
2003-12-10,134.83,28.95416587068443,15.748634695372905,13.494394369786605
2003-12-11,134.23,29.267843243909873,15.77541327600984,13.144043972699011
2003-12-12,133.94,28.547893821434908,15.745996779215021,13.782303427528783
2003-12-13,133.7,27.79514065276035,15.725235649748267,14.454016568872955
2003-12-14,134.0,30.83800394911782,15.74295101886728,13.990676262426662
2003-12-15,134.58,31.143943517906695,15.788163185870966,13.770728892733334
2003-12-16,134.46,30.49532431840193,15.733542633789225,13.538691368363915
2003-12-17,134.67,28.573101095061887,15.755083939632298,14.280081491894943
2003-12-18,134.7,27.286256264017318,15.755717423057456,14.630587730821315
2003-12-19,134.55,29.591991491590328,15.737157312308064,14.107969454172173
2003-12-20,134.21,29.19282784169271,15.761958374118665,14.089604426323858
2003-12-21,134.51,27.818749326035633,15.762019484989365,13.756748489817294
2003-12-22,134.6,29.376065487528177,15.766860613896576,14.265270250526322
2003-12-23,134.93,29.78244667627023,15.752485052281056,14.132989858927116
2003-12-24,134.62,27.945216760603266,15.744526237045962,14.346129420306381
2003-12-25,135.04,29.775213524738245,15.769006182157543,13.707423284053366
2003-12-26,134.39,29.371602424052842,15.76796674342793,14.17192179051967
2003-12-27,134.65,28.43914825197849,15.707724118554255,14.480662819147556
2003-12-28,133.84,29.11613854492368,15.753078048639079,14.039894741624652
2003-12-29,134.24,27.09406256771873,15.744538527545373,13.81376412686149
2003-12-30,134.74,29.203239219999386,15.769177331963233,14.149589145336911
2003-12-31,134.77,28.47174889057959,15.747129098447266,13.519873948521328
2004-01-01,133.97,38.06379389491731,14.978397666933047,15.073389146991415
2004-01-02,134.86,38.34797507465222,15.025491400517264,14.72010496968501
2004-01-03,134.82,37.88853781789571,15.00106313748679,14.696488999555934
2004-01-04,135.17,37.84421396903266,14.97941758702049,15.303851543502232
2004-01-05,134.71,40.23787031239757,14.998242478844551,14.577159356782472
2004-01-06,134.92,37.55377570970437,14.997094647333455,14.82222244701045
2004-01-07,134.49,40.00376737642809,15.005859249700414,15.16462652418637
2004-01-08,134.69,38.10617407632006,15.009316735149458,14.747007081008672
2004-01-09,134.31,37.00704354268711,15.02021317778087,15.712497444520281
2004-01-10,134.86,38.59612669969281,14.97825019962443,14.796070660916682
2004-01-11,134.87,36.84637754848951,15.003704010816628,14.620878986950604
2004-01-12,134.48,38.193835715644184,15.003651419977812,14.973888213856279
2004-01-13,134.52,38.93260393293259,15.000441822801493,15.046860307074484
2004-01-14,134.42,39.3262235784222,14.98742611758915,15.231504777842575
2004-01-15,134.66,37.27607529002242,14.991956007969439,14.824060793400607
2004-01-16,133.91,38.44184446985255,14.979817889504794,14.893629600291058
2004-01-17,134.43,38.10923107852134,14.982036333794637,14.727736615019964
2004-01-18,135.22,36.806902489975236,15.00469414186283,14.394789635314403
2004-01-19,134.93,40.18674431695097,15.012666020350874,14.272502433553864
2004-01-20,134.29,37.87313895013416,14.992960328054517,14.973558059847031
2004-01-21,135.05,37.48811840304331,14.998065536415858,15.299461391023216
2004-01-22,135.07,37.968939660847184,14.993992251495571,14.77012010827691
2004-01-23,135.16,38.7455822302578,15.00789636207787,14.705084847333483
2004-01-24,134.92,37.61144975432796,15.00651249769691,15.063008711016227
2004-01-25,134.65,36.06393987104309,15.009536588120472,15.103759089935494
2004-01-26,134.06,37.57076700070239,14.997857482403704,15.131505591594639
2004-01-27,135.04,37.74430286757936,14.979536349123304,14.734276087048737
2004-01-28,134.18,37.41827812118917,15.0074982739773,14.69823872687234
2004-01-29,134.43,36.772839115002036,14.974838135766465,15.346350608893138
2004-01-30,134.51,39.57564293582506,15.000157427393082,15.223439863250391
2004-01-31,134.84,39.21437720932685,15.013490082127085,15.306170901813504
2004-02-01,134.61,36.63231999405712,15.0056175519258,15.088206859037019
2004-02-02,134.34,38.28001180847336,14.9893924983169,14.837667713507576
2004-02-03,134.28,37.443004722937694,14.98815021531654,14.521550589875647
2004-02-04,134.13,36.954246753379984,15.002975333128932,14.326287932444336
2004-02-05,135.01,39.573604782366886,15.020231966696192,15.274509717327133
2004-02-06,134.11,38.648038223927,15.002372426902731,14.799587766765942
2004-02-07,134.3,37.24555555001196,15.013325345780212,15.42426578050253
2004-02-08,134.27,38.92683825438884,14.983475248191601,15.611283636239941
2004-02-09,134.04,38.85251431402744,14.996473201812146,15.077173024321814
2004-02-10,134.07,37.332496531251515,15.011890586816454,14.735522582783595
2004-02-11,134.49,40.64797541895781,15.002055346357073,14.974343238627846
2004-02-12,134.5,38.57015413941222,15.007390988879292,14.855537069294904
2004-02-13,135.25,36.17887020535099,14.977917455431903,14.920833095945959
2004-02-14,134.27,37.85107763694175,15.008444395742966,14.506841175771193
2004-02-15,134.4,36.866744058266555,14.979858671767163,15.319065548298006
2004-02-16,135.09,36.914838825545004,15.003178277490544,16.09126641389676
2004-02-17,133.94,38.1865085744245,14.985440199266211,14.825095263793758
2004-02-18,134.39,38.08229253456286,15.014387204770259,14.941371362167747
2004-02-19,133.84,37.73068775139493,15.021443414180439,14.792487267209237
2004-02-20,134.47,36.99749649223722,14.986270890840792,15.074773546071956
2004-02-21,133.9,37.94112309496891,14.974116827634168,15.51903853192927
2004-02-22,133.89,39.64960889757309,14.999241017863008,14.621910592579784
2004-02-23,134.29,38.686987547584316,15.00631620150396,14.91957780862173
2004-02-24,133.82,38.62929168435046,14.991178945972365,14.948059705136224
2004-02-25,134.63,39.601493032402004,14.981673161997614,15.55763453368551
2004-02-26,134.29,38.07228318216425,14.981803914026713,14.831466322629618
2004-02-27,134.42,38.84712383822622,14.989049711278616,14.751689844626029
2004-02-28,134.11,37.82170701556889,14.992526353741843,14.85483328909445
2004-02-29,133.95,39.54220061914971,14.998611143236651,14.990240903706141
2004-03-01,134.82,38.87993253022389,14.979507970036613,14.98181457781732
2004-03-02,134.03,39.257775300459826,14.977401498826294,14.758640079471705
2004-03-03,133.42,36.773798786449575,14.980778803915612,15.846691173867134
2004-03-04,134.02,37.49708765166103,15.002534259867598,14.840424540366511
2004-03-05,134.83,36.994119256093725,14.976843634458621,14.715963292895276
2004-03-06,134.09,39.306722576001526,14.997581235936265,15.263003546762995
2004-03-07,133.64,37.063228567850615,15.017450333352919,15.264097315961411
2004-03-08,134.26,39.39825079836174,15.00169260239135,14.853446237632179
2004-03-09,134.07,38.383310828868424,14.983318754078143,14.78188566024834
2004-03-10,134.37,38.84928730803474,14.987995074693117,15.030350178209408
2004-03-11,134.42,38.41357776918289,14.994138206829106,14.814940868869755
2004-03-12,134.11,38.071251952336276,14.976526912335043,15.179810771406643
2004-03-13,134.71,36.95436477974812,15.00227678473553,15.251520777078435
2004-03-14,133.76,38.20873044152459,14.954639406119618,15.256922575655876
2004-03-15,133.62,40.31767722288191,14.986439211371042,15.42375745136897
2004-03-16,134.19,38.38626181828839,14.99781095842779,15.094442107190154
2004-03-17,134.1,39.445388500942585,15.003620883984572,15.031664064811185
2004-03-18,133.83,37.59732203693481,14.99492998656748,14.833561704665856
2004-03-19,134.05,38.284544641904574,14.986442087919924,14.862687595350861
2004-03-20,133.41,38.40010005817264,14.993529288614484,15.09389118439666
2004-03-21,134.16,38.414413776334534,14.988344680608387,14.98982810429954
2004-03-22,133.96,39.131946210495954,14.992157539718983,15.072988107473794
2004-03-23,134.69,38.36613444398353,15.009675996406992,14.983388396323264
2004-03-24,133.69,40.12201531157522,14.988696712688123,15.637854692321596
2004-03-25,133.86,37.73882545293405,14.973782825738361,14.866131642372
2004-03-26,133.76,38.93607740996648,14.987030695045169,14.576035866292843
2004-03-27,134.22,38.31462137094429,15.016776269017317,15.139840356582518
2004-03-28,134.92,36.39298455242371,15.00190352493258,15.069685953524695
2004-03-29,134.3,36.752119338569244,14.989835184172328,14.900998870427724
2004-03-30,133.9,38.12188183957166,14.974860740423443,15.485479179885473
2004-03-31,134.1,38.67157845286292,14.983107453798835,14.595512598004387
2004-04-01,134.1,40.49612670528997,15.005152036767232,14.746045820702001
2004-04-02,134.01,38.35977180047416,14.986729315763965,15.017916055222992
2004-04-03,134.0,37.877418359238156,14.99213599326703,14.584615396520237
2004-04-04,134.19,38.69734917540671,14.997990751540078,14.672070255893503
2004-04-05,133.24,38.99903377772025,14.983071855676418,14.77533868660764
2004-04-06,134.65,37.797327369115614,15.032514310171708,15.48154114707356
2004-04-07,133.62,38.1335727258057,15.003266733883821,14.397427666258361
2004-04-08,133.66,36.3537434940239,15.01523071743897,14.887285690422328
2004-04-09,133.7,38.028787389805544,14.976225602679317,15.562584250750763
2004-04-10,134.16,39.12701947112554,15.021712442662166,15.591738201273333
2004-04-11,133.19,37.81611828402227,15.022504790156365,15.340572253042057
2004-04-12,133.83,37.22622793237243,14.97195729454642,15.121199458877534
2004-04-13,133.53,37.63509436729907,14.993850760485778,14.889893208290143
2004-04-14,134.93,39.334618830619775,14.976133672786492,14.683788419061298
2004-04-15,133.04,36.93243946342057,14.980210773827732,14.395399262577124
2004-04-16,134.01,37.78292498246578,15.010109369510838,15.023740393860258
2004-04-17,133.9,40.24019598018198,14.983894335022576,15.198469477604352
2004-04-18,134.41,37.239038253635826,14.969432260808519,15.203780231130233
2004-04-19,133.87,38.409334124928016,15.019522799542706,14.74572687427873
2004-04-20,133.48,38.58467759706738,14.994861094070863,14.868957589951044
2004-04-21,133.18,39.459186796359994,14.995422262162025,15.32822599121192
2004-04-22,133.34,37.77297819577511,14.984955684497216,14.93485874037099
2004-04-23,134.24,39.0544731562154,14.998334634167703,15.138572212003053
2004-04-24,133.97,39.5350115440322,15.013542068096337,15.241501196639057
2004-04-25,133.96,38.88794868430407,14.987999501798388,14.94775097806585
2004-04-26,133.45,39.559629016446195,14.992456179701598,15.182380425105661
2004-04-27,134.7,38.68609879720152,15.001323448629371,15.072544835710193
2004-04-28,134.17,38.70255071958922,15.01110772554682,14.628190611504413
2004-04-29,133.21,39.31976245226234,14.983448032674566,14.689124691766597
2004-04-30,133.09,36.39871571458808,15.011271593086994,14.537581098791032
2004-05-01,133.49,37.916616147409705,14.981802777961766,14.854261376373483
2004-05-02,133.79,37.49936633245039,14.988981835627232,15.043174473424605
2004-05-03,133.33,38.565250120264274,14.977643139940056,15.197110942708873
2004-05-04,134.47,39.44129683088379,14.987815857551855,14.688630150150612
2004-05-05,133.31,38.2685095883691,14.993355727890325,14.966441913075759
2004-05-06,134.1,38.97870957134023,14.982886815997952,14.495351408892724
2004-05-07,133.15,36.96548452174918,15.024186073378216,15.548972126610497
2004-05-08,133.99,38.382378915085155,15.027313822723197,15.017280470257875
2004-05-09,133.45,36.96276959289414,15.005103538887665,15.344311126870528
2004-05-10,133.52,37.31589847797615,14.963769811972202,14.955199678246643
2004-05-11,133.6,37.86035727326091,14.998349431483435,15.464307587104742
2004-05-12,134.15,39.009468013003335,14.997081421249037,14.349561982829075
2004-05-13,133.35,36.895792779812275,14.993015246180217,15.311077069703472
2004-05-14,133.52,38.94291632954677,14.981561072055229,16.008798900739446
2004-05-15,133.63,36.06104237949084,15.001571009030053,14.567198020818969
2004-05-16,133.21,39.91012481111882,14.983355001721527,15.059845035679524
2004-05-17,134.1,38.60337594707224,14.982359222699174,14.691921849328585
2004-05-18,132.72,37.83844727392723,15.000024586193055,15.203956419108797
2004-05-19,134.33,39.00752216174166,15.011115024837416,15.115718838183163
2004-05-20,133.87,39.94300793462578,14.98691587412347,15.134548778070936
2004-05-21,133.24,39.64535436621571,14.982787183996246,14.794170454094893
2004-05-22,133.67,38.610224877597574,15.007096851310306,14.905857779223387
2004-05-23,133.84,40.4260364525928,14.990182708649018,14.59052385819615
2004-05-24,133.64,39.23691555853678,14.987912825083653,14.878578218974187
2004-05-25,133.9,38.342587593035475,14.989892474043899,15.182005652850336
2004-05-26,133.43,37.807439170508594,15.00314052561317,15.3603741218429
2004-05-27,133.63,39.07077270255229,15.023185584716952,15.272535084588176
2004-05-28,133.84,39.686472053046955,15.00077343069003,15.616507965817785
2004-05-29,133.81,38.43433531575974,15.018872694349161,14.951865765474015
2004-05-30,134.8,36.88610552463314,15.023310206597225,14.857536829941361
2004-05-31,133.12,38.72191280831053,15.019058122391543,15.3672513862465
2004-06-01,133.78,37.98509358958235,14.996655931852125,14.739204844316266
2004-06-02,134.01,36.672632504911725,14.989247041913153,15.068255994890924
2004-06-03,133.39,36.61028640015806,15.010995061289886,14.836390941323081
2004-06-04,133.65,39.26994473410457,15.00699931185762,14.542208330708169
2004-06-05,133.35,37.01592952672036,15.003923775423203,14.788085703608473
2004-06-06,133.73,38.599947714456846,14.985232129613198,14.971053973837746
2004-06-07,133.57,39.4726389603348,14.971114051217821,14.96298103195272
2004-06-08,133.7,37.04985916013894,14.98891038260044,15.185595742110184
2004-06-09,133.53,38.349825283162744,14.986903914557587,15.165146609792963
2004-06-10,133.49,36.088569122246234,15.011967420505357,14.849051184805656
2004-06-11,133.36,37.14485776963165,14.975408633991503,14.818539973376687
2004-06-12,133.0,36.52842003795497,14.993690388281514,14.900937244241327
2004-06-13,133.51,39.268245125523535,15.015423988688084,14.994937729984516
2004-06-14,133.05,37.58823647639764,14.993765987980977,14.804022202141518
2004-06-15,133.16,37.02606245454243,14.995624707895217,15.566944122038976
2004-06-16,133.63,39.33869879065764,14.993785685923777,15.6987040445751
2004-06-17,134.08,37.4548975381121,14.991519931480774,14.918579594381626
2004-06-18,133.33,38.416275873520405,15.001854702821541,15.538372444073683
2004-06-19,133.32,38.586134438107266,15.016494047527203,15.231630195847986
2004-06-20,133.02,37.863695152286404,15.024389507734677,14.912094264905614
2004-06-21,133.86,37.96319302911536,15.010242835543979,15.093399007647948
2004-06-22,133.1,37.610612885149706,14.98314276784281,15.246548986735421
2004-06-23,133.24,38.419743432374574,15.021662516094361,14.685349372543298
2004-06-24,132.83,38.61444414779755,14.986887259271763,15.063076323096151
2004-06-25,133.26,39.20543618806271,15.013936998656664,15.047277485720526
2004-06-26,133.5,39.16880004714525,15.012823032110038,14.988645661209738
2004-06-27,133.53,36.23180025778781,15.029341516177261,14.712597753454823
2004-06-28,133.31,39.028966346470064,15.011521201174288,15.005459351850337
2004-06-29,132.78,39.01475676695075,14.998746952703662,15.015549491006128
2004-06-30,132.91,36.33173505721374,15.02629205673354,14.839552343199331
2004-07-01,133.2,38.825362610893656,15.007374688535728,14.578058358194117
2004-07-02,133.77,38.11110768454377,15.019991261673496,14.910863054824121
2004-07-03,133.25,38.97567926742118,15.013852624650138,14.567542263750031
2004-07-04,133.24,37.95314553180842,14.989498689243684,15.34219285752591
2004-07-05,133.23,37.647375265007675,15.002649901924102,15.331196948729946
2004-07-06,132.79,38.78898289450894,15.008785962891531,15.054225988848017
2004-07-07,132.67,37.10582863521846,15.019640263421003,14.60499828489594
2004-07-08,133.53,37.79651330048847,14.99411404818211,14.822132408893175
2004-07-09,133.8,38.86119548740251,14.98440148720188,15.282092602786774
2004-07-10,133.11,39.71347587332396,15.002624391453354,14.791201421315094
2004-07-11,132.54,37.61224132101229,15.032288747232514,14.653962510573876
2004-07-12,133.11,37.456345384895855,14.984294700015507,15.134459527760312
2004-07-13,132.72,38.97644574501688,14.989832586078899,15.399665741001991
2004-07-14,133.0,38.50009993903051,14.997809552043368,14.835362784559388
2004-07-15,132.74,37.44125004689963,15.026096602482435,15.406255622843263
2004-07-16,133.24,37.35168416339959,14.979179323842233,14.960568740289332
2004-07-17,133.54,38.46800538682728,14.991104274586698,14.925183203480364
2004-07-18,132.06,39.507025371032015,14.99170008137435,14.494673600897563
2004-07-19,133.19,37.429725039377665,15.0238109727102,15.295395363239994
2004-07-20,133.8,37.94604170824396,15.008979724093583,15.158130663133102
2004-07-21,132.39,37.12700391240724,15.017526068307797,15.02493570163193
2004-07-22,133.3,38.22166729994361,15.01427342207803,14.984993313404646
2004-07-23,133.39,38.28439991657153,15.004527030120864,15.265436647968155
2004-07-24,133.42,38.05533271853322,15.02131186649982,15.529922775226474
2004-07-25,133.15,37.749688092945846,15.006344965183436,15.188022508784826
2004-07-26,132.16,37.73797792521392,14.999206254622177,15.014334638424538
2004-07-27,132.48,39.0026616386738,14.994945589138332,15.03519697068141
2004-07-28,133.56,37.730542083868016,15.013690380041353,14.537041815119505
2004-07-29,132.38,38.91345435170446,14.992919069355452,14.71403891228451
2004-07-30,132.34,37.95092320819499,14.986745081742658,15.167602371634006
2004-07-31,133.79,39.59049064280403,15.01523253587049,14.569918048529681
2004-08-01,132.49,37.18475998488693,14.980894109621822,14.960056337384417
2004-08-02,133.06,38.10762033642866,15.00093021009051,14.45184447317055
2004-08-03,132.33,37.96987634712614,15.0072374919019,15.301411233866924
2004-08-04,133.04,37.77324776390051,15.006209471844942,15.272681861524807
2004-08-05,133.21,37.919275660822414,15.015647174647889,15.503336429041203
2004-08-06,133.44,38.465715251285694,14.9993667860071,15.220639782978946
2004-08-07,133.09,38.8170528226342,14.987154438565046,15.277387944031261
2004-08-08,132.61,38.84219109789777,15.00645104099581,14.792117525040162
2004-08-09,133.23,37.2457869842869,15.010915250261345,15.32964379820241
2004-08-10,132.51,38.03718850267966,14.983342069243749,15.125043738362164
2004-08-11,133.62,37.226885790717915,15.006269726555407,15.185864345963722
2004-08-12,132.57,38.62511558151715,15.001454597527562,14.746378952553242
2004-08-13,132.35,37.54126319820271,14.964769067476663,14.952536118880511
2004-08-14,132.51,39.30235749201909,14.996585452733296,15.150758629316744
2004-08-15,132.57,39.21270018473191,14.996301181309471,15.043832397401596
2004-08-16,132.56,39.002400995245935,14.996110549701893,15.303951824381597
2004-08-17,132.69,38.82175438426712,15.024820117386797,14.839891141100205
2004-08-18,133.75,37.936494552128934,15.01719004983089,15.336546379359707
2004-08-19,132.94,38.00950262833419,14.983002939011973,15.11384656932078
2004-08-20,133.23,40.792479667115025,15.007299546290394,15.11464526563742
2004-08-21,133.15,37.52728182879973,15.01035858843447,15.418730505067316
2004-08-22,133.68,38.21300976413261,15.002870455519297,14.737042962568628
2004-08-23,133.21,39.37483870787156,14.999110267112005,14.765635805135338
2004-08-24,132.79,37.962068334275244,15.028380725915552,14.486398515079932
2004-08-25,132.37,38.27684414433002,14.991581125736644,15.250666495429922
2004-08-26,133.46,39.2177491850033,14.983033928265318,14.974348644367394
2004-08-27,132.31,38.403919054131315,15.02163933673047,15.342539615423457
2004-08-28,132.22,38.66121288723357,15.024377597300253,14.986019899132923
2004-08-29,132.92,38.81148008755978,15.001580390850277,15.013983348466466
2004-08-30,132.18,37.03479875103773,15.002666171617257,15.022888653604598
2004-08-31,132.2,39.589388331177986,15.024560912628973,14.954289650464727
2004-09-01,133.02,38.572637031005605,14.994172592558574,15.11491811388939
2004-09-02,132.66,37.31966805672678,15.006511245844939,15.361531861838657
2004-09-03,133.19,37.28774140728367,15.001763550504958,14.770644659602992
2004-09-04,132.88,38.07069488178402,15.001772787564557,15.350926041181225
2004-09-05,133.03,40.06749134966353,15.010899849506833,14.825644702688914
2004-09-06,132.1,38.43290640228493,14.967598694288855,14.761751480025596
2004-09-07,132.26,35.480338690813774,14.996240971074092,14.957223618330689
2004-09-08,132.06,37.25793582023796,15.00053138041304,14.335297815108198
2004-09-09,132.15,37.28211953306231,15.015992869208224,14.903495307386642
2004-09-10,133.05,38.765370754975244,15.008746879370035,15.085245369270776
2004-09-11,132.76,36.19825456261063,15.01082277826227,14.524182185419763
2004-09-12,132.38,36.82765214633317,15.010382729040774,14.847838964665776
2004-09-13,132.86,40.39799835882608,15.000605528131187,14.90629983532254
2004-09-14,132.37,37.62230593952381,15.010283799256156,14.767610873292975
2004-09-15,132.37,36.4942601161852,14.980306055501144,15.060587144494777
2004-09-16,132.95,39.75285242889843,14.975168874142163,14.756786641771553
2004-09-17,132.5,38.55144189643828,15.015451898353747,14.706055254034885
2004-09-18,132.35,38.66383708679959,15.013011885028243,14.998067173013036
2004-09-19,131.75,37.52752084761338,15.004374361100927,15.182039822493154
2004-09-20,133.16,39.85708294367278,14.984653873873754,14.948432065282534
2004-09-21,132.52,38.360776392622284,14.993260337172025,14.297257376454523
2004-09-22,132.28,38.86451853687263,15.012785702978908,15.316955103177175
2004-09-23,132.15,38.98985735141367,15.008859987165524,15.257615261344135
2004-09-24,132.4,40.233443083561184,14.96960862959958,14.69490689929551
2004-09-25,131.9,39.00814816926599,15.026450456382813,15.237733905845102
2004-09-26,132.85,39.139930023314385,15.001655787225172,14.757346757902354
2004-09-27,132.93,39.16625726352458,15.007704945985187,14.976053083599494
2004-09-28,132.6,40.728415686206674,14.99552534874432,14.861196590645445
2004-09-29,132.22,36.6209028997196,14.983974698753238,15.411219563430272
2004-09-30,132.36,40.97082382491856,15.006917712864979,15.026161006218482
2004-10-01,132.21,39.06030289666184,15.00364707360187,15.124871078170552
2004-10-02,132.55,39.253208205315,14.973067459571249,14.266044948381593
2004-10-03,132.26,37.77304790401719,15.022987180249807,14.874927386891835
2004-10-04,132.18,37.213421767513054,14.982803402927283,14.99905708344556
2004-10-05,132.05,38.2024616717486,14.995812101113211,15.870069370975832
2004-10-06,133.05,36.66087414000239,14.989619591520189,14.47676034464581
2004-10-07,132.46,37.254472710979734,15.02331909910977,14.586007067501932
2004-10-08,132.44,38.72932684414523,14.97234824397042,15.01741954715776
2004-10-09,132.15,39.506620241286804,15.00068711638533,14.559815349473377
2004-10-10,133.46,38.55906435435768,15.023373782203,15.026033762920031
2004-10-11,132.34,39.203994868916446,15.008308896005854,14.623221951181668
2004-10-12,133.65,37.53382564031253,15.003036040927581,14.664678863635542
2004-10-13,131.84,35.72154383405934,15.003499815484895,14.90763349610474
2004-10-14,132.48,36.42867897381999,14.996322260206503,14.74708474485874
2004-10-15,132.07,36.83473811156214,15.024553167305697,15.216524182640551
2004-10-16,132.49,38.730902629542996,14.980044643558367,14.862438449613522
2004-10-17,132.3,40.57931657239893,15.010987850821918,14.98077335045129
2004-10-18,132.07,40.39478093881788,14.998679310972532,15.184566555846912
2004-10-19,132.58,38.28468167516026,15.013476647576903,15.242472902894423
2004-10-20,132.26,38.02731421903096,15.01578235429838,15.045951629677297
2004-10-21,132.36,37.603401300909944,14.997517393787039,15.569617913470415
2004-10-22,132.4,37.00093001725678,15.001277433253783,15.386092267706191
2004-10-23,132.38,38.80116719554435,14.99767249316345,14.956763008264488
2004-10-24,132.7,37.99963012396905,15.002963261199001,14.768439871176883
2004-10-25,132.3,38.98137221059457,15.002987748307607,15.486748504584906
2004-10-26,132.83,36.958374682199484,14.98451175338257,15.041871282896764
2004-10-27,132.59,38.06563658123402,15.00196412644476,15.109442440297599
2004-10-28,132.59,39.37591978255949,15.020375220669198,15.014293493364585
2004-10-29,132.03,39.771515934231175,14.991541906564285,14.709165219332807
2004-10-30,132.48,36.60887460930655,14.997020447701775,14.97534492337551
2004-10-31,132.53,39.36644035162448,14.987011818037718,14.854152232238159
2004-11-01,132.26,39.437498173383126,14.981962089990175,14.540171190902646
2004-11-02,132.0,36.97234653321209,14.981211371896793,14.95138660148023
2004-11-03,131.67,37.27895594801838,14.991165293108905,15.28031167227977
2004-11-04,132.93,38.1842950076494,15.02211622945147,14.890208819855728
2004-11-05,131.48,39.33203491264266,15.009402452744627,14.90962302924266
2004-11-06,132.05,38.59307284375389,15.001668545234892,15.217415793651021
2004-11-07,132.13,36.87849571592866,15.011555661166454,14.849015358220885
2004-11-08,132.92,37.93672872949346,14.98235943335976,15.147455224533953
2004-11-09,132.39,38.42682618219588,14.995571691986786,14.903250899480266
2004-11-10,131.97,38.40934987262609,14.992852987879434,14.688738018342939
2004-11-11,133.04,39.303295831928104,15.010719010589167,14.639799456103818
2004-11-12,131.32,39.52083816345072,15.004336041538771,14.951177804176687
2004-11-13,132.16,39.154203383033,15.009624886072057,14.961167270186893
2004-11-14,132.37,37.79300066324624,15.008589288023884,14.949070914555252
2004-11-15,131.56,37.02761639473746,14.990958915042858,14.88745128430326
2004-11-16,131.89,38.423418431669596,14.985188126467344,14.793828370322238
2004-11-17,132.07,40.37682013317953,15.00810346284284,14.967728875260146
2004-11-18,133.01,39.3730522356551,14.993289715342591,15.019120118951463
2004-11-19,132.19,38.83241930909098,15.016156252463038,14.670074657440434
2004-11-20,132.4,37.23833223863352,15.013975963931998,14.615301071104566
2004-11-21,132.49,40.230387422548915,14.979523268144042,14.812929265461106
2004-11-22,131.53,39.01607463118435,14.99896517714668,15.00203477758936
2004-11-23,132.7,37.02083486944753,15.002995959749073,15.14883717748789
2004-11-24,132.12,35.57596270500938,14.998200118367524,14.84780896824151
2004-11-25,131.76,39.50793853166702,15.024042083341048,14.867984329077512
2004-11-26,132.04,37.874160069761714,15.023509745853552,14.725900207735101
2004-11-27,131.71,38.861721032267916,14.955437177900398,15.091423148197286
2004-11-28,132.26,39.10086998866748,14.997513837739447,14.692453598166075
2004-11-29,131.89,36.52389194342046,14.994140376923308,14.693434795381473
2004-11-30,131.43,38.859188936595736,15.007654241128947,14.54185804871005
2004-12-01,131.22,41.275804204108304,15.015938055210466,14.787150676160275
2004-12-02,132.2,38.05219140233638,14.99877967572633,14.651070161370233
2004-12-03,132.34,39.995334075036645,14.989787937914631,14.965062788088572
2004-12-04,131.28,38.61510689750584,15.007572734477842,15.048727939497804
2004-12-05,132.37,37.26618899633573,14.99350599660295,14.705399416412458
2004-12-06,131.06,37.55406011439817,15.01230352320363,15.299382457473072
2004-12-07,131.51,38.227435949656815,15.00789880274731,15.08413903129432
2004-12-08,131.67,36.59725926460356,14.987815298314802,14.978986015702619
2004-12-09,132.22,40.153952918093026,15.019758850860045,14.81554793892933
2004-12-10,131.61,40.44525005216978,15.020236813227969,15.179286817096514
2004-12-11,132.37,38.11774174631153,15.005231559453721,15.034636306446483
2004-12-12,131.82,40.23399496870164,14.990157577667773,14.655979522555766
2004-12-13,131.63,38.625539256348944,15.004940853302815,14.968664711255919
2004-12-14,132.3,37.494332138892865,15.014457038393138,14.740059100632614
2004-12-15,130.98,39.61013538268579,15.011718754719263,15.351119102715806
2004-12-16,131.5,38.207042702154155,14.995446944191293,15.176162448079076
2004-12-17,131.85,36.162606581836016,15.014713293469923,15.093182227849823
2004-12-18,132.09,38.43316076093807,14.983890383616053,14.87804101170565
2004-12-19,132.0,39.933876812529626,14.98026357385445,14.963313386954319
2004-12-20,131.81,38.703291954393144,15.01521328441488,14.972345995809066
2004-12-21,131.22,38.075578927053726,14.987838641675605,14.461591227727363
2004-12-22,131.7,38.138885537164995,14.999427965153565,14.931731830898052
2004-12-23,132.11,38.38977851609796,15.005783971718769,14.640386156978288
2004-12-24,132.52,35.8243873913721,14.99066942328975,14.938871968988886
2004-12-25,130.87,38.134370349066614,14.985558061362985,14.992471727992395
2004-12-26,131.62,38.09194962775375,15.017069633809102,15.413934191057528
2004-12-27,131.67,40.04298685801344,14.999289138456664,15.025868794824646
2004-12-28,131.66,40.28326440557552,14.990111416569212,14.578925450245356
2004-12-29,132.5,39.34634650233479,14.997403818174702,14.79181420660138
2004-12-30,132.09,36.36707638660066,14.994888472356799,14.843343810070415
2004-12-31,131.48,38.61787957707015,15.039021721608847,14.539902962023822
2005-01-01,131.22,52.715716720037896,13.008332654511632,17.71774069690574
2005-01-02,132.05,54.76796764223416,13.03131979875112,17.634122216777325
2005-01-03,132.0,56.05865520336569,12.999092028325952,17.23271083338254
2005-01-04,131.63,53.868583354889836,13.01781111476626,17.86313331718276
2005-01-05,131.69,50.949176269040464,13.011120501448113,18.037719051183778
2005-01-06,131.5,55.35389999334117,12.992878225545311,18.142537777722165
2005-01-07,132.18,57.71779776984218,12.98835820058142,17.85884787153134
2005-01-08,131.67,53.933164091314936,12.98583124772521,17.262910860104913
2005-01-09,131.93,54.807520430540656,13.003533272671577,17.88002746768586
2005-01-10,131.74,53.76547683356277,12.980778098270658,17.740076648151827
2005-01-11,132.02,53.75090603719967,13.004226070724295,17.82476203662596
2005-01-12,131.29,53.412654584306075,12.986955604275083,17.95194677123903
2005-01-13,131.38,53.30339922502113,12.99679783891557,17.409425694843854
2005-01-14,132.05,54.299132816191985,12.995806895342712,17.61507403872457
2005-01-15,131.83,54.980700878775785,12.983810751193301,18.36932010430092
2005-01-16,131.62,54.182311121150946,12.985352535456741,17.39999117060455
2005-01-17,132.06,53.854228677198826,12.980154136706288,17.784239984787625
2005-01-18,131.68,55.599553954610485,12.979497452922587,17.26101857525833
2005-01-19,132.14,52.944438909560326,13.014965124234253,17.286315983451352
2005-01-20,131.08,56.713485482553295,12.988393924337375,17.559498834217607
2005-01-21,131.62,56.91202678428487,13.014193958470141,17.923918649032586
2005-01-22,131.1,52.38326917639004,12.977824233094294,18.0309256094119
2005-01-23,131.08,53.94990158184352,13.018644416009568,17.508546262008096
2005-01-24,131.5,57.791396347609485,12.977107147593877,18.170698102718973
2005-01-25,131.65,55.57600332700634,13.006933169174982,17.905633714570076
2005-01-26,131.75,55.70461864149409,12.993711164195815,17.549910036708006
2005-01-27,131.26,53.32866405081632,12.975838965535106,17.73177971900441
2005-01-28,131.51,58.03327153410444,12.97085012753397,17.294344641460565
2005-01-29,130.55,54.84823756207456,13.002989296751316,18.277808480692055
2005-01-30,131.05,54.48016930951205,13.007516185563073,17.743799713071404
2005-01-31,131.74,53.65457823317207,13.005834552705611,17.816276783530842
2005-02-01,131.76,54.05574304006293,12.992084915977687,18.313911589857618
2005-02-02,131.17,56.25466771528194,13.023362217095443,17.52467109233048
2005-02-03,131.13,54.16591718916364,13.007476691885397,17.847920424666707
2005-02-04,131.43,53.327781908582104,13.008438545912353,17.551995006498384
2005-02-05,131.66,54.90620112968853,12.994106666035579,17.390313368754484
2005-02-06,131.25,56.894141271866424,12.988443206998275,18.00004437999589
2005-02-07,131.53,54.743438701773535,12.983581943562566,17.57046236520144
2005-02-08,131.09,54.91493373287218,12.99957623920982,18.130642451446825
2005-02-09,130.88,55.24538340455509,12.999482989151062,18.145378425650474
2005-02-10,131.59,55.13886347392145,12.985230498900155,17.655583802473338
2005-02-11,130.83,53.787257751291584,13.001788898447339,18.03790741249272
2005-02-12,130.74,54.860528210480126,13.001800656062672,18.119332077798397
2005-02-13,131.99,54.1404077712817,12.984039212288764,17.906120867598485
2005-02-14,131.57,54.20980879463115,13.009351642832979,17.716289536376927
2005-02-15,130.73,54.92344679009747,13.010076105402062,17.958178849986428
2005-02-16,131.37,55.09310856815742,12.98893859251915,18.092531399577
2005-02-17,131.95,54.26130163054157,13.002304648636528,17.57419859675803
2005-02-18,130.98,54.28728607047266,12.996945235058332,17.729655265104434
2005-02-19,132.13,53.2459282652272,13.002380585591185,18.505877313537976
2005-02-20,131.03,54.351189672472024,12.995538727256788,17.82207811586271
2005-02-21,131.39,56.70744474719116,12.9899032613604,17.397932085794515
2005-02-22,131.68,53.8838582883742,12.997288478874028,17.915193352709043
2005-02-23,131.01,52.1263909566061,12.998990118533417,17.91029760582548
2005-02-24,130.96,54.93933318275229,13.004292399784115,18.008186719114022
2005-02-25,131.37,55.34965947379797,13.022123583896398,17.958458414983635
2005-02-26,131.83,56.02401339327655,12.992889858595888,18.018938468886184
2005-02-27,131.2,53.48743682042944,12.99206880073052,17.70550812332117
2005-02-28,131.36,53.52128028191725,13.016248734679642,17.152463327467753
2005-03-01,131.48,55.85292956710949,12.998249784525038,17.6148016717682
2005-03-02,131.79,53.28143934086095,12.992097095008004,17.911208299150477
2005-03-03,131.19,56.36213743867274,12.991834467440267,17.635990462556173
2005-03-04,131.16,53.49823282895318,13.005872564187863,16.931179317101112
2005-03-05,130.76,51.80246959945507,12.979913336294091,17.435650820328178
2005-03-06,131.29,55.41687248261189,13.008918125000815,18.505031958165436
2005-03-07,131.67,52.75204315101556,12.995389386445746,17.604872110344402
2005-03-08,131.03,54.67512469025072,12.994676346772136,17.56286732446093
2005-03-09,131.02,54.86228469851825,13.002398137649273,17.884061322982745
2005-03-10,131.36,58.14560937414116,12.986605197600296,17.69061795798568
2005-03-11,130.73,49.97421943250256,12.981354822170845,17.92470273136848
2005-03-12,130.98,53.09479795901322,13.002083806464244,17.537214351366245
2005-03-13,130.79,55.053207577057876,12.99789820347216,17.666487382393658
2005-03-14,131.63,54.4874775239878,13.005605174262273,17.310577260186673
2005-03-15,131.9,54.52503844762154,12.995830167472924,18.01503029410472
2005-03-16,130.64,53.81887885057217,13.004676053086836,17.89695292231807
2005-03-17,131.43,53.1344599735106,13.001123247453963,17.921225753721007
2005-03-18,131.67,54.513970689164275,13.014469032566597,18.17743831579725
2005-03-19,130.7,52.75538175930952,13.02304488649307,17.97457769977047
2005-03-20,130.85,54.45218625509851,12.997326841093917,18.10335550424442
2005-03-21,131.52,54.50632149156665,12.996663980483357,18.36324977340829
2005-03-22,130.9,56.15561587133812,13.019864299034865,18.131520635039823
2005-03-23,131.35,55.09271690503856,12.990408008745053,18.56434104081378
2005-03-24,130.5,54.748934624740095,12.994875042314634,17.603658723180352
2005-03-25,131.43,55.9570813483957,12.999781975443012,17.754835252171432
2005-03-26,131.5,53.022659362415546,13.017514866845218,17.845606573261815
2005-03-27,131.28,53.31706030416593,12.997809018255566,18.16117223011533
2005-03-28,131.12,56.001978762885564,13.012553255728207,18.238741813170712
2005-03-29,131.6,53.974514791320814,12.994421593704635,18.012342769508294
2005-03-30,131.38,59.32509511118118,12.987710513819387,17.842594473047686
2005-03-31,131.25,55.881433520683906,12.994768912927283,18.105378536766057
2005-04-01,130.61,56.32118113295395,13.016629675345307,17.58559294551944
2005-04-02,130.8,54.676965711298294,13.011091062545397,17.968327724736852
2005-04-03,130.63,53.69245467643477,12.999726600463665,17.882742470332197
2005-04-04,131.01,55.01029170248961,13.024678006048651,17.087531978045803
2005-04-05,130.93,56.06857354334006,12.99773362082882,17.88318547300099
2005-04-06,130.69,54.722621482229826,13.014005448236873,17.740363892156072
2005-04-07,131.05,51.667626633608286,12.99636503784784,17.448579165805523
2005-04-08,130.68,48.32809469522014,13.013646563982919,18.04569717381439
2005-04-09,131.24,56.25145559500795,13.011127998083738,17.83091859347677
2005-04-10,131.19,54.4262540399703,13.005901021052935,18.83013861235786
2005-04-11,131.01,56.416133482772196,13.024220691747711,17.78269349651931
2005-04-12,130.63,53.56920558045822,12.999931835261325,17.540457571545087
2005-04-13,131.69,54.23485732695666,13.003876189911615,17.95566178051616
2005-04-14,130.44,55.22239211779722,13.018399981896732,17.438936837954436
2005-04-15,130.86,53.04961229644082,13.0145359473025,18.270448573072006
2005-04-16,130.52,55.4236892692725,12.983439775622218,17.433807490165016
2005-04-17,131.58,56.57643530124135,13.012502327214783,17.74934155583143
2005-04-18,131.26,53.05017888926171,12.984738594470599,18.157130389549486
2005-04-19,130.93,54.5805518359613,13.006006789241033,18.36754395754227
2005-04-20,130.44,48.658530544239795,13.01683795816606,18.47170815757973
2005-04-21,131.4,54.72331173945822,12.984330290968458,18.23069799349446
2005-04-22,130.18,56.832851273377415,12.981764787281005,17.60340343106523
2005-04-23,130.58,54.21445417289679,12.995291688431253,18.276526544248973
2005-04-24,130.53,54.218012131423144,13.004134867000426,17.32457721343642
2005-04-25,130.32,57.90115691609218,13.017293957014148,18.28772373742328
2005-04-26,131.04,51.43548010055292,12.978797449902178,17.486081936617428
2005-04-27,131.03,57.51173676462732,12.968337242883768,17.999876425405116
2005-04-28,130.6,53.1571676469679,12.995293230127965,17.86642547648887
2005-04-29,131.34,55.90303070299003,12.990450509246818,17.285377873047278
2005-04-30,129.85,51.82519047987133,12.985265498163807,17.603417432382223
2005-05-01,130.77,54.27928342445008,13.002023340745238,17.667035173829348
2005-05-02,130.39,56.95568862029994,12.99074614754499,17.93608836478618
2005-05-03,131.32,57.69235693794338,13.002331695596002,17.182292997642058
2005-05-04,130.11,53.74594800439057,12.990611140658503,17.83912331999898
2005-05-05,130.46,55.390817471373055,13.003856346066614,17.942971837393138
2005-05-06,130.62,53.570064665182386,13.005064337553513,17.763606518584623
2005-05-07,130.55,54.64729114419251,12.98265055263358,18.37125847746356
2005-05-08,130.73,54.305564964072985,12.971809624297478,17.888470387210212
2005-05-09,130.6,52.8786088637662,13.009623072380212,18.092754403886868
2005-05-10,130.45,57.08819138437191,13.041075355162423,17.475601952465812
2005-05-11,131.16,55.169664757837516,13.011898382084976,17.225433483646864
2005-05-12,131.23,57.227767351227605,12.984245282522524,17.70180939005762
2005-05-13,130.48,56.20224940799769,13.00045075153874,17.79446243822506
2005-05-14,131.08,56.597883074337446,13.019674737833009,17.446872764300437
2005-05-15,130.21,53.310967552200076,12.99853838094096,17.102384087268668
2005-05-16,131.15,56.55584184349631,13.000666278546746,17.817753739769625
2005-05-17,130.95,52.363334093655546,13.006956414358575,17.450241366034078
2005-05-18,130.93,55.37373493548721,13.001317239638308,17.96431493794125
2005-05-19,130.64,54.766205978615304,12.99291805509696,17.573776845138198
2005-05-20,130.63,54.882159422467204,12.989014977786779,17.686387976763672
2005-05-21,130.62,53.74656575335705,13.023673817862473,17.042256089371087
2005-05-22,130.57,54.53116723312298,13.007965196562195,18.153477863921516
2005-05-23,130.79,56.55142103046351,13.001246253431113,17.453941918241984
2005-05-24,131.03,55.22231007355977,12.981541441523577,18.162447472264873
2005-05-25,130.84,56.59229585734894,12.987017830851832,17.77197640878592
2005-05-26,130.81,54.466496255051496,12.977043008667149,18.02688521090468
2005-05-27,129.98,57.20045686373983,12.998848288041927,17.59756020142281
2005-05-28,130.78,55.54433338388091,12.996675368240187,17.560285713222232
2005-05-29,130.61,54.56663947348166,12.981815334661077,18.331557397367515
2005-05-30,130.19,54.61161299203452,13.00919386884444,18.107461403627184
2005-05-31,130.9,54.64186790966872,12.999900497087566,18.046531616901717
2005-06-01,130.11,53.21422435026306,12.998347711200285,18.339217396749802
2005-06-02,129.65,53.06348082673142,13.00462711548902,17.547004129708572
2005-06-03,130.82,55.586558395174215,13.00759666088838,17.666675457946305
2005-06-04,130.73,53.817092639225194,12.975302238992377,18.470700879486603
2005-06-05,130.72,53.014152311879016,12.992710782309645,18.204597846249936
2005-06-06,131.11,56.26168498921682,12.980355627901073,17.46154274551141
2005-06-07,130.94,54.06287130909602,12.982677742990598,17.617758217730472
2005-06-08,130.16,56.3341186861341,13.00010078219588,17.724509306955404
2005-06-09,131.04,56.130648901200615,13.013633922987303,17.96024007962798
2005-06-10,130.14,52.668898182858086,13.003119024673586,17.850413255539124
2005-06-11,130.19,51.543265322697735,12.993854826736445,17.90917376414305
2005-06-12,130.47,53.518940966904815,13.016852199524951,18.04304494078683
2005-06-13,130.53,56.25379489769633,13.004973878315994,17.75360040136425
2005-06-14,130.16,54.89678985355286,13.02168161689469,18.319740985743017
2005-06-15,130.95,53.682773493881,13.013718777793601,18.299062220783842
2005-06-16,130.4,51.13439663301596,13.003523195733363,18.149118593362793
2005-06-17,129.52,53.46605561903729,12.98739984611877,18.44119158150157
2005-06-18,130.46,55.41282633632914,13.000748519941466,18.331135443563085
2005-06-19,130.71,56.460232003633834,13.005868746496493,17.759550864666334
2005-06-20,130.38,53.224672394391426,13.00280534361602,18.341795383915873
2005-06-21,130.45,52.5748257987644,12.995051131808333,18.38467962970319
2005-06-22,130.47,55.81799172889837,12.999704817722256,17.87871452259462
2005-06-23,130.33,52.881702132727334,12.99721316087048,18.331669090708374
2005-06-24,130.77,53.500397659113325,13.001474522220645,17.683976061183717
2005-06-25,131.02,54.03835403402201,13.003265010063105,17.38515784424423
2005-06-26,130.22,55.62408682021105,12.996598486434303,18.00256640644741
2005-06-27,130.28,54.86593728944704,12.987203171737052,17.866395376069548
2005-06-28,130.82,55.294564647016756,12.969888088116482,17.501534390153882
2005-06-29,130.17,56.492995799695635,13.01606559902117,18.496205577275862
2005-06-30,131.05,52.37008495220162,12.984930083862857,17.58630526167996
2005-07-01,130.49,53.008792857705814,12.996468650645374,18.404397707479905
2005-07-02,130.07,53.01722255817702,13.015412506747445,17.564924304603014
2005-07-03,130.22,53.57942596713429,12.998479155153904,17.425145644268145
2005-07-04,130.59,54.777771593264916,13.018227312681459,18.03563330486627
2005-07-05,130.32,54.95540207780343,12.995955689823985,17.500144504165483
2005-07-06,129.8,57.18984754538395,12.99726994025353,18.349215619360567
2005-07-07,130.3,54.65635348238398,12.983135044995066,17.411039543268547
2005-07-08,130.1,53.459122017979695,13.003361582793259,18.006715425780378
2005-07-09,130.07,54.39030411796847,13.00359028267808,17.511186675644186
2005-07-10,130.56,53.92086702166491,13.002310582909137,18.084235497074523
2005-07-11,129.99,55.68187781261651,13.018118276716791,18.114876426615
2005-07-12,130.81,54.941341259540614,12.98764385370269,17.228356705046444
2005-07-13,130.2,57.94911358223676,12.989445551406,17.479295725449575
2005-07-14,130.09,53.7447509045228,13.018837498480103,17.89095124198007
2005-07-15,130.16,55.20433974724652,12.98717491995935,18.31679526495643
2005-07-16,130.44,54.15840127837386,13.004925618089118,18.378352121794542
2005-07-17,130.64,56.09306831475153,12.990131861202592,17.875061416961096
2005-07-18,130.0,54.98664580449246,12.974942576011776,18.08234776011505
2005-07-19,130.11,53.97569478240209,12.999595651498566,18.363753691644668
2005-07-20,130.59,56.33987764089474,12.998079074756767,18.122862694020352
2005-07-21,130.58,56.15840282433807,12.995445981909924,17.438160230012734
2005-07-22,130.95,54.271556654762264,12.998410298618737,17.62235067455191
2005-07-23,129.43,57.74924021347253,12.979812777738784,17.703303601299083
2005-07-24,130.01,56.28765979681454,12.996082126027847,17.306268725732384
2005-07-25,130.0,55.22373937140826,13.012383248584834,18.373762895447875
2005-07-26,129.76,53.67113173294562,13.000898021735676,17.6320457127942
2005-07-27,129.87,56.368678785034795,12.99893095481132,17.7410421776358
2005-07-28,130.11,55.624142954187526,13.000175604728037,17.287388654704465
2005-07-29,130.09,56.06387149314951,12.99755482301788,17.630876239074503
2005-07-30,129.89,54.635270514663866,12.994145555582442,18.016573968201307
2005-07-31,130.21,52.934328301989346,13.008240803608178,17.92038545838565
2005-08-01,130.08,54.612332164745375,12.997704973956594,18.138082638951147
2005-08-02,129.49,55.87932500472502,12.999738065558091,17.646973058625715
2005-08-03,130.77,50.731357748263825,12.983905117695668,17.44687155543874
2005-08-04,130.32,53.25907241612785,13.003529221868613,17.720061779172795
2005-08-05,130.22,54.59639276808186,12.990393449621184,18.304929771491786
2005-08-06,130.42,55.748478894375175,13.002074439613116,18.01311328763392
2005-08-07,130.3,53.641543461235486,13.011658555928799,17.592658831780135
2005-08-08,130.01,55.82262936507029,13.006481897047507,17.559054706247426
2005-08-09,129.43,54.87560463716044,13.002409899260941,17.814310413214994
2005-08-10,130.21,52.684565273755815,12.987395131716065,17.924245538052052
2005-08-11,130.03,54.060770587051024,12.996086988239455,17.408545311121568
2005-08-12,130.22,54.95449318051617,12.98792721714425,18.112957568430286
2005-08-13,130.73,53.037306722066184,13.026158022488355,17.377639099482458
2005-08-14,129.78,50.80849560907073,12.997141541754633,18.188786143759827
2005-08-15,129.71,51.012447780095464,13.006517766432594,17.44934067524166
2005-08-16,129.58,52.34671896897915,12.983770525976837,18.201039866010454
2005-08-17,130.25,54.669807934226974,12.996482124680576,17.66819453962391
2005-08-18,129.89,54.05028726180363,12.99478978957,17.789667298941335
2005-08-19,129.75,51.92121818402651,13.014297625929334,18.265747438500565
2005-08-20,129.42,53.581486452172626,13.004534014361711,17.9048848805891
2005-08-21,129.61,55.371283571324504,13.004203144195731,18.17533175715326
2005-08-22,129.51,55.77198412933213,12.999594557125258,17.71365782544046
2005-08-23,130.56,51.030108112174,12.986026836450572,17.784537181919244
2005-08-24,130.05,55.68829831938476,12.992783729777232,18.11017113960437
2005-08-25,129.08,56.08547045901843,13.027030949334998,18.483235515721457
2005-08-26,129.71,57.540098541989764,12.999046672881153,17.87419331925308
2005-08-27,129.79,54.09889841070035,13.004302718941965,17.76097449924616
2005-08-28,129.95,55.49809930224448,12.988061961477559,17.87311084389266
2005-08-29,130.34,53.89367900468103,12.989047986518743,17.720129255165443
2005-08-30,129.6,54.453185342724005,13.001372487011375,17.878804431212064
2005-08-31,130.19,55.44037651058454,12.993533524597087,17.42760721836278
2005-09-01,130.0,54.275313859776176,12.985951067470209,17.833358421205723
2005-09-02,130.03,56.78202728934799,13.003006190482985,17.46129657362569
2005-09-03,130.23,52.78123646582824,13.015526585738582,18.107186921040924
2005-09-04,129.5,55.8658692650656,13.003753244577638,17.95332553155172
2005-09-05,130.45,53.70641817287665,13.016393961390348,17.24648491705659
2005-09-06,129.34,54.54415710158945,13.00579535541582,17.53412696598574
2005-09-07,129.3,55.284648376535095,12.978565965784027,17.6759089371922
2005-09-08,129.01,53.48092286733407,12.988713600404877,17.866657650616453
2005-09-09,129.89,53.95854378828235,12.99552006223016,18.407658528388502
2005-09-10,129.77,53.34851306008375,13.02515709722694,17.48816249326757
2005-09-11,129.72,53.21040876652204,13.003962672093374,17.916263513574783
2005-09-12,129.64,56.138125385660565,13.010212700036547,17.517976723513137
2005-09-13,130.24,55.10654046797817,12.986428894291718,17.37330370961096
2005-09-14,129.28,54.64869110544333,12.999260248327536,18.307484481272628
2005-09-15,128.65,56.30575295278374,13.020170952290478,18.28660637667015
2005-09-16,129.12,55.930276209514986,13.002525099411281,17.83286234518404
2005-09-17,129.36,54.7425708276202,12.984958442182853,17.969177896378415
2005-09-18,129.86,57.326992257642544,12.99162929939107,17.74168321315355
2005-09-19,130.21,54.13205206869398,12.997249923291342,17.612747296864352
2005-09-20,129.74,53.599033578137245,12.971764352999445,17.474751362220918
2005-09-21,129.61,55.533195374165665,12.998225500913135,18.39714022339091
2005-09-22,129.63,52.24130387655772,13.020158211657066,17.46464456580747
2005-09-23,129.07,55.58717997702119,13.001890325044576,17.997476822322916
2005-09-24,129.07,50.485620175937925,12.999963621196477,18.335476548949558
2005-09-25,129.7,54.397009839045936,12.996933252788908,17.857090545243395
2005-09-26,129.61,58.49441984077393,12.991860448327813,18.206237266097368
2005-09-27,129.35,55.029309710707494,13.008883033395879,17.802132247519857
2005-09-28,129.55,53.67865139971943,12.982328881188913,17.8789492961828
2005-09-29,129.91,56.46752447966516,12.964871178848108,17.720409032275107
2005-09-30,129.23,55.01386199215254,12.98118019664568,18.335216229874813
2005-10-01,129.85,56.524608941396544,12.99911042117218,18.436491365970223
2005-10-02,129.15,52.8066087050107,13.010604075848724,17.922937294131557
2005-10-03,129.64,56.13388422342222,12.99674978955336,17.658427073572152
2005-10-04,129.28,53.015016045443296,13.000679654793604,17.7889702414873
2005-10-05,129.25,59.06587882357432,12.97573283849277,18.053500177903487
2005-10-06,129.54,52.65168986161014,13.002328198250039,17.474087916311507
2005-10-07,129.58,53.079435286677366,12.989044762446571,17.871051263646354
2005-10-08,129.63,54.454108899845245,12.980046956426499,18.351206231895098
2005-10-09,129.24,57.42313881775411,13.001749533078344,18.31249512137393
2005-10-10,130.24,54.48717453236415,13.00747188250182,17.51492982993798
2005-10-11,130.03,55.13475838244805,12.99657500483884,17.561754054276395
2005-10-12,129.45,52.88263071882928,13.003540352055802,17.841999685685618
2005-10-13,129.78,54.67416955953017,13.006389598813483,17.19186094317835
2005-10-14,130.27,57.457472874548316,12.991644784777934,17.84932727064525
2005-10-15,128.93,55.6431806255818,12.994651088091059,17.802881483676288
2005-10-16,129.31,52.268549972874055,13.015987603736713,17.463174976308114
2005-10-17,129.44,55.25998252774543,12.965819736147893,18.226958847137485
2005-10-18,128.92,55.568093863057584,13.000039002358694,17.856257925942195
2005-10-19,129.83,56.78346628996094,13.00289502302083,18.24726975729868
2005-10-20,128.67,53.261622768611744,13.006575318554072,18.137171612321563
2005-10-21,130.0,55.72069423374524,12.993431769351288,17.16802733379107
2005-10-22,129.62,53.22759449027021,12.993533949427015,17.710622185875632
2005-10-23,130.12,54.45672890291897,12.994960132823891,17.67391711145934
2005-10-24,129.42,53.44844512622575,12.995201922828008,17.512063740882247
2005-10-25,130.0,52.29329276335786,12.998838197912814,18.014958126495802
2005-10-26,128.7,53.01803085125209,13.018145367837649,17.80466758313411
2005-10-27,128.93,57.85815942780665,13.011523374000852,18.13761562261523
2005-10-28,129.53,53.52021202741889,12.999522995268501,18.447939740448565
2005-10-29,129.24,56.73687910018049,13.0237234197748,17.59409266895528
2005-10-30,129.75,53.75458668007534,13.016237883203386,17.80737888415867
2005-10-31,130.13,56.530109729605925,12.989768971817567,17.81774294509278
2005-11-01,128.86,54.131690585061854,12.978478285377664,18.241125136757987
2005-11-02,128.99,57.19664179070162,12.982518695154548,18.093153428643564
2005-11-03,129.75,54.697251856666384,12.997349542635504,18.216291853169267
2005-11-04,129.32,54.109295219499515,12.990508441581895,17.17927904211743
2005-11-05,129.17,50.78164660858229,13.017253828536678,17.787612607544894
2005-11-06,129.21,54.40937606614851,13.004919284386478,17.835093898941924
2005-11-07,128.88,54.42716837849818,12.98832208978557,17.702679711211825
2005-11-08,129.47,51.23993075940994,13.017763443981408,18.190987184453245
2005-11-09,128.95,52.45303269292466,12.994641232055258,17.74715312826495
2005-11-10,129.47,56.24467861067529,13.007298547739289,17.655715370828247
2005-11-11,129.18,52.310510105349344,13.01603477491402,17.757132901541638
2005-11-12,129.17,55.424383560674826,12.992888035239782,18.010125551989574
2005-11-13,129.38,55.478160000332444,12.995864009914229,17.81325847483964
2005-11-14,129.53,55.94326082836662,13.012620040433433,18.2293134003324
2005-11-15,129.49,54.82888087510714,13.004250127855876,18.115312534007682
2005-11-16,128.85,55.46066873937641,12.992241075461624,18.130942945131757
2005-11-17,128.88,53.54267685002246,13.01485203033872,18.171655592851323
2005-11-18,129.0,55.84076211428606,12.974669971430357,17.84847155390918
2005-11-19,129.41,56.51987654341909,12.983630487481866,17.19871260390999
2005-11-20,129.26,53.87811069072369,12.996204643075414,17.92510239120403
2005-11-21,129.58,50.36594743689703,12.989384396931152,18.296653088950574
2005-11-22,129.08,53.393315730619165,13.019883950012728,18.009459191687288
2005-11-23,129.64,56.622331750038036,12.969930759912488,18.24632081438925
2005-11-24,129.87,54.43857155406227,13.008025457466607,17.593992355399934
2005-11-25,129.59,58.64809055886431,12.998068719515205,18.543901611004113
2005-11-26,128.87,55.343747901341786,13.016439910654482,17.160901032158385
2005-11-27,129.26,52.08813661440643,13.0022194632763,18.38920550649474
2005-11-28,129.69,52.938953506709545,12.98681707145997,17.815006636847247
2005-11-29,129.07,55.28719703407023,12.988323517418609,17.76317192767406
2005-11-30,129.45,53.00223580694309,12.99311134286909,17.627115926439878
2005-12-01,129.05,57.37227117027345,12.997120546941504,17.59817900085047
2005-12-02,129.04,56.954991487694755,13.020888222612163,17.828728612908066
2005-12-03,129.13,58.72119789647119,12.992650873684216,17.848804304204112
2005-12-04,128.98,54.319721985173764,12.987785825110196,17.20560620222358
2005-12-05,129.67,52.385758374303016,13.002794091610099,18.182778861405836
2005-12-06,129.1,54.16556539152754,13.01344715647895,17.751571523635644
2005-12-07,128.92,57.09728131234698,12.99742723817933,18.50734627941684
2005-12-08,129.1,55.34445226842158,12.991792547376479,17.608821412974706
2005-12-09,129.29,54.56145458703829,12.998517173653198,17.896130045391974
2005-12-10,128.75,53.94128650311931,12.980967138606617,17.824797331492746
2005-12-11,128.47,55.64480757920273,12.999092730908067,17.903836241548937
2005-12-12,129.13,55.12739867976917,12.98692383428147,17.739144090109352
2005-12-13,129.4,55.44265670192904,13.014681157861752,17.727136012813524
2005-12-14,129.92,52.29847846877545,12.993121599010465,18.704726390040488
2005-12-15,128.73,54.60285256115522,13.021432241222424,18.159137611064732
2005-12-16,128.94,54.28756754750625,13.004461957500391,18.192276270211202
2005-12-17,128.46,54.03848053984984,13.005035272408376,18.381642371334525
2005-12-18,128.91,55.15673019650686,13.022333525042422,17.614352096090485
2005-12-19,128.55,57.29793887071103,13.003165938933932,17.664654061794465
2005-12-20,128.6,51.49104276163161,13.018312036454603,17.99928413122484
2005-12-21,129.78,52.013647197143655,12.975343077705746,18.262181742033622
2005-12-22,129.14,54.9581281414933,13.011292050514312,17.851678745889043
2005-12-23,129.17,50.908077164541005,12.991389641257621,17.902556209135074
2005-12-24,128.92,57.2017547614429,12.997200354134034,17.770280887059428
2005-12-25,128.72,52.58916899314708,13.016674174637155,17.717554854358905
2005-12-26,128.87,55.52308967157351,13.02523163063749,17.52549417767594
2005-12-27,128.76,54.40830474827889,13.005670495971422,18.085530418500348
2005-12-28,128.61,56.761217607430005,12.989790860634397,17.746644770117115
2005-12-29,129.07,54.01495158291323,12.992296587186015,18.288353974656026
2005-12-30,128.8,52.41443878488936,12.996935270089532,17.81575743435302
2005-12-31,128.93,54.32278509075734,12.986754066898364,18.278007500186888
2006-01-01,128.25,63.35317507207441,9.993723872484969,7.9188083406164
2006-01-02,128.72,66.65026099121489,9.9991066179811,8.177339637039534
2006-01-03,129.2,65.13710616585037,9.993420638968141,8.225254705042168
2006-01-04,128.55,60.62529915478288,10.001445820515062,8.230023502327684
2006-01-05,129.16,63.972082470888445,9.99522943957705,8.105571068225448
2006-01-06,128.59,67.10096484452612,9.996816154245746,8.28472760509042
2006-01-07,128.82,64.34708113104404,10.016707967865065,8.042806983670083
2006-01-08,128.77,58.26366156399278,10.010534698273636,8.159042905214985
2006-01-09,128.74,67.37479774478125,10.012098809319863,8.33843156219071
2006-01-10,129.16,68.9316653117076,9.994759893607307,8.175965170470397
2006-01-11,128.95,60.62912550157381,10.00736135195655,7.9527624684419935
2006-01-12,129.45,66.15232199527429,9.993562363120645,8.09547470041223
2006-01-13,128.89,68.0242536794259,10.00336414781909,8.378480919505764
2006-01-14,128.41,65.62566791679232,10.012728185021086,8.16441504815142
2006-01-15,129.77,65.52111052126557,10.008666133066034,8.758062510231895
2006-01-16,128.52,69.13865505602871,10.001437003532303,8.28876888442372
2006-01-17,129.05,63.49453796021778,10.014478123165233,8.401232255112266
2006-01-18,128.94,62.4519800917654,10.00924951867905,8.326220530335645
2006-01-19,128.4,66.5575914143855,10.002326100384957,8.256054494618793
2006-01-20,128.01,60.23529574293662,9.995031959554709,8.288508134312355
2006-01-21,127.94,66.3132129027725,9.99476259468093,8.034113361645781
2006-01-22,129.02,65.43891654992564,10.00321732695565,8.151930038557909
2006-01-23,128.49,61.20693947589719,9.98430668868568,8.27582886293691
2006-01-24,127.86,66.11656786862706,9.994075435205444,8.021843032460993
2006-01-25,129.11,65.49721150190778,10.004142072992748,7.956082324541015
2006-01-26,129.04,60.57017754307743,9.988816990360599,8.470511535190813
2006-01-27,129.02,68.06245756009288,10.014778851014142,8.367614730977307
2006-01-28,128.8,69.60329791387773,10.002876709619613,8.313142014524228
2006-01-29,128.37,65.16780647645132,9.998009647495858,8.123382753557433
2006-01-30,128.17,65.65728557996982,9.998985026045611,8.273864113625377
2006-01-31,128.43,65.80467222935691,10.009850938030253,8.208687235673022
2006-02-01,128.72,68.05245532173174,9.99218041676705,8.450098128731769
2006-02-02,127.63,64.87577616000843,9.98368403739367,8.317559212821852
2006-02-03,128.51,65.30972623425123,10.004810487016456,8.096042930759314
2006-02-04,128.7,64.56699834805465,10.002756016383408,8.38485626246728
2006-02-05,128.97,66.40351208582773,10.00067164187977,8.456553423610613
2006-02-06,128.4,61.81612767384943,10.023043606902958,8.209001148202764
2006-02-07,128.28,66.46822464833178,10.008772085637457,8.377326534820385
2006-02-08,127.89,64.69695395220587,9.992749045868187,8.166702389689858
2006-02-09,128.65,65.97987595689968,10.00657713226799,8.143685300790859
2006-02-10,128.41,67.41799064176159,10.003473534286949,8.23259630685244
2006-02-11,129.18,63.9618178904518,9.997803148857088,8.299923458389843
2006-02-12,129.41,62.699241532407754,9.994812063188741,8.216867507434984
2006-02-13,128.19,66.34174090513238,10.014337780037756,8.255836680102181
2006-02-14,128.62,63.665714039849036,10.002911915437235,8.178675658145613
2006-02-15,128.11,61.86601131668136,9.995933536877882,8.26745100897969
2006-02-16,128.55,66.86755817511182,10.02256147835043,8.343414970746778
2006-02-17,128.19,59.04283759208253,9.98353887433787,8.317351426482164
2006-02-18,128.35,63.896434335938444,10.004753147129202,8.318857783928815
2006-02-19,128.11,63.637734215292824,10.000264640101877,8.360555389924825
2006-02-20,128.91,67.01121755518946,10.008094482169382,7.602668693399012
2006-02-21,127.5,63.00358656266994,9.994333336008605,8.358993308881685
2006-02-22,129.04,61.24450115569358,9.990774574141618,7.871241885150596
2006-02-23,128.34,64.51121117308081,10.002602027649704,8.50629261389455
2006-02-24,128.95,64.481206367569,9.995440227309544,8.129054272123502
2006-02-25,128.21,66.525995851765,10.009932484766802,8.303014569494579
2006-02-26,128.06,65.95423456231252,10.000934093990574,8.182681152819514
2006-02-27,128.69,65.24545343809835,10.012500684812728,8.351490721041024
2006-02-28,128.02,67.32558086037078,9.996524520583018,8.608605960016849
2006-03-01,128.6,62.44089288552027,10.006687468983774,8.218471796478685
2006-03-02,128.59,65.33029424548053,9.996379541608325,8.11272618899016
2006-03-03,128.62,63.27869972270895,9.99340659383337,8.453174061225004
2006-03-04,128.82,68.95193129735452,9.996851313318665,8.261947638734965
2006-03-05,128.47,65.5328729799285,9.996087505948593,8.44297948627909
2006-03-06,128.62,65.6326888536598,9.97839950978941,8.149176300737679
2006-03-07,128.4,65.60848803004978,9.998241946340178,8.256815915904395
2006-03-08,127.97,67.52120768698222,9.994291414255237,8.131023225738113
2006-03-09,127.79,68.58639012919409,10.00576168482081,8.228318070786875
2006-03-10,128.48,65.23142979180777,10.006063963083712,8.072162171761681
2006-03-11,127.93,68.28845749868876,10.007289611450782,8.080134827860142
2006-03-12,128.18,66.5220410914124,10.017048605453825,8.096879061881737
2006-03-13,128.4,67.31830545197644,10.009189001875443,8.156831283306571
2006-03-14,128.57,65.4733108478616,10.000494669226487,8.089579498184644
2006-03-15,128.07,64.08265144660984,9.99279104275536,8.171404945603985
2006-03-16,128.36,64.3324634882411,10.002087310989763,8.056444902822143
2006-03-17,128.86,59.56321507032457,10.01464212388257,8.445768309868972
2006-03-18,128.45,65.71595552744748,10.005588399371694,8.311098211647117
2006-03-19,127.88,65.53519862963209,9.994194067892414,8.507392307288276
2006-03-20,127.94,65.40272567618449,10.0117004569099,8.111098424801535
2006-03-21,127.58,63.673712835051965,10.007497284672956,8.551458778233515
2006-03-22,128.84,64.10594017173396,9.992274647461944,8.405465628675364
2006-03-23,127.82,65.70182768947431,9.996380525059744,8.268151904706292
2006-03-24,127.41,66.17873606557447,9.990279404182695,7.946254806617938
2006-03-25,128.48,67.56375458094783,10.001088546746628,8.125349193938755
2006-03-26,128.11,62.85379583110627,9.99084979533879,8.097415876519715
2006-03-27,128.42,65.15374365912676,10.014449462287718,8.33426723851552
2006-03-28,127.48,62.69328651383272,10.012850318691287,8.333897972867282
2006-03-29,127.46,62.14725269837888,10.017043433243282,7.911691476972463
2006-03-30,128.31,66.20720319225666,10.012118764901254,8.373740981082696
2006-03-31,128.13,65.76634896587431,9.994627664934447,8.005438600149905
2006-04-01,127.66,66.87161128246083,10.000889728568659,8.253034425055427
2006-04-02,127.97,67.00366775891331,9.998269122563494,8.192831408615715
2006-04-03,128.57,62.52193014873607,9.995287890935616,8.337092602165223
2006-04-04,128.18,65.05563110590921,10.002779709354256,7.981662496349138
2006-04-05,127.64,65.52244633275619,10.015193626299919,8.266026023491644
2006-04-06,128.1,65.7583496724439,10.00462911576072,8.385820979108404
2006-04-07,128.08,62.84023355773931,10.008205327229582,8.059990126509113
2006-04-08,127.85,66.24343895706019,10.000030863346517,8.364854206339139
2006-04-09,128.1,67.23677249462118,10.007691367635987,8.303349726585132
2006-04-10,127.9,64.76362958419969,10.003839426109762,8.259511143649567
2006-04-11,128.37,63.924231378918925,9.986072165675543,8.180141785976524
2006-04-12,128.32,63.92931626342717,9.98817886532218,8.582020055935708
2006-04-13,127.67,63.620581760384944,9.998532834808751,8.176501594889212
2006-04-14,128.0,66.42192235421646,10.010938897130153,8.484903848241371
2006-04-15,128.12,63.13393492726864,9.98184482003274,8.137390625644077
2006-04-16,127.98,64.03023309530658,10.009521869379958,8.479102439601853
2006-04-17,127.62,65.53780379184909,10.001012844569667,8.16246546674144
2006-04-18,127.31,63.34128337252317,10.001499981869431,8.273342801007725
2006-04-19,128.53,62.311970745577796,9.99045846296002,8.044332991776681
2006-04-20,128.62,66.77965796272333,9.993057973021322,7.878424187367777
2006-04-21,128.05,64.91885580162055,9.98641687743005,8.140564502912225
2006-04-22,128.42,62.85682030428234,10.003864682846586,7.902067997538961
2006-04-23,127.98,64.05515971208523,10.009971110371295,8.03431512053869
2006-04-24,128.03,64.79354004044667,10.00531249368237,7.979960735740214
2006-04-25,128.25,65.20390399148484,10.009872922845366,8.40811025788828
2006-04-26,127.38,66.46104577769377,9.98648809342903,8.258786895859101
2006-04-27,127.68,67.10334600527678,10.015090959645102,8.533498007744727
2006-04-28,128.41,65.80327293482523,9.993942853081716,8.188154446675043
2006-04-29,127.72,64.80642981952495,9.992706029949904,8.28340678544864
2006-04-30,127.79,63.450887181775016,10.003400182890337,8.283546033108927
2006-05-01,127.89,62.98175087503914,10.006253956062679,8.207670145140614
2006-05-02,128.43,69.40191211291494,9.992020436724104,8.219340345298807
2006-05-03,127.79,63.93895529362802,9.994046182823197,8.372480929795834
2006-05-04,128.09,63.037660612191274,10.014318078629083,7.950083449788424
2006-05-05,127.37,65.03658511296275,9.987771213822588,7.99365090077801
2006-05-06,127.65,64.38128534693504,10.006876665209012,8.254355706313918
2006-05-07,127.51,62.63251477856567,10.00039919705308,8.076807576961375
2006-05-08,127.71,65.71433791211169,10.01746637828267,8.388669430601887
2006-05-09,127.9,65.79717882627432,10.012586252567548,8.216337816992981
2006-05-10,128.09,67.1687579455973,9.995006575109143,8.20350659721144
2006-05-11,128.22,65.39219267960013,9.984725086953112,8.141158892764938
2006-05-12,127.93,68.98392066670691,9.996497002921641,7.972381494656191
2006-05-13,127.72,63.99094714335634,9.985798690992858,8.182299314173529
2006-05-14,127.46,66.80407649535724,10.014176862324431,8.344202934435568
2006-05-15,127.98,65.22608287873908,9.991285150219635,8.38235033103965
2006-05-16,127.15,65.18692874671225,10.006115342254104,8.11694495291382
2006-05-17,128.05,65.08685633545787,9.997871413961507,8.350200517507478
2006-05-18,127.57,66.99155651347094,9.982916190132379,8.54935970532289
2006-05-19,128.36,65.81266958283943,10.00291767883357,8.242363391225972
2006-05-20,128.26,67.24175058510855,10.010174534303218,8.314450693777342
2006-05-21,127.23,64.89277040894603,10.010870024809954,8.180486546830938
2006-05-22,128.29,70.60506024405746,10.009489242253386,8.365700580634755
2006-05-23,128.26,63.8547132165252,9.990559483942928,8.550682643206434
2006-05-24,127.7,60.493381875347154,9.97695096978016,8.18024196453177
2006-05-25,127.34,66.5142915536542,9.988592377622455,8.187388924713822
2006-05-26,127.58,66.58166536585102,9.984520860356358,8.140101115000418
2006-05-27,127.56,68.36570422210292,10.007295023331329,8.382999087110923
2006-05-28,127.08,63.39127808098814,10.007971278305169,8.184903386281299
2006-05-29,127.61,68.2579132936719,10.004437378429206,8.178211473078
2006-05-30,127.88,61.67562326523887,9.991575643104033,8.20463854788641
2006-05-31,128.23,65.88338016691117,9.986942856545863,8.084039714773102
2006-06-01,127.24,61.971655658725375,10.010457701773317,8.600756044500724
2006-06-02,127.5,64.6781452165731,10.014800950582023,8.182671307725123
2006-06-03,127.06,65.21762939352651,10.005966364653647,8.137356804603977
2006-06-04,127.83,63.32639473908428,9.98356669900816,8.323125018935789
2006-06-05,127.05,66.86980801642144,9.994336980195765,8.104214902367783
2006-06-06,128.39,65.74882616931187,9.99370714401318,8.202984912227862
2006-06-07,127.68,63.09573986552687,9.994111297823778,7.919460565847289
2006-06-08,127.18,61.40511743457155,10.012053635590355,8.163960826110662
2006-06-09,127.53,63.99869586185816,10.002917100706199,8.052176192382493
2006-06-10,127.21,66.96038067697293,9.99011880509481,8.395386969829827
2006-06-11,126.94,61.693057283394694,10.00605539461054,8.487232599834664
2006-06-12,127.81,63.341312768942515,9.989746669477586,8.250535532728481
2006-06-13,127.04,60.498850791102655,9.990262318556468,8.245185761187791
2006-06-14,126.77,63.53660643655739,9.998294317127806,8.032086168438129
2006-06-15,127.4,66.75763073258156,9.989948456739592,8.350891091470535
2006-06-16,127.51,65.96004155498093,9.997067385164764,8.146491678142734
2006-06-17,127.69,61.26023345486596,9.989235693693287,8.151972292508388
2006-06-18,128.05,65.97342550499664,9.992095261090569,8.491260882590431
2006-06-19,128.12,65.65105214124341,10.002419222676703,8.108511514874774
2006-06-20,127.15,66.2452984987197,9.978418979128637,8.310788724224565
2006-06-21,127.21,66.13370049485819,10.01883769870076,8.064392817717147
2006-06-22,128.09,67.68492586000939,9.995585726861384,8.190826236359666
2006-06-23,127.53,63.90864372852657,10.012734044802958,8.280751042679757
2006-06-24,127.8,67.44248340923113,9.996785841234724,8.379727009298481
2006-06-25,127.82,68.86227425190201,9.977150123744721,8.515623546824912
2006-06-26,127.5,64.496247710894,9.98330004520836,8.110858251490413
2006-06-27,127.67,65.01000766307865,9.99486742894919,8.152345568347629
2006-06-28,126.99,62.637067843840214,9.98833475449783,8.236009834060336
2006-06-29,126.85,66.89472472654978,9.99839438060179,8.300808781283354
2006-06-30,127.74,62.12404186666492,9.997343532204042,8.194109243468377
2006-07-01,127.45,68.15682105213052,10.006708737260006,8.205676972196278
2006-07-02,127.23,67.90810290033403,9.99434843927633,8.273949007682226
2006-07-03,127.11,65.12193489793869,10.00291174623621,8.192785843799848
2006-07-04,127.58,67.07605716192748,10.01313585513003,8.014412769601591
2006-07-05,126.86,65.50031013246236,9.999103105197076,8.287776778094283
2006-07-06,127.55,63.68833577518472,9.995334276291763,8.045607703658808
2006-07-07,127.31,69.84905479054727,10.000857447726032,8.317294704536083
2006-07-08,127.22,66.51862186828414,10.00100947668156,8.356462254312168
2006-07-09,127.53,62.999442496879894,10.004581804328447,8.332607043592404
2006-07-10,127.6,63.1346070962807,9.98744970682362,8.085061676831923
2006-07-11,127.43,64.39100974238488,10.01896075123714,8.284797048144727
2006-07-12,126.87,65.6264006459392,10.002791914750436,8.049576141695582
2006-07-13,127.73,65.98122443731718,9.990953329217097,8.472035566040223
2006-07-14,126.55,65.62531560078745,9.99635715114523,7.920636586788828
2006-07-15,127.46,65.5659882623341,9.980480237877508,8.426019442137616
2006-07-16,127.31,62.41305239848449,10.013883451415913,8.383308035015853
2006-07-17,128.38,67.09909309609512,9.995592778298114,8.159474465439576
2006-07-18,127.32,71.33956453648285,10.00886653306005,8.214709946364783
2006-07-19,127.44,62.17895316579137,10.010765171153414,8.322915458386367
2006-07-20,127.32,63.638113235553114,9.981754727758272,8.326171134902102
2006-07-21,127.44,63.119169119533815,9.991048950564945,8.002838411054727
2006-07-22,126.87,62.81299740423859,9.999467370475415,8.043934966462414
2006-07-23,127.2,68.15214402416875,9.987307481190486,8.232652297060225
2006-07-24,126.77,63.53518250117814,9.995551389423225,8.16624157850229
2006-07-25,127.1,64.56208625060945,9.99544173318369,8.151453344260052
2006-07-26,127.06,64.74534090676998,10.019243258870707,8.170883485380926
2006-07-27,127.26,65.70528062014537,10.006125300175025,8.447767004711908
2006-07-28,127.33,64.56448482487968,10.00333216017806,8.31908745956496
2006-07-29,126.63,62.657784124842706,9.999762841262006,8.166374755292182
2006-07-30,127.31,62.80463384545655,10.007323412167406,8.088813921112248
2006-07-31,126.9,66.146965412413,9.982837155262835,8.324798572744012
2006-08-01,126.58,67.92058590978745,9.992846803741205,8.31939480667738
2006-08-02,126.62,66.30780432506286,9.992054552301838,8.272343049541611
2006-08-03,126.19,65.26705138951573,10.003888286870424,8.264659739429396
2006-08-04,127.4,66.62131531926883,10.002743036359885,8.3217377258872
2006-08-05,127.27,64.46913833633744,9.990063044661236,8.128649637698148
2006-08-06,126.89,65.24876078001255,9.994004184495775,8.116976687276258
2006-08-07,127.27,63.71598169723968,9.98807201220398,8.302325276147412
2006-08-08,126.9,64.60658691651649,10.010232512613808,8.324959254078975
2006-08-09,127.29,64.1282749051361,9.988400722741838,8.175751917406162
2006-08-10,127.96,62.10969720932401,10.00660398410601,8.20339491221418
2006-08-11,127.2,65.727031853728,9.99061067809693,8.169860400396216
2006-08-12,126.98,65.8266217656791,10.012951385864225,8.353079507617393
2006-08-13,126.94,64.59766876381333,9.999549166393576,8.217594162914427
2006-08-14,127.1,64.34174523692461,9.990948851595386,8.398147016925574
2006-08-15,126.58,60.72543465399771,10.006711242884416,8.258482744892705
2006-08-16,127.08,67.99111694736774,10.004258345167482,8.227367223533747
2006-08-17,127.62,67.86288722398125,9.993442701614947,7.799248244819726
2006-08-18,127.54,67.38243975614851,9.98758620309401,8.428358844743236
2006-08-19,126.97,64.86167104614628,9.993179982713315,8.354711745657415
2006-08-20,126.94,64.75446700280523,9.992431950544775,8.047465520221454
2006-08-21,127.33,64.94689635677555,10.000907747512132,8.520050119661422
2006-08-22,127.01,62.72226265631539,9.977563550614086,8.495044658858625
2006-08-23,126.7,63.598378347945534,9.99765633962907,8.294876446846823
2006-08-24,126.58,62.007269201539806,10.00183133617456,8.236963215189013
2006-08-25,127.08,63.69785693687751,10.001474889893636,8.195085476166648
2006-08-26,126.98,60.86157698628766,9.996651194439295,8.065724233728007
2006-08-27,126.97,64.56388017521807,9.991761350382307,8.256716597350094
2006-08-28,127.7,66.09520786073881,9.999261001182242,8.159769878080063
2006-08-29,126.47,65.72459768685988,10.004190125037137,8.008585750050324
2006-08-30,127.51,66.18903102491541,10.003933930473485,8.204056646577415
2006-08-31,127.87,65.2905292683994,9.978849457806932,8.154890703276592
2006-09-01,127.01,66.27194289560357,9.994849687307946,7.878857028382506
2006-09-02,127.12,66.15184150375869,9.993519043182447,8.123916175293832
2006-09-03,127.79,70.2557421194229,10.005009240115596,8.320180573509521
2006-09-04,127.09,66.29531295846158,10.000168226283277,8.267566517878421
2006-09-05,127.21,64.41367292444275,10.009307774123277,8.170008137141552
2006-09-06,126.84,67.71016163474086,9.992165338878543,7.970259944221968
2006-09-07,126.94,66.53855247171543,10.015591673344222,8.274401301375415
2006-09-08,126.59,63.03006486270074,10.003857093966104,8.072347802692432
2006-09-09,126.23,66.97152193651266,9.993478474438357,8.265261893359325
2006-09-10,126.48,64.56069240073299,9.997106701924503,8.296227030465069
2006-09-11,126.65,67.67392467323948,9.999076984979913,8.182503513920015
2006-09-12,126.94,68.2909238152201,9.993107798686996,8.08677460785627
2006-09-13,126.77,65.40403632883101,10.003907442602902,8.089456531353216
2006-09-14,126.53,65.68639102841057,10.009263157895981,8.274235162231008
2006-09-15,127.18,66.15780901333149,10.01044999931385,8.386399948550167
2006-09-16,126.78,63.63722042253872,9.994172119997849,8.297754647323313
2006-09-17,126.72,62.28063455630269,10.00841136622676,8.049910324342441
2006-09-18,127.17,62.972637285119596,10.01522810945903,8.33385282732332
2006-09-19,126.48,65.754002485245,10.011398937062069,8.069597068284136
2006-09-20,126.85,64.43779440662848,10.021489191257263,8.256241171502158
2006-09-21,126.34,64.10392685653935,10.019606001111198,8.389832821201601
2006-09-22,126.3,63.888293851041844,10.005296926687706,8.21163910379948
2006-09-23,126.22,64.80370261405145,9.98369517417101,8.423595553782574
2006-09-24,126.57,66.64092268239717,10.006743950953092,8.275992167727177
2006-09-25,126.69,63.06045620467324,10.006225017894032,8.166529820118837
2006-09-26,126.51,64.78949567117033,9.996754352388253,8.34717522584078
2006-09-27,126.61,64.14396790918765,9.997064355702992,8.09944105017492
2006-09-28,126.8,64.40542719898414,10.000736008538109,8.072404404987667
2006-09-29,126.61,64.96023809732743,10.007520127415903,8.080158638394982
2006-09-30,126.71,68.43804404205764,9.982488758448566,8.396088449687145
2006-10-01,127.22,66.25435979166893,9.983086999079344,7.96663764422701
2006-10-02,126.69,65.96275371456856,9.997981339157576,8.415752404697125
2006-10-03,127.05,64.39304955615478,9.986663835300682,8.567203062833254
2006-10-04,126.38,63.87163791557495,10.007826085734951,8.294519535215723
2006-10-05,126.52,62.81426972207626,9.998490053422836,8.24474188015762
2006-10-06,127.58,62.48079956364665,10.001198239700404,8.212775296731689
2006-10-07,126.46,66.33873756454929,10.023311842882118,8.459397301873155
2006-10-08,126.46,62.655623667663214,10.001088770247701,8.21931286739733
2006-10-09,126.5,64.37285447603588,9.999039521711198,8.280784718880117
2006-10-10,126.32,69.50028403725334,10.000284366907117,8.145849724188581
2006-10-11,126.55,64.2810872707001,9.995883720974048,8.006257657126223
2006-10-12,126.8,62.771315037713926,10.000037315525521,8.403703174295234
2006-10-13,126.27,63.732357157348126,10.021855086640059,8.209304217650212
2006-10-14,127.26,63.261488888197235,9.995987674505285,8.235203734620166
2006-10-15,127.03,64.1212427679571,9.997840794402158,8.404687772831208
2006-10-16,125.92,64.80033371095051,9.996762468307287,8.535274125256848
2006-10-17,127.01,65.54795104058279,9.997644830553774,8.134798346418671
2006-10-18,126.64,62.46836762402624,9.992477143776506,8.07090180107539
2006-10-19,126.47,63.273924476793525,9.997528138321758,8.284841088763049
2006-10-20,126.94,68.24727042673605,9.996675274758545,8.164979690858857
2006-10-21,126.61,64.68987067045394,10.00066258254997,8.138945153321155
2006-10-22,126.48,62.82621485741595,10.002295022147955,8.349166975357548
2006-10-23,126.19,62.14941137525169,9.978201758093967,8.036626894181788
2006-10-24,126.32,65.68171699111241,10.008948263150199,8.206470785973623
2006-10-25,126.64,65.35804681528131,9.995743089251699,8.162641958971474
2006-10-26,126.36,64.7258808892035,10.012748399753795,8.241746335547756
2006-10-27,127.22,65.55319289076792,9.989225034827108,8.259276288260853
2006-10-28,125.76,64.4621317209662,9.984891759424592,8.314907727058612
2006-10-29,126.6,64.57831974703285,10.015057516813817,7.9845608301577435
2006-10-30,126.26,65.64201414275702,10.002861752970999,8.313499866826218
2006-10-31,126.6,68.66134291962263,9.991430589102418,8.33969779431666
2006-11-01,126.0,63.555999435171856,9.989436867351477,8.13400966288335
2006-11-02,126.28,65.70198034612136,10.009458544046135,8.002679090447124
2006-11-03,126.45,64.99402724729336,10.006992046092403,8.508166381171508
2006-11-04,126.79,67.03281047831724,10.000147332831187,8.828685045223438
2006-11-05,126.87,65.53248848813728,9.994734181857986,7.977188628703123
2006-11-06,126.52,69.96614132282741,9.988007097715974,7.9773279664018935
2006-11-07,125.69,62.354214535979786,10.00375155715089,8.373747959164612
2006-11-08,126.63,65.97303850911105,9.989132308053625,7.874727360366861
2006-11-09,126.26,65.27592913413461,10.00768513874047,8.07348371990948
2006-11-10,126.72,61.44052919938111,9.98482907863732,8.002944793904149
2006-11-11,126.26,66.07375253141325,9.997197771286283,8.23976436830382
2006-11-12,126.88,67.50514505748272,10.00090308438089,8.172184747729668
2006-11-13,126.98,65.67040144445025,10.019528801124498,8.249512339458857
2006-11-14,126.32,64.31036442327552,10.001638622776333,8.218970214711097
2006-11-15,126.1,69.92793404020362,9.997810589895886,8.25897439195703
2006-11-16,126.58,65.04534137044159,9.995120036983927,8.354156376419182
2006-11-17,126.66,68.78706837902034,10.007543524223182,8.370631708225213
2006-11-18,126.31,65.09842546776505,9.982243582700729,8.27314662494652
2006-11-19,126.21,65.77607320775866,9.99534268396514,8.419058044601972
2006-11-20,125.66,61.90036975550227,9.9954559125282,8.497149075223717
2006-11-21,126.42,66.4125886704285,9.974188578306535,8.222394457055568
2006-11-22,126.05,64.90559321579167,9.988846197492101,8.28248045276901
2006-11-23,126.94,65.09696008912174,10.002410257737829,7.907895672140594
2006-11-24,126.42,64.5330890752427,10.000096718159865,8.057485561201055
2006-11-25,126.16,63.9778707182272,10.006322664096817,8.258460991492129
2006-11-26,126.45,66.04125488762661,10.014595402587762,8.174418441361327
2006-11-27,126.42,65.26243408170531,10.018570752214865,8.047911770667037
2006-11-28,125.96,65.19693143192944,9.997387830330014,8.22983427351826
2006-11-29,126.74,63.95116458188087,10.004341639938097,8.094752962375214
2006-11-30,126.34,65.21430419938241,10.00018131494707,8.22863034355038
2006-12-01,126.59,67.61314623053667,9.990816362393218,8.005024277621908
2006-12-02,126.0,65.54513259587225,10.01159065052846,7.988320329056425
2006-12-03,126.52,60.41593317847611,10.006665948022867,8.346089455991747
2006-12-04,126.15,67.70419396353984,10.0067855553289,8.295289765202714
2006-12-05,126.76,63.30707891952568,9.993683101361597,8.336855694936826
2006-12-06,125.8,66.21207738410709,10.015551875190296,8.16214728346352
2006-12-07,125.91,65.41271309224604,10.00855984691014,8.247844429421335
2006-12-08,125.96,64.30735157127563,10.028139352742077,8.175597537161275
2006-12-09,125.82,66.74823843578748,10.00459223629966,8.25615302181699
2006-12-10,124.99,63.6129431190031,10.001224861474691,8.269331991136992
2006-12-11,126.78,66.74133349778927,10.010988592327843,8.792310112159207
2006-12-12,126.11,62.37112684452183,10.01985401402726,8.117726272055059
2006-12-13,126.57,66.5567505875517,9.992146640692445,8.032878837031367
2006-12-14,126.08,67.41825033124391,9.995966753977745,8.26585288653245
2006-12-15,126.61,63.0006593611892,10.00925217562844,8.27933217444287
2006-12-16,125.74,66.59722434669217,9.998352253895808,8.547716355617105
2006-12-17,125.73,64.35720813170629,9.971536217777844,8.016945830025655
2006-12-18,126.26,60.852871462017795,9.998232060304698,8.18468437252144
2006-12-19,126.76,64.37976435337133,10.02028630631969,8.288781975255006
2006-12-20,126.18,67.20872172358791,9.976622027525048,8.130204282146279
2006-12-21,126.65,67.42267445172824,10.004549630891177,8.546613734942031
2006-12-22,126.01,66.08547110268499,10.007578455013455,8.251487891015417
2006-12-23,125.93,65.80887318160887,9.99880817554822,8.208368454054341
2006-12-24,126.05,66.32567249372322,10.004164886667176,8.214582217859858
2006-12-25,126.61,66.22004125284822,9.995213103378676,8.019775250513208
2006-12-26,126.21,67.02436967726125,10.005265316329504,8.203464966554755
2006-12-27,126.2,65.42279065217606,10.000744154021737,8.168589717413928
2006-12-28,125.92,66.39353002768289,10.000011263145115,8.295116597937724
2006-12-29,126.32,66.7259976796044,10.000301672069293,8.09621824904925
2006-12-30,126.37,66.72836559720768,10.000750869793164,8.204262451886983
2006-12-31,126.19,63.840654327923296,10.014003689876604,8.178282519909516
2007-01-01,126.05,73.7918649489107,9.49360306524709,5.604904889288713
2007-01-02,125.37,69.99596103604094,9.494272370775986,5.493560652530116
2007-01-03,125.6,69.14844761287176,9.507050072250617,5.477080737160597
2007-01-04,126.43,72.69953722384071,9.49405216383274,5.4550996463375485
2007-01-05,126.41,69.60043430622515,9.525797705976634,5.619213871922319
2007-01-06,125.85,77.69942684610518,9.487447883508104,5.40914035356263
2007-01-07,126.65,73.54364158720114,9.49967909865047,5.421350336696724
2007-01-08,125.56,68.27741777139448,9.499855624602942,5.3577201593087675
2007-01-09,125.64,71.62805781104623,9.496041750978357,5.42882457324519
2007-01-10,125.66,73.12906645138418,9.507513327024492,5.497169594929958
2007-01-11,126.18,70.77539277796264,9.485158577422052,5.45839773233782
2007-01-12,125.68,70.62677985038049,9.51774714024817,5.512772082608758
2007-01-13,125.47,70.74375749815398,9.496608136388089,5.336902639566594
2007-01-14,125.49,74.61338835365132,9.497741169617724,5.357237671664122
2007-01-15,126.18,74.14834377817996,9.484838322777545,5.340722930186434
2007-01-16,125.84,71.22787599834763,9.501638250097262,5.237472045176518
2007-01-17,125.39,70.7651307093681,9.500335477302887,5.434517969693025
2007-01-18,125.43,72.86895389774413,9.496252837533408,5.301423322001696
2007-01-19,126.66,72.69187738729438,9.502278823931741,5.3791732933317915
2007-01-20,125.72,74.1102945453068,9.500086681560239,5.489298431863323
2007-01-21,125.63,70.37389310413948,9.504840657824117,5.4625929487143585
2007-01-22,125.84,70.85172885316058,9.51190149804665,5.479904602482602
2007-01-23,125.57,73.4941275960123,9.495581685562207,5.549800115780636
2007-01-24,125.43,71.6113548003158,9.499846583745903,5.408147516590031
2007-01-25,125.84,72.52161332844439,9.492558176410041,5.261953696978002
2007-01-26,125.6,73.55255442407442,9.511186375692096,5.440111496221761
2007-01-27,125.76,73.58492937140217,9.506808533994672,5.396904766081078
2007-01-28,126.21,69.94157747622569,9.505615314590996,5.274264630965112
2007-01-29,124.9,70.67543178082407,9.508557177011745,5.3994144295277335
2007-01-30,125.68,71.81223218454862,9.499027012741818,5.382519297361256
2007-01-31,125.93,72.19261862023448,9.498076548002606,5.4355429275889975
2007-02-01,125.65,71.05583482797651,9.495705087213723,5.478612142393631
2007-02-02,125.75,70.22081347849594,9.514928493124005,5.444868061811479
2007-02-03,125.76,70.83115307831468,9.496615238975393,5.296821945507181
2007-02-04,124.79,71.93063700075375,9.515219487976767,5.50729182445153
2007-02-05,126.1,70.83894385982217,9.51052291271762,5.3212374273610115
2007-02-06,125.63,75.72925973362217,9.491592784621394,5.404706357165646
2007-02-07,125.69,74.11049282132889,9.485097197351962,5.346626920617216
2007-02-08,125.54,72.08189105119594,9.51057312203584,5.431446748634981
2007-02-09,126.0,70.31503665146624,9.485790048399405,5.380312549541323
2007-02-10,125.9,70.32820417962614,9.495192655567156,5.33019935823539
2007-02-11,125.77,73.22441176460686,9.481465949528333,5.303497161328978
2007-02-12,126.41,68.94757891997877,9.47812130185845,5.491432291746492
2007-02-13,125.67,69.00655533134648,9.481930807446046,5.381241606304983
2007-02-14,126.07,71.06378460329952,9.485166534080086,5.511787444133736
2007-02-15,125.32,72.77979236154586,9.500271519664564,5.5622159308014725
2007-02-16,125.47,69.3286649763611,9.503636123206535,5.31173229480475
2007-02-17,124.94,71.1015959181985,9.493175218465439,5.502724023184931
2007-02-18,125.75,73.67563982027191,9.4828919311278,5.4772850667165205
2007-02-19,126.08,70.67319493007179,9.492975605328523,5.389704075295534
2007-02-20,125.15,72.33667347482455,9.49555219075355,5.287780501877638
2007-02-21,125.22,70.81660228385438,9.487774908259718,5.471492070603784
2007-02-22,125.6,71.26453861924624,9.505855129697103,5.342721654367698
2007-02-23,125.32,73.42012424347513,9.527245675311834,5.420591509536581
2007-02-24,125.69,72.68097672118938,9.502453225820844,5.466935197263119
2007-02-25,125.3,70.65997213425854,9.496830574976125,5.396154745307838
2007-02-26,125.24,73.83947884899767,9.497665850660976,5.361830588859303
2007-02-27,126.18,73.37087246225205,9.519145174085079,5.3920081678265666
2007-02-28,125.37,74.50647879203703,9.491329843859251,5.489992706897968
2007-03-01,126.12,72.53523773682703,9.499975523924466,5.245822592528457
2007-03-02,125.06,72.38990278926056,9.50490012992988,5.266492972424683
2007-03-03,125.37,74.14032558938688,9.498439266643103,5.5147802628479345
2007-03-04,125.48,68.46656067513179,9.515324379168934,5.320739444938196
2007-03-05,124.96,72.24805594864903,9.501801298607594,5.43626838301525
2007-03-06,126.3,76.17872485275802,9.496198350517036,5.391752521814099
2007-03-07,125.53,73.98534767679273,9.486866138820007,5.366567089422292
2007-03-08,125.45,74.21226737274195,9.50987258629064,5.6132265392233105
2007-03-09,125.98,70.22398936226021,9.512933621091914,5.702418224554976
2007-03-10,126.16,71.84585973521229,9.51956060730371,5.284720016195548
2007-03-11,125.41,71.47532470225634,9.520522670221874,5.3813167440011105
2007-03-12,125.49,70.64183937899703,9.52250306338775,5.489742015625859
2007-03-13,125.56,73.1742612921142,9.495486221061192,5.3493545031814715
2007-03-14,125.68,74.72299384949719,9.493583041250838,5.334032529612286
2007-03-15,125.79,72.70404916471556,9.493226605161412,5.257319059991332
2007-03-16,125.55,73.9725196745231,9.515286396578798,5.3725200981626156
2007-03-17,124.95,71.39754230483523,9.516470270635335,5.271441872429866
2007-03-18,125.37,74.33335759898232,9.503326727877804,5.292792917950082
2007-03-19,124.26,72.71753516760441,9.500093630156565,5.469884769420498
2007-03-20,125.15,76.25094217835489,9.497735426438124,5.276640743122559
2007-03-21,124.62,73.19366388816199,9.514459619760943,5.186482989148979
2007-03-22,125.65,72.23149150366176,9.505722844507892,5.459719771045928
2007-03-23,125.88,75.4150281151589,9.487353516734979,5.373035339028559
2007-03-24,125.62,78.00516006042554,9.502806202488884,5.223761497609671
2007-03-25,125.25,76.02253298609119,9.489882092176702,5.409666197879469
2007-03-26,125.01,74.70587551292489,9.500582974721818,5.325371207489292
2007-03-27,125.1,70.8263772144987,9.48626328715826,5.466437689439095
2007-03-28,125.67,70.73860256987322,9.5200687624859,5.279230891783832
2007-03-29,124.7,72.31617899502017,9.49674960876609,5.609942274330235
2007-03-30,125.76,70.72036775683068,9.525592344448134,5.532443480767981
2007-03-31,124.96,73.13100864886997,9.489775126594143,5.45477055123031
2007-04-01,124.75,72.34821401160883,9.494101561729929,5.295483298959018
2007-04-02,124.8,67.59463885413068,9.513357821706872,5.325260683267738
2007-04-03,125.56,73.86034660429678,9.50738941226349,5.179907836162288
2007-04-04,124.66,74.67484596698333,9.492107332623554,5.279631211484037
2007-04-05,125.58,73.15248841103812,9.475932377125785,5.208341845117511
2007-04-06,124.96,71.55255304276832,9.500417554288461,5.455394522896887
2007-04-07,125.95,71.2612244001986,9.506556873024474,5.435642021490388
2007-04-08,125.44,73.63709045116585,9.50060063738525,5.485124205619207
2007-04-09,125.49,74.33007730302434,9.487333163868904,5.3869942774504675
2007-04-10,125.5,71.89308632546559,9.501259379776064,5.5181864473872295
2007-04-11,125.43,73.19180105287762,9.517787250092834,5.235284674314597
2007-04-12,124.58,78.3628432353891,9.507891169796105,5.429589311338017
2007-04-13,125.03,73.91026383919106,9.508149437302256,5.337503009527906
2007-04-14,125.42,75.064486514452,9.51042880073237,5.281074032889257
2007-04-15,124.96,74.46390273499685,9.486859179152397,5.332357728395188
2007-04-16,125.48,72.51831139136944,9.505521595134883,5.482064041649853
2007-04-17,124.99,72.92384603596786,9.49411498865289,5.409843093268151
2007-04-18,125.04,73.66620245846057,9.503371502617492,5.48054455600945
2007-04-19,124.51,75.36707822603273,9.523307413057696,5.358127947265987
2007-04-20,125.41,72.59528487242854,9.512061659802457,5.507603178301235
2007-04-21,125.11,70.53856714283651,9.5045937836571,5.427573567670239
2007-04-22,125.49,70.98137336706047,9.495106018669532,5.2048963067181635
2007-04-23,125.49,72.58426030178462,9.514561473033522,5.266087566509906
2007-04-24,124.8,70.72586556952899,9.505607128706812,5.547620431991756
2007-04-25,125.39,73.57381493897175,9.503348730232881,5.413308307315664
2007-04-26,124.84,73.86813473394399,9.49096431742188,5.436197108089074
2007-04-27,125.24,74.24757244666719,9.510218334951526,5.526960435735076
2007-04-28,124.98,71.75044530532087,9.503393897556363,5.263658666698681
2007-04-29,124.67,72.93843316050496,9.504141914795474,5.323913700349243
2007-04-30,125.49,73.11868439673401,9.507304437560709,5.54624758895664
2007-05-01,125.63,69.45428785726997,9.498229675635173,5.512832948850681
2007-05-02,125.68,70.1664651869484,9.510527724732723,5.559331909264764
2007-05-03,125.62,71.20186906090461,9.51798908295648,5.424542437370563
2007-05-04,124.89,70.52353197769045,9.473689167823837,5.26515981858694
2007-05-05,124.74,74.28217403805571,9.513984006327902,5.492502881204356
2007-05-06,124.81,71.86790847334278,9.5035313478384,5.359210878380826
2007-05-07,125.3,72.41277124777693,9.488326891006292,5.367529934549244
2007-05-08,125.21,74.8933251742222,9.486352653819285,5.3559679068697985
2007-05-09,124.71,75.5777671113497,9.502153858740764,5.40017703083638
2007-05-10,124.69,72.65378548039665,9.50762565128572,5.547754972799488
2007-05-11,124.7,72.33914845105255,9.508639532263373,5.329202701751509
2007-05-12,124.64,71.90881274505128,9.508994365308773,5.352736243316307
2007-05-13,124.64,71.94166541525672,9.504820620368488,5.288702541979377
2007-05-14,125.2,73.66688320856949,9.507327621656438,5.500783959640574
2007-05-15,125.69,74.34514853563768,9.498472685847819,5.469227031592875
2007-05-16,124.59,71.8563172544173,9.485982119416859,5.398956491589377
2007-05-17,124.79,75.10005880331698,9.503289513954801,5.438976738464129
2007-05-18,125.17,73.52824238345444,9.503233390297881,5.419570887055927
2007-05-19,124.87,70.67855869163517,9.506974433409773,5.452716243091929
2007-05-20,125.65,70.17290482264195,9.489900654587181,5.526322247247484
2007-05-21,124.44,75.30979257771556,9.501728095809678,5.387526751898462
2007-05-22,124.93,72.70358196523621,9.492297121781299,5.40562514460912
2007-05-23,124.75,71.81558244264143,9.49992115803998,5.435226468726982
2007-05-24,125.0,68.22390072756592,9.514464144900446,5.3637680325188475
2007-05-25,124.77,69.68398983606689,9.499087996702569,5.495790741328753
2007-05-26,124.69,71.63378550654609,9.508625870020563,5.326845372984567
2007-05-27,124.84,76.77555121763761,9.496323172401764,5.266017327191309
2007-05-28,125.0,71.91138665730035,9.516335981460927,5.429139818961141
2007-05-29,124.91,71.02748843486413,9.51675686445059,5.328033509412783
2007-05-30,124.69,68.76792821352984,9.502386134235172,5.335923656300004
2007-05-31,124.58,71.15121719821046,9.50832480440211,5.566483804025971
2007-06-01,125.1,72.30937273283548,9.511637094398642,5.389915690328705
2007-06-02,125.3,69.19843439891602,9.486916163152115,5.238142694013454
2007-06-03,125.12,73.18337386207928,9.488200003678381,5.351613739210795
2007-06-04,124.89,74.04965394526394,9.494573521347654,5.536596693810765
2007-06-05,124.21,69.90646026934566,9.52198669269348,5.292686742558903
2007-06-06,125.22,74.38958734113726,9.498296216983867,5.353194477510498
2007-06-07,124.65,71.98126221833309,9.50060456384072,5.371568024006867
2007-06-08,125.12,73.4042133571286,9.500385761624203,5.414266265856263
2007-06-09,124.87,70.55752284845272,9.486940698469192,5.569450022999393
2007-06-10,124.74,69.83922311168152,9.508256169224603,5.4147416285685965
2007-06-11,124.63,74.7507402248038,9.502529421220624,5.276492751704288
2007-06-12,123.63,73.53379824580671,9.503355956909767,5.2046100937748605
2007-06-13,124.53,76.3049457343631,9.508077337670654,5.346833832499731
2007-06-14,124.53,77.52240174334626,9.505456289601637,5.476322171843709
2007-06-15,124.9,73.9857063560895,9.510065278678713,5.371949214993905
2007-06-16,124.14,69.08607607055986,9.516228305910206,5.355473729752981
2007-06-17,125.21,72.1936821284105,9.510878084004444,5.312028669289367
2007-06-18,124.85,71.44935866834383,9.497738354331034,5.475104284565787
2007-06-19,125.21,73.1366640226586,9.499793346785571,5.281428214471084
2007-06-20,124.28,71.45254363115119,9.49352278001613,5.423160822048372
2007-06-21,124.73,73.57240107911869,9.488227682291802,5.4367725117251
2007-06-22,124.21,72.06768916371693,9.509285688202654,5.373950681767061
2007-06-23,124.35,73.61199352952988,9.505707439223983,5.175668244602873
2007-06-24,124.62,69.95735036174287,9.518267553922712,5.326055456260499
2007-06-25,124.37,75.2278283702835,9.485784842484446,5.327436860302245
2007-06-26,124.55,73.70670300309393,9.498803409819434,5.366111575748602
2007-06-27,124.57,70.87046974888122,9.492469733249244,5.217462243459453
2007-06-28,124.41,74.1831973209835,9.503747414961277,5.2321845544904555
2007-06-29,125.04,72.66932439032479,9.512958256384023,5.38567404730383
2007-06-30,124.2,67.65946970028746,9.494641053443651,5.330049266778318
2007-07-01,124.85,75.51034085747605,9.494712334373906,5.4959261736144365
2007-07-02,124.97,72.32701505179607,9.497746017443927,5.259569358837852
2007-07-03,124.15,68.74115528188709,9.498937265480832,5.5213480205742576
2007-07-04,124.84,73.13074360769272,9.496502918798852,5.3524793319124795
2007-07-05,124.24,74.76622486949474,9.500573506670964,5.147269256398899
2007-07-06,124.51,74.7992987335212,9.495247326070299,5.496910737617924
2007-07-07,124.78,70.83329572129682,9.50177763993079,5.378021684096216
2007-07-08,124.09,71.81515237376294,9.497438929926583,5.359047311689127
2007-07-09,123.88,71.79516545267725,9.488256810847796,5.240197110960706
2007-07-10,125.2,71.4319523555309,9.5009588558838,5.238788820012886
2007-07-11,124.47,70.32819244289914,9.506771468328068,5.452387535808149
2007-07-12,124.88,70.63827526019789,9.479593178663917,5.4589221052093
2007-07-13,123.88,74.86493826293767,9.5023045670022,5.145422002825816
2007-07-14,124.24,76.7957124330985,9.49447429723799,5.340078818414062
2007-07-15,124.61,74.57594086187794,9.507564815512074,5.215775172119677
2007-07-16,124.39,73.18749967258441,9.498191546376622,5.26897811949681
2007-07-17,124.6,72.2251677385817,9.496068991392576,5.1932317191340305
2007-07-18,124.56,71.39901823839664,9.491125700174697,5.417574394635203
2007-07-19,124.2,74.09326331705621,9.511976111858084,5.5302931170839065
2007-07-20,124.71,71.60968576661159,9.495142696956114,5.5426487467437635
2007-07-21,124.62,70.54581990288906,9.51975664360827,5.326214588149969
2007-07-22,124.04,72.33378370397881,9.500825915119172,5.339159924753937
2007-07-23,124.59,75.45814263516262,9.506809603995592,5.319003141125835
2007-07-24,125.14,73.12499271072123,9.486860230257935,5.35034670688947
2007-07-25,124.14,67.36881853671483,9.496181249067908,5.559668177721591
2007-07-26,124.09,75.07841833514546,9.511018858526672,5.313937345652107
2007-07-27,124.12,75.73209906520782,9.492596937320036,5.266555269727639
2007-07-28,124.32,74.25169107455876,9.490716070562605,5.64829678975238
2007-07-29,123.84,73.02036429026832,9.48442684263587,5.39719356132703
2007-07-30,124.65,74.54488193378276,9.500617799547088,5.52292380683842
2007-07-31,124.46,72.22675023034243,9.488802754341856,5.487522734324689
2007-08-01,124.12,71.06631814271978,9.481789298644914,5.410284684554419
2007-08-02,123.79,72.81632445695624,9.520225690178625,5.453273443746218
2007-08-03,124.3,68.43428003464982,9.509591000740164,5.570473756274988
2007-08-04,124.45,69.12887991209811,9.49437636544112,5.347863513703756
2007-08-05,123.86,71.34040036873996,9.49735562001222,5.6372426120997865
2007-08-06,124.63,74.38136694183856,9.505569902109336,5.3457025519982455
2007-08-07,123.93,73.11525400885019,9.499322457495401,5.407734774537239
2007-08-08,124.4,73.32325188035156,9.483976692322035,5.467315750708652
2007-08-09,124.73,72.46299450905624,9.487505023795249,5.301563329298021
2007-08-10,124.24,70.39517421977894,9.492802917168383,5.408472061694828
2007-08-11,124.2,71.08929612742905,9.505742592538438,5.311900132447471
2007-08-12,124.55,72.90211775224095,9.502503711510064,5.472619560535292
2007-08-13,123.88,72.26089710058464,9.509867714966699,5.2838906156368495
2007-08-14,123.75,72.12586827233096,9.491948591006002,5.341344585494617
2007-08-15,123.69,68.84856558735886,9.501316481632466,5.332554529754377
2007-08-16,123.85,71.46225630386394,9.488236228910319,5.276962963291686
2007-08-17,123.56,66.77854083350323,9.507710604039005,5.569126676238053
2007-08-18,123.97,68.9385772561864,9.505442742879161,5.365653835689021
2007-08-19,124.52,66.54626779941508,9.478664660871397,5.357568711329184
2007-08-20,124.3,70.99588762030187,9.504078177650676,5.398259406902654
2007-08-21,124.32,74.02314357457686,9.484681971258993,5.34949656723362
2007-08-22,124.21,73.26369557516193,9.50951708120785,5.266662737723424
2007-08-23,124.67,71.61044011909121,9.498468449478105,5.433454842593375
2007-08-24,123.96,72.095215872794,9.500628674421801,5.478152281659264
2007-08-25,124.17,72.33185464918479,9.484200386327707,5.664532213965817
2007-08-26,124.19,74.47340815342993,9.511168398712963,5.491669738518379
2007-08-27,124.38,71.97111248358705,9.48917293729555,5.4419903165068
2007-08-28,123.56,72.87945981986799,9.501415687418096,5.2790720325889495
2007-08-29,124.7,75.95241305839062,9.479087969648406,5.5468440048781575
2007-08-30,124.34,68.59070445275977,9.499191864316078,5.1862190342996906
2007-08-31,123.89,72.44234248494402,9.500480614302923,5.450574577310917
2007-09-01,124.09,69.60901245383307,9.504355444840819,5.321362522671849
2007-09-02,123.81,71.44871285694651,9.503244978104368,5.403128984627108
2007-09-03,124.04,75.80938278436622,9.510883424890977,5.439298936234429
2007-09-04,124.5,72.01303199360855,9.491471790245319,5.280434083894494
2007-09-05,124.57,74.69155891867449,9.496442875812273,5.248834887498366
2007-09-06,124.23,70.16503356819828,9.482844856832159,5.410939833122791
2007-09-07,124.0,71.96290258363943,9.487999427089225,5.282121589249226
2007-09-08,123.68,71.87396556113816,9.498665026703595,5.350737016653545
2007-09-09,124.07,64.82086120150294,9.493873741539101,5.122574587067167
2007-09-10,124.0,70.39223621744075,9.502438742902378,5.504745476152125
2007-09-11,123.35,72.72565958566251,9.513708380682173,5.304436353282236
2007-09-12,123.71,77.05201328214248,9.484683662098186,5.508189426774521
2007-09-13,123.61,71.85043053505997,9.509545821278405,5.435710003961352
2007-09-14,123.81,67.7727383748889,9.5032202661262,5.471801765709046
2007-09-15,123.57,71.87915110670703,9.496217872720427,5.223252841359564
2007-09-16,123.98,73.64638257468248,9.48834691016284,5.4057532625071945
2007-09-17,123.6,73.70655355920327,9.510279590233708,5.364463788428736
2007-09-18,123.48,72.70380194030908,9.49178076287136,5.454276847682115
2007-09-19,124.8,74.6535331737303,9.505362630733359,5.401527177281118
2007-09-20,124.11,72.71900291005733,9.485548833152905,5.373325799655595
2007-09-21,123.9,68.98364707390343,9.504044504721609,5.287462697068284
2007-09-22,123.72,71.6149311717472,9.506125039727385,5.462224351995206
2007-09-23,124.29,69.72190262691198,9.510930642337744,5.585765592403686
2007-09-24,123.73,73.08560347951854,9.495774724907823,5.524923910154727
2007-09-25,123.75,72.4236504083697,9.51775293323463,5.350809079519898
2007-09-26,123.5,73.1313268447517,9.473733978770548,5.464016354458204
2007-09-27,123.55,73.54374382064971,9.505787326755604,5.474311478041924
2007-09-28,123.47,68.04541290536935,9.503491417294116,5.385199691017196
2007-09-29,123.92,71.6234224666171,9.510163025955961,5.3418898816852725
2007-09-30,123.5,78.11451900219987,9.495663023986396,5.296325965275375
2007-10-01,123.03,72.78942017451988,9.504289419105234,5.396041324152298
2007-10-02,123.97,72.72220763506016,9.495396223303246,5.2078703777298
2007-10-03,123.72,74.02981773619906,9.521659301759028,5.428179170379509
2007-10-04,123.18,71.44505685910148,9.498588467906163,5.597126702465884
2007-10-05,124.08,75.69679804809267,9.499053316338703,5.497617764405997
2007-10-06,123.82,71.3699774137732,9.490380606464633,5.518183842226263
2007-10-07,123.25,72.87570927244616,9.505272967434372,5.4765656108217105
2007-10-08,124.02,74.27949883143626,9.50107667279694,5.348605442967281
2007-10-09,122.96,72.83385189326434,9.512791073428001,5.474288111558282
2007-10-10,123.74,73.37390330255838,9.516806256387179,5.370422381894929
2007-10-11,123.98,71.87606732284029,9.48703063138832,5.407808969553661
2007-10-12,123.3,71.9290904837946,9.52369256126136,5.2399409327057995
2007-10-13,123.23,74.40495485052207,9.50592837298349,5.332564005531943
2007-10-14,124.25,74.81484372724127,9.493908789873792,5.335280949077777
2007-10-15,123.48,70.17042622346497,9.48988289677277,5.305481205444565
2007-10-16,123.32,71.50826199550195,9.507062029758329,5.273897039485835
2007-10-17,123.53,75.58666023437499,9.486098176310431,5.269523578162984
2007-10-18,123.34,71.75335230098565,9.495267835632124,5.457948701779478
2007-10-19,123.66,71.17396397802744,9.504278590455975,5.423721990839731
2007-10-20,123.22,69.86490740976477,9.497387320926345,5.524417220380494
2007-10-21,124.36,75.31881108682833,9.496069358460176,5.302907940112306
2007-10-22,123.86,72.38081793220557,9.50980330576731,5.34797651780683
2007-10-23,123.46,72.01780976058524,9.513498382541236,5.505629286593496
2007-10-24,123.85,72.50646010574326,9.50355154490104,5.153818396738842
2007-10-25,123.09,74.78934693935362,9.496922240203741,5.570500143213176
2007-10-26,123.75,75.29758379998664,9.49242074094163,5.513912293898362
2007-10-27,123.49,71.12365020091562,9.497826877219785,5.1258259942404685
2007-10-28,124.01,73.12022141030863,9.50325134011511,5.247415635416644
2007-10-29,123.24,73.92937084807794,9.484101689715837,5.52607937708074
2007-10-30,123.41,75.08669475900798,9.506627364200316,5.287605190661634
2007-10-31,123.49,72.72913318780962,9.492391433179971,5.464152585286761
2007-11-01,123.49,73.97177395398572,9.503633886244081,5.367476169142433
2007-11-02,123.64,74.35331304460819,9.491581225453515,5.305664443845759
2007-11-03,123.62,70.1174802052187,9.499085574535576,5.403168298968302
2007-11-04,123.54,69.38275088309804,9.507994224747714,5.430679253762679
2007-11-05,122.96,71.99472006500764,9.486760340660279,5.269631136701932
2007-11-06,123.57,69.07255934080386,9.478420878829052,5.261423492221732
2007-11-07,123.48,73.77988669439517,9.478678219196881,5.266087875059
2007-11-08,123.67,70.86043634486184,9.48347725204116,5.5065312615122926
2007-11-09,123.7,71.11056109214722,9.496614716923222,5.388300563721541
2007-11-10,123.5,69.80262592483189,9.497157077408017,5.559930221780937
2007-11-11,123.79,74.56618646454542,9.481069181927458,5.37126085437858
2007-11-12,122.92,72.07150531438701,9.503987615797568,5.482791441422369
2007-11-13,124.39,72.29200126672927,9.490613327432598,5.5456355803011
2007-11-14,122.72,69.71076103208695,9.505349967111568,5.4610168441869
2007-11-15,123.4,72.830123238376,9.498417645228981,5.425995389159611
2007-11-16,123.43,73.56452795029817,9.50465970035811,5.536592499806782
2007-11-17,124.22,75.03162664684115,9.494386385791005,5.461587246783033
2007-11-18,123.15,71.49081907895871,9.511021858203133,5.396907791391646
2007-11-19,123.16,72.30789501279239,9.499098523334908,5.408547816278229
2007-11-20,122.89,75.2191858656283,9.503497931226246,5.555584161387323
2007-11-21,124.18,73.87091215860006,9.498301309399768,5.450375809472074
2007-11-22,123.45,67.78319523145835,9.512553767167208,5.373818593146435
2007-11-23,123.75,72.72555671181043,9.499487079931633,5.4064870883471485
2007-11-24,123.58,70.6342601182846,9.495095386137844,5.455863692216855
2007-11-25,123.9,75.2986930042609,9.507972184053296,5.348195069123675
2007-11-26,122.58,73.9214562250557,9.512721243602117,5.287006663853059
2007-11-27,122.82,73.43923322403869,9.489604360905817,5.223886047298699
2007-11-28,123.61,72.16841547702745,9.493293264871093,5.299986594181371
2007-11-29,122.61,71.09027160776739,9.496403335758684,5.338188971982056
2007-11-30,123.34,70.85508849787155,9.496869635173935,5.419212344757957
2007-12-01,123.35,72.83230879761372,9.500878910629764,5.389999148372639
2007-12-02,122.99,71.02653489259404,9.505933777969279,5.265348580063771
2007-12-03,123.53,71.24457238275731,9.483952701944533,5.5352945920619865
2007-12-04,122.53,72.25560547064312,9.498945123638162,5.500473939882962
2007-12-05,123.72,73.81237514323628,9.500698351723448,5.68802654832266
2007-12-06,123.84,72.85293803755614,9.504786356005484,5.356464188898348
2007-12-07,123.85,71.68812881559117,9.4943830742822,5.391454297000314
2007-12-08,122.96,72.32021597689666,9.480277298305285,5.495117206104176
2007-12-09,123.59,74.50113345546832,9.499523399277603,5.35186429774861
2007-12-10,123.03,70.90868398387973,9.498840152103039,5.1815819403653345
2007-12-11,123.66,74.61947437148457,9.499230420925114,5.1474195998866
2007-12-12,123.62,73.52515898593619,9.50673880014681,5.327784653035916
2007-12-13,123.25,76.37520860567706,9.480085733091029,5.421394321638759
2007-12-14,122.61,72.44802715435274,9.521561114156459,5.40624707823
2007-12-15,123.12,68.77718664506152,9.48907113745341,5.272815375092859
2007-12-16,123.07,71.81293952419705,9.494453952618418,5.47755213856805
2007-12-17,122.98,73.7242664949565,9.49832161300351,5.44279942931288
2007-12-18,122.39,71.46193827833646,9.503213568777555,5.230235380309238
2007-12-19,123.71,72.14621373145366,9.504503709504732,5.3375634832321825
2007-12-20,122.63,68.92172027659025,9.500032147501656,5.359750071831424
2007-12-21,122.71,71.22372969195942,9.489254632209809,5.4070248338630265
2007-12-22,123.28,75.8936086863749,9.497344120075704,5.283678518059083
2007-12-23,122.93,72.9074711523392,9.508178219306604,5.3119694285818
2007-12-24,123.14,69.0302364324495,9.4994216414842,5.539756320006773
2007-12-25,123.54,73.79204162559324,9.509097897046193,5.331222252880297
2007-12-26,123.52,70.98357417868509,9.495027520196718,5.332164042308403
2007-12-27,123.33,69.45890021696135,9.508357246582376,5.522892085465397
2007-12-28,123.35,72.69562339756519,9.501544719610408,5.319893401331263
2007-12-29,123.01,71.44035857938565,9.492525150216608,5.501480898358025
2007-12-30,123.25,70.60991091286884,9.499999802023869,5.406457243616852
2007-12-31,123.3,72.76410380376083,9.502083177479543,5.4436115975794195
2008-01-01,123.16,95.87367729263043,9.75385869536445,11.305457182137406
2008-01-02,122.76,95.84197059064223,9.759503772480205,11.631168378816922
2008-01-03,123.39,95.34125675969293,9.741669861948191,11.200616697457752
2008-01-04,123.13,93.33148026050341,9.753729140509522,11.787778462587774
2008-01-05,123.31,97.16597715948747,9.749242935393182,11.808488979068274
2008-01-06,122.46,101.59762860154135,9.748347924019019,11.509278194209314
2008-01-07,122.69,104.85801233493606,9.748895673698291,11.511071898790222
2008-01-08,123.36,98.07753015551265,9.749759241507725,11.566077831556976
2008-01-09,123.16,94.68538864716596,9.760790677833388,11.84425584790883
2008-01-10,122.57,95.21443883444292,9.746527708451667,11.749844903971995
2008-01-11,122.49,99.68251778490757,9.743030988142031,11.513203747898663
2008-01-12,123.39,97.20987646497775,9.751376501101054,11.567762645681059
2008-01-13,122.4,90.98884223581983,9.752753381031448,11.08629072192901
2008-01-14,123.08,100.73733606600526,9.749975296596281,11.376412957526172
2008-01-15,122.82,91.44348457843739,9.75170138860275,11.66914684249949
2008-01-16,122.97,93.0807601751335,9.743522634819678,11.336559110376356
2008-01-17,122.27,100.59708419350115,9.755208175394513,11.360506441023878
2008-01-18,121.95,99.94194171078692,9.74205346198653,11.451229979834096
2008-01-19,122.67,98.56970163508592,9.751584196642716,11.746484766477609
2008-01-20,122.71,96.2753653441809,9.754855204488727,11.823555965355087
2008-01-21,122.83,95.33691259035189,9.755849862545691,11.364086708564683
2008-01-22,122.53,95.2354050707582,9.75175023950145,12.012860520613282
2008-01-23,122.4,100.3903876055634,9.749232851541663,11.582655351497252
2008-01-24,122.29,96.56678465257227,9.748830147234866,11.429805474779327
2008-01-25,122.48,96.81186305946717,9.729252841930915,11.595230825883403
2008-01-26,122.41,94.6785858759537,9.749263348248459,12.09123454819984
2008-01-27,122.44,99.21918490014804,9.741109019306302,11.298823606433228
2008-01-28,122.25,97.19838942829287,9.768496542976997,12.115958424936302
2008-01-29,122.38,92.83958950672539,9.763487652613698,11.620629823242375
2008-01-30,122.11,94.81176494031527,9.737379026567247,11.80279612819162
2008-01-31,122.67,93.9238486143226,9.732978707751283,11.85613580997779
2008-02-01,122.64,98.15609379432125,9.758063516857858,11.737849950078491
2008-02-02,121.54,101.15485568387561,9.753344905910318,11.19331731249936
2008-02-03,122.64,96.24712467248725,9.7489866480613,11.942857498403948
2008-02-04,121.97,95.93830157982552,9.738151950372547,11.579281116197443
2008-02-05,122.02,92.76196996432147,9.751088401276904,11.510964541631648
2008-02-06,121.88,96.01263389841988,9.73142915679442,11.649519414226605
2008-02-07,123.31,99.42061567440687,9.749935582857256,11.415156331068774
2008-02-08,122.09,100.38806218626624,9.748922682999874,11.886190545374284
2008-02-09,121.9,93.22349853570763,9.744924233785675,11.779011251136101
2008-02-10,121.94,96.87980899786781,9.766198201292015,11.781527064789733
2008-02-11,121.82,96.43647067449193,9.749111961698928,11.339955502961946
2008-02-12,122.56,96.61225053504926,9.752558835213936,11.378528783420752
2008-02-13,121.77,103.05946191142475,9.749386461014405,11.625757889694295
2008-02-14,121.55,100.36915876718795,9.767954167010913,11.18985924970337
2008-02-15,121.87,99.0137711652065,9.756483727679171,11.781312374566484
2008-02-16,122.6,95.42537170394176,9.764006685523448,12.131190376129128
2008-02-17,122.05,98.93771838807513,9.739515732665668,11.544512832642361
2008-02-18,122.06,97.50031958224939,9.75026072163951,11.504732747447676
2008-02-19,121.25,98.28882443591695,9.753775213286763,11.452388974182757
2008-02-20,121.43,86.81411733647215,9.753413825698779,11.364479422109406
2008-02-21,121.59,97.58478687853525,9.750836736505923,11.826987750367861
2008-02-22,121.74,99.24345700186505,9.728687513234808,11.70156824021551
2008-02-23,121.74,97.98012427334803,9.749534505549509,11.269835692303637
2008-02-24,122.24,92.45558461212575,9.727281795179506,11.908946771652401
2008-02-25,121.61,97.86202035225254,9.734303082039421,11.499450179391314
2008-02-26,122.38,99.42647667277723,9.75973511811292,11.527482468708937
2008-02-27,122.1,97.13310207321977,9.73653034889582,11.71055677881117
2008-02-28,121.58,97.88983213068681,9.743510089247234,11.40083325242703
2008-02-29,121.37,95.7072534123533,9.756875341057233,11.18717693672587
2008-03-01,121.42,98.1700838649009,9.73512712004459,11.786088621370004
2008-03-02,121.27,98.98091435770785,9.763235784649757,11.42499267793102
2008-03-03,121.61,95.2568639855219,9.748327811361241,11.562776786586301
2008-03-04,121.59,101.08719329709102,9.749974154751294,11.47393688792324
2008-03-05,121.43,101.35306551387986,9.765174444848093,11.770924962346768
2008-03-06,120.87,103.98864205225246,9.73359894002578,11.584866968188548
2008-03-07,121.54,100.70384362135106,9.743719559145514,11.509742478437486
2008-03-08,121.92,89.65667937935257,9.774795535323092,11.432162055711295
2008-03-09,121.57,99.15593251646803,9.762885785397753,11.276126681574192
2008-03-10,121.31,98.70586752898686,9.743450311414085,12.106582912700501
2008-03-11,121.29,96.12369684244942,9.747549792993576,11.341877375952958
2008-03-12,122.05,99.647520724525,9.760261504511913,11.720279224238466
2008-03-13,121.08,100.38382993977241,9.748187384463781,11.488288132318823
2008-03-14,121.44,94.19345003394537,9.740367210030913,11.702817803659496
2008-03-15,121.86,92.76676723743753,9.7559622480319,11.652554193554659
2008-03-16,121.25,97.90616704846946,9.735001056971742,11.47077984049191
2008-03-17,121.41,98.84649081870515,9.74140865216407,10.907560112597228
2008-03-18,121.02,93.29040401526532,9.728992268384774,11.368286504233577
2008-03-19,121.47,97.74962721031973,9.758051035083755,11.472917075753628
2008-03-20,120.86,98.31499542983521,9.742642747237095,11.5280368246384
2008-03-21,120.59,96.47352722073852,9.745350565350412,11.633000439877925
2008-03-22,120.78,96.83455159121056,9.759043773427969,11.445220810334904
2008-03-23,121.22,91.00885321835395,9.752760419052143,11.858123480311566
2008-03-24,121.94,97.21608092568795,9.737941446314526,11.975475387500245
2008-03-25,120.29,97.08821051157531,9.754610487533958,11.624381031502264
2008-03-26,121.31,93.52177158677998,9.761520950181318,11.833137350555338
2008-03-27,121.19,91.98776864116718,9.75055725383785,11.543358076055295
2008-03-28,120.95,96.3254527691164,9.753627163150474,11.761288041942548
2008-03-29,121.04,92.43927935890717,9.754860484143718,11.37357523598606
2008-03-30,121.57,98.98302121836146,9.751199982474757,11.517517646595584
2008-03-31,120.09,91.63491411857821,9.755645915562,11.07227840057508
2008-04-01,120.54,98.69595350616805,9.743198587310387,11.74324127020305
2008-04-02,120.55,100.17908991771233,9.758954869199114,11.466233695524679
2008-04-03,120.73,95.11429118149523,9.752079372007074,11.408900163954742
2008-04-04,120.98,94.15475632265137,9.746083498393782,11.401731703483879
2008-04-05,121.31,93.7872527698478,9.731200373576835,11.54466857342152
2008-04-06,120.86,93.6251325679582,9.75135648918634,11.86070430744244
2008-04-07,120.87,96.60636370595705,9.751122041417819,11.49482445719818
2008-04-08,121.66,99.38358921517127,9.750881101388027,11.668853312360204
2008-04-09,120.53,96.81137531456903,9.75849285338629,12.272369527227733
2008-04-10,120.44,97.74331919887553,9.74641677983407,11.650014125556863
2008-04-11,120.55,90.85651883459853,9.75341984160719,11.531259046711645
2008-04-12,119.9,100.84869141085348,9.765556876843387,11.508479963160573
2008-04-13,120.67,100.45718166554805,9.762209125785152,11.485604004084143
2008-04-14,120.85,98.03987424648,9.762893229952935,11.541477875114913
2008-04-15,119.9,96.58210155180487,9.753685611146816,11.601222057193779
2008-04-16,120.58,101.59872081152055,9.756617555152872,11.174290767392549
2008-04-17,120.37,98.73623343704394,9.75192936384838,11.806302724960892
2008-04-18,120.1,100.0890352834052,9.764718681243272,11.673400310837884
2008-04-19,119.96,94.32628828880138,9.739780531887977,11.174346600536635
2008-04-20,120.22,100.09786448766984,9.750694024119769,11.566107051139184
2008-04-21,121.3,98.28328059020909,9.748650091403873,12.102434940414696
2008-04-22,119.78,97.49174782360912,9.744714665517279,11.662222816851903
2008-04-23,120.64,101.21579709651414,9.747552655279517,11.810845507173642
2008-04-24,119.71,96.16336499172087,9.739499561458956,11.624161725867298
2008-04-25,120.01,95.01420102404701,9.761930999768875,11.375210589905702
2008-04-26,119.87,94.86883869597702,9.76213002088054,11.304402892375965
2008-04-27,119.95,94.58429615143083,9.739091897281435,11.509362734892981
2008-04-28,120.31,98.20510796381305,9.754724150968155,11.781538113678561
2008-04-29,120.5,97.14212516319435,9.742506230669449,12.073153080904184
2008-04-30,120.11,94.79032549382522,9.757828655438075,11.73607796905021
2008-05-01,120.48,95.20311501158535,9.773920988016252,11.398596354485553
2008-05-02,120.01,95.7172630167231,9.751397385511389,11.616818699684494
2008-05-03,119.77,89.62212685940443,9.745967852457866,11.770003904420928
2008-05-04,119.91,99.37981087122628,9.757095609940919,11.834628540912151
2008-05-05,119.69,95.11957075969481,9.747180822407147,11.233992240572817
2008-05-06,119.56,94.91539589141105,9.768854682653352,11.542884048714264
2008-05-07,119.78,95.55022782461063,9.756458820048405,11.633742895156916
2008-05-08,120.43,101.37902938303591,9.749622718869846,11.810567920281697
2008-05-09,120.04,94.17191004582344,9.753384759594267,11.388151384713918
2008-05-10,119.47,96.84959676744562,9.773029141840519,11.535429346307478
2008-05-11,120.27,98.21590796684372,9.754314314671538,11.621322019983056
2008-05-12,119.79,99.2069092246954,9.747815315987129,11.185349556528385
2008-05-13,120.0,94.3902229988142,9.750076631399667,11.415239671830436
2008-05-14,119.63,93.66527501737228,9.758673555139087,11.720908763386882
2008-05-15,118.92,95.8193098440039,9.750198619265845,11.275535246233563
2008-05-16,119.56,99.65355759313563,9.746475338629574,11.40786302170752
2008-05-17,119.34,93.04199470575992,9.730215476942707,11.807724878496186
2008-05-18,119.62,96.77388887534315,9.744790646493154,11.549692223244776
2008-05-19,119.76,97.65903409071935,9.749691262833789,11.952656130436347
2008-05-20,119.68,93.3552457696958,9.75918061971827,11.941303570167253
2008-05-21,119.7,97.74366002327325,9.76672342879279,11.734665128891848
2008-05-22,119.58,97.13947371140074,9.763994982804551,11.532874944735354
2008-05-23,119.18,93.47872473954745,9.74331262656596,11.919263530613879
2008-05-24,119.38,99.31684722578923,9.74934919917804,11.269863936649926
2008-05-25,119.06,94.26363587580707,9.765438693790768,11.914190637127692
2008-05-26,119.41,87.19931384075777,9.741219961955002,11.375181722760603
2008-05-27,119.06,96.46817777049947,9.748586474746382,11.695542555936173
2008-05-28,119.64,97.84961057765227,9.759913310007375,11.72595224230912
2008-05-29,119.05,93.77281877099296,9.756393281352283,11.330284211327168
2008-05-30,119.3,103.51405773936726,9.760036256988776,11.90726060744311
2008-05-31,119.35,93.6440560906741,9.743652626885954,11.492710469170294
2008-06-01,118.82,98.3609699106937,9.769112477678712,11.266480519926782
2008-06-02,118.63,94.34329185563202,9.730424469644978,11.6607495674304
2008-06-03,119.19,96.29182159150696,9.7541675449952,12.046449631555626
2008-06-04,119.06,98.08959870868641,9.75030720442274,11.166350934242349
2008-06-05,119.28,93.73561119859377,9.753419430683715,11.205518055386028
2008-06-06,119.48,96.4421423801664,9.733048065688168,11.977023665196548
2008-06-07,119.5,99.66181982508178,9.765902537750257,11.790923653748235
2008-06-08,118.92,89.93704102813196,9.750819317360225,11.748758949872942
2008-06-09,118.77,96.00835934561725,9.752078761437456,11.331240776931166
2008-06-10,119.25,97.06789767288335,9.75561024164465,11.133771456534694
2008-06-11,118.94,90.50742872115049,9.770617715876886,11.465492960710082
2008-06-12,119.12,96.79090689708669,9.777080844223585,11.917532924531283
2008-06-13,119.14,99.553575505826,9.749513879417144,11.923542952695962
2008-06-14,118.93,97.50909274686691,9.735450557294667,12.147011403111321
2008-06-15,119.08,98.10340303795665,9.764368551490854,11.595001239306237
2008-06-16,119.05,94.54304618640735,9.753580071709628,11.744592285732722
2008-06-17,119.81,95.82307816586463,9.736859261065549,11.521204700204663
2008-06-18,118.37,98.13162262734603,9.744086646831132,11.401599835266166
2008-06-19,118.86,105.24168792577973,9.76590174700459,11.620332915493721
2008-06-20,119.26,94.54742969517449,9.739331710173774,11.70211426606109
2008-06-21,118.36,92.76549059637509,9.74458203727142,11.41813498826652
2008-06-22,118.17,96.29173401391557,9.733527080391104,11.753040025629172
2008-06-23,119.21,99.2245352495276,9.74490317245937,11.570877702958503
2008-06-24,118.88,94.38285082061265,9.748747316897648,11.667647611911267
2008-06-25,118.94,96.94515477370253,9.752441909976154,11.845535069669879
2008-06-26,118.37,94.55722838296005,9.749591700525983,11.694039351789138
2008-06-27,118.67,97.6493924242586,9.743900544476011,11.698964992511002
2008-06-28,118.53,98.08216605727996,9.737405378811651,11.818113513847326
2008-06-29,119.27,102.27787126324334,9.752687195003436,11.762351994091196
2008-06-30,119.07,96.08533268195093,9.752918038725195,11.834738744884595
2008-07-01,119.14,94.55939604361923,9.755427816784662,11.838598988316159
2008-07-02,118.42,100.95847654129001,9.74951170660686,11.901028291849508
2008-07-03,118.04,94.19418184070341,9.752500871516615,11.406626326365819
2008-07-04,118.84,93.6542731607618,9.743583176496779,11.360250979531877
2008-07-05,118.09,99.16991986130365,9.75496292572128,11.525807201199308
2008-07-06,118.51,92.39163556573624,9.759029923558666,11.723927937566359
2008-07-07,118.26,93.03467275169027,9.727308359537764,11.168789693141223
2008-07-08,117.91,92.11073251188311,9.738356387233484,11.21647926862152
2008-07-09,118.69,104.49053574243037,9.752573127138048,11.291205000390034
2008-07-10,118.85,93.74624406005975,9.7550578123923,11.296983382723713
2008-07-11,117.87,97.15238793262388,9.749548840005273,11.586170789110273
2008-07-12,118.14,96.59076512003277,9.763031920064128,11.779152137289023
2008-07-13,117.67,96.76346188251408,9.753992246460236,11.430997981889686
2008-07-14,118.9,97.20161500143764,9.747913450700462,11.212123287481344
2008-07-15,118.4,90.56158458981527,9.763591779257615,11.427757907324654
2008-07-16,118.09,98.6246136418562,9.755578804901205,11.604448320460486
2008-07-17,118.21,96.56886979525221,9.744465750521933,11.732311449543229
2008-07-18,117.92,91.0575579347631,9.755434476511574,11.402275839224917
2008-07-19,117.92,95.95934818145432,9.753517578893026,11.460444218825243
2008-07-20,118.17,96.25505189882227,9.743826882401713,11.044027964048112
2008-07-21,117.63,94.21060880804045,9.75432449669618,11.523478822366728
2008-07-22,118.07,96.63633730342863,9.767761328416977,11.683956985997494
2008-07-23,118.25,99.89868610293442,9.75607461217576,11.588554529998156
2008-07-24,118.17,97.40682110902776,9.750302122370629,11.500332944481567
2008-07-25,117.7,95.32009959086392,9.751277166481504,11.730298787225102
2008-07-26,117.92,93.19608312758167,9.752794580847288,11.726539479573434
2008-07-27,118.42,99.10551557227453,9.76140809281812,11.445531316406882
2008-07-28,117.67,100.85163634395893,9.759526375962146,11.615478044250239
2008-07-29,117.55,99.96567794242803,9.739794249896802,11.867184154361198
2008-07-30,118.0,96.47584547617433,9.762552488500969,11.089878047907522
2008-07-31,117.82,97.72843251150398,9.757082312282252,11.602923945651002
2008-08-01,117.73,98.0393348387612,9.748417497997185,11.513031144410396
2008-08-02,117.69,97.25066884474556,9.759828469070493,11.383339999788566
2008-08-03,118.0,98.39894703191516,9.755546296931243,11.823106121849367
2008-08-04,118.07,100.4883356246098,9.739668359960305,11.790816421329346
2008-08-05,118.13,99.23705190953966,9.751061899384837,11.274861315886465
2008-08-06,117.08,95.93769296797043,9.743583570831259,11.701731254477604
2008-08-07,117.65,96.03531707443845,9.743586344842278,11.494106560656142
2008-08-08,118.2,96.8667343801237,9.752005628523067,11.953153136278122
2008-08-09,117.15,95.72614698498921,9.75075798872414,11.751321663253442
2008-08-10,117.17,94.09681498382649,9.74436132017292,11.923966018273104
2008-08-11,118.06,99.04065377507621,9.75936042021884,12.100821806255485
2008-08-12,117.45,102.06712560479873,9.751846872114756,11.250999472724981
2008-08-13,117.69,96.85583119865066,9.755544831240318,11.594308851767641
2008-08-14,117.09,95.11165441810775,9.735664197719887,11.811616682261938
2008-08-15,117.55,94.60189685915415,9.761561774458068,11.822678376575352
2008-08-16,117.53,97.78229478837962,9.73493205660709,11.791138100593429
2008-08-17,117.93,100.35001861123207,9.744178619180344,11.53915808655986
2008-08-18,118.24,96.56146911914465,9.75745113826541,11.506127766428705
2008-08-19,116.97,94.6563056299254,9.743828654087567,11.32558935170869
2008-08-20,117.74,100.3254135499814,9.760159734498718,11.778791344396128
2008-08-21,117.78,98.19024355881987,9.781842342041369,11.517929658371724
2008-08-22,116.82,98.68197034228221,9.761591658856913,11.86092320947552
2008-08-23,117.89,97.95537398929604,9.730601161349785,11.50996689522248
2008-08-24,117.59,95.51116536097598,9.763309059536605,11.906546685161157
2008-08-25,116.87,101.09550674401254,9.744834407625133,12.036741481342979
2008-08-26,117.38,94.01418161432662,9.748667984470694,11.823222906136486
2008-08-27,117.27,92.2377403231377,9.751351974180126,11.42211917514971
2008-08-28,116.78,96.45793250566797,9.741266134476525,11.350692076403028
2008-08-29,116.64,92.23950223430018,9.735961386897728,11.913396836492957
2008-08-30,117.22,98.46162150151703,9.75843159145286,11.477948037999319
2008-08-31,117.21,94.93913263303934,9.747428086750318,11.515018862756392
2008-09-01,117.07,97.9656740672606,9.743945996901736,11.476392708846019
2008-09-02,116.72,97.16713828482578,9.739064519813597,11.871526773621955
2008-09-03,116.73,94.04943429351991,9.761948095246643,11.733761577147384
2008-09-04,116.56,97.71831257740172,9.747910264269413,11.559079120627747
2008-09-05,117.2,99.66385033065033,9.741405242285131,11.681098942643
2008-09-06,116.72,95.90075232318631,9.745930977922692,11.432998446570657
2008-09-07,116.8,96.18533831785268,9.760203442972378,11.415005573618746
2008-09-08,117.48,90.32487072837856,9.754066414668737,11.758264366402354
2008-09-09,116.64,97.13917283381095,9.739865383512505,11.664616761706412
2008-09-10,116.56,100.87644973014893,9.7642264410839,11.351727183283122
2008-09-11,117.28,99.30875238053382,9.76118157968969,11.142164545392175
2008-09-12,116.7,89.80985049474154,9.728811607257816,11.768733758960563
2008-09-13,116.73,96.97325922168062,9.738326519174409,11.094009626445553
2008-09-14,116.03,100.65599327234118,9.737663612748925,11.205224737275724
2008-09-15,116.24,94.03290038174171,9.778284224924045,11.548378389970727
2008-09-16,117.09,96.0079803217551,9.756725462353154,11.370115434722074
2008-09-17,116.57,95.86850358337459,9.758898280158691,11.500384945920668
2008-09-18,116.31,93.23831752482376,9.750977435040083,11.394659251897195
2008-09-19,115.91,102.2030869768192,9.734352767816823,11.718633372355486
2008-09-20,116.74,90.91988836194777,9.736380795765204,11.560752922495872
2008-09-21,116.2,101.0680463935348,9.752840937001132,11.878892161319499
2008-09-22,116.96,97.8623178411587,9.754421473021567,11.990963678695207
2008-09-23,116.43,103.33344814954819,9.75882503106886,11.554698814300915
2008-09-24,116.46,98.4085583672374,9.729537439446052,11.493776969883477
2008-09-25,116.59,101.8717249955664,9.748224452012503,11.422079377698589
2008-09-26,116.78,99.54179841284466,9.764437610325624,11.53407194678821
2008-09-27,116.33,100.12214934805925,9.744353575019003,11.474871535907367
2008-09-28,116.51,100.5690218868506,9.735981306402508,11.43923165925431
2008-09-29,116.45,93.4735355637422,9.750423417035872,11.678593079498766
2008-09-30,115.76,99.22358535056696,9.754159817453107,11.51847261207562
2008-10-01,116.87,103.45122726814276,9.762195083876104,11.436912051603684
2008-10-02,116.62,101.33172401842099,9.735829120053507,11.718770597173163
2008-10-03,116.41,91.47827984586758,9.76592476173798,11.333381048656646
2008-10-04,115.89,99.81907315522982,9.748706741105469,11.378144134739353
2008-10-05,116.28,93.3409116051981,9.754526628456455,11.381371448366854
2008-10-06,116.1,98.41466488238919,9.749473181224438,11.619452952363282
2008-10-07,115.74,96.74079175413996,9.739561389561919,11.821461568225766
2008-10-08,116.26,91.2930282986899,9.744536384561837,11.400297743485131
2008-10-09,115.94,97.8511943176925,9.748725098345611,11.417914874287707
2008-10-10,116.57,93.55450843347951,9.732719883471928,11.686020512840589
2008-10-11,115.79,98.21795482879853,9.747959007063173,11.278107703633921
2008-10-12,116.22,96.19872448988889,9.765671354402043,11.707937548864411
2008-10-13,116.42,98.53030431326162,9.741783774814921,11.39235965418893
2008-10-14,116.12,96.42781709320866,9.745609723223485,11.883271488234202
2008-10-15,116.1,95.12054732254887,9.748603896167708,11.214873852286562
2008-10-16,116.11,93.96477097743471,9.742636807286342,11.759204987153765
2008-10-17,115.73,90.60446592048753,9.743803894967025,11.584344842724201
2008-10-18,115.81,102.56669751948974,9.750697558274902,11.697289623059897
2008-10-19,115.58,102.05378352260777,9.742540583035547,11.742037135563125
2008-10-20,115.74,96.6429382823406,9.76297976103365,11.701050620332898
2008-10-21,115.74,98.18834170122317,9.762846227777525,11.439849975979177
2008-10-22,115.91,95.72029110802431,9.748535309322103,11.037486505722113
2008-10-23,115.22,95.31852527522683,9.735506498358372,11.447884353092252
2008-10-24,115.85,99.97742687611313,9.744968022928687,11.800539078382531
2008-10-25,115.9,100.40088407300617,9.722390560250401,11.465543752394423
2008-10-26,116.0,99.29275410588397,9.732622696370825,11.694072962968505
2008-10-27,114.97,97.29174855819886,9.739503486069664,11.412720928284065
2008-10-28,115.68,97.04144827462939,9.748323585365217,11.485995951661604
2008-10-29,115.79,97.64249615456089,9.726329789886364,11.622704654491608
2008-10-30,115.83,96.32077894156416,9.744732050379113,11.718523913782544
2008-10-31,115.72,97.03113651964843,9.757368208011005,11.65656147210239
2008-11-01,115.17,94.81425765137496,9.750620288749646,11.603876643096601
2008-11-02,115.44,98.68840565897123,9.755748767224523,11.430756698522526
2008-11-03,115.73,98.13136745573816,9.754293543969805,11.465649644545818
2008-11-04,115.58,92.6866034017676,9.757451628660833,11.745169375756802
2008-11-05,115.38,95.79894018697438,9.742799741040235,11.763867579698193
2008-11-06,115.85,93.67317311584573,9.755138732351769,11.442530606111795
2008-11-07,115.55,100.23502828723764,9.752290261268131,11.803174085773273
2008-11-08,115.9,95.16514378480144,9.754571091815636,11.524285849248146
2008-11-09,114.53,94.57854487893003,9.751175742486419,11.483497883767043
2008-11-10,115.38,99.31083397963083,9.74752251486369,11.210383474634664
2008-11-11,114.99,96.14206648240295,9.762507788980491,11.513742887748181
2008-11-12,115.35,93.5802975845467,9.751575601778645,11.626675985929387
2008-11-13,115.35,97.82659809426015,9.741930221370621,11.447789283536858
2008-11-14,115.31,101.16457044812924,9.75332583025785,11.488488500075553
2008-11-15,115.14,97.85177622711102,9.762259934429101,11.13991428333245
2008-11-16,115.05,96.20735064653375,9.743240416644953,11.268091286682898
2008-11-17,115.41,96.52640177368686,9.75786178789442,11.365187805030658
2008-11-18,115.18,94.59197719833077,9.740846537804794,11.55517117517271
2008-11-19,114.8,94.55867060461527,9.736643375328622,11.385090765431647
2008-11-20,115.22,97.37283564233985,9.745881981016508,11.652900126077201
2008-11-21,115.1,96.04546085914127,9.74772932860211,12.000147485183854
2008-11-22,114.9,98.56459507074706,9.756348242373484,11.529057195149308
2008-11-23,114.96,98.34242145699363,9.735069085171189,11.494455900240697
2008-11-24,115.4,96.695730821966,9.74777639166015,11.505284122977448
2008-11-25,114.46,98.1369169200044,9.753669561280045,11.50130281503113
2008-11-26,115.83,94.0680301828412,9.746717608761378,11.508112552692488
2008-11-27,116.07,91.4816135908468,9.744566909590867,11.911335786096084
2008-11-28,117.73,98.16609133091563,9.754479412757117,11.422868623894848
2008-11-29,118.37,97.3908931839768,9.74082144782631,11.780685431623636
2008-11-30,119.59,97.45580834892863,9.778241041534738,11.820966334781472
2008-12-01,120.77,96.67547984222377,9.74687433761585,11.473215130254342
2008-12-02,122.12,94.52131871757116,9.75643924986487,11.477101729047298
2008-12-03,122.42,95.6848408051881,9.739264253420103,11.388703617245055
2008-12-04,123.17,95.38111838429758,9.754129061372865,11.604557371883832
2008-12-05,124.14,104.81677449894724,9.75287817315957,11.673547861647224
2008-12-06,125.9,99.14998638763497,9.758230428222717,11.64009863097327
2008-12-07,126.37,96.09489638318665,9.751661946798425,11.321995310731124
2008-12-08,128.0,96.90338962658282,9.76123905330975,11.846846803952072
2008-12-09,128.22,99.69280043270061,9.749990216354925,11.445574095412027
2008-12-10,129.52,95.03842512551361,9.750234586171185,11.808763527483528
2008-12-11,130.59,97.8579057017984,9.738798170978303,11.525122984444073
2008-12-12,130.95,99.29521698818772,9.744262286520259,11.495614088018762
2008-12-13,132.19,101.5420632374524,9.750095833685753,11.40590953267881
2008-12-14,132.77,97.55000581237161,9.74515053392086,11.721929778047341
2008-12-15,134.59,98.73618380387923,9.757663269815922,11.51046773149469
2008-12-16,134.4,98.06699807385493,9.758851265956785,11.54194482100781
2008-12-17,135.43,96.88598814858702,9.750496881044487,11.523097379183952
2008-12-18,136.98,95.92051391200113,9.75094688392353,11.728759806654269
2008-12-19,138.18,96.57505527045541,9.741719494307631,11.342699451685071
2008-12-20,139.11,92.67215097262435,9.735231348289956,11.673106892749063
2008-12-21,139.69,93.3146771723817,9.742566950550238,11.580345654641679
2008-12-22,140.42,99.90485300078461,9.758410145736145,11.33605954461522
2008-12-23,141.07,95.31014890938931,9.733849892681654,11.084652057388228
2008-12-24,142.32,101.63781894539294,9.751411655028264,11.48977604543855
2008-12-25,143.3,95.31309067837832,9.757607790001854,11.66400635247097
2008-12-26,144.39,98.93912725528884,9.747463266840464,11.310714565292985
2008-12-27,145.23,96.83245576185615,9.754682355199341,11.417864262979348
2008-12-28,146.13,92.54688829581447,9.767278160644656,11.694517991074916
2008-12-29,146.68,99.42584196973777,9.753380074618722,11.578253249222218
2008-12-30,148.13,94.26696733970088,9.743193470926876,11.611286881918836
2008-12-31,147.68,99.72921927892709,9.750274736788134,11.883011892710222
2009-01-01,148.72,61.16498166265447,6.003045869123439,12.368838100164965
2009-01-02,148.29,62.73494099534106,5.9991925867971805,13.151592071957982
2009-01-03,147.61,60.95602271726799,6.001649233376663,12.105787461663065
2009-01-04,148.41,60.89836977880884,5.994923377113621,12.132650602462698
2009-01-05,148.41,60.05051637905372,6.009544120938657,12.90774059926097
2009-01-06,148.09,63.60190082468934,6.005937468065967,12.88367083858173
2009-01-07,148.19,60.88592697739412,5.995931836944402,12.24884501899454
2009-01-08,147.85,64.58095319816343,6.0016183297281716,12.61334918650872
2009-01-09,148.37,63.0818437742504,5.987709564304845,12.855114370515567
2009-01-10,148.09,63.58946562336468,5.99709360080869,11.94784297449505
2009-01-11,147.12,62.716554147162235,6.0039631148315395,12.458757451632263
2009-01-12,147.53,59.9264855247283,6.0035907048949895,12.454192316302173
2009-01-13,147.74,56.05398545857607,6.001193781375632,12.62157540212955
2009-01-14,148.47,60.96517024007853,5.995497724874277,12.640472956234948
2009-01-15,148.2,60.71255400700683,6.011338471291371,13.100617672273492
2009-01-16,148.6,65.34572041092525,6.003314685470867,12.3179618395799
2009-01-17,147.9,60.414721690788305,6.0009594245826126,12.460237235291377
2009-01-18,148.41,60.9379870852821,6.010627381792638,12.647157317621236
2009-01-19,148.03,60.13143930807559,6.003667910172598,12.560162331668517
2009-01-20,148.3,65.08186627236607,6.00032123215672,12.360094772649393
2009-01-21,148.05,62.61408080484827,5.998047635737071,12.835077437101027
2009-01-22,148.48,61.21255630671087,5.992702218668637,12.697559639308212
2009-01-23,149.36,61.28861483837407,6.004019901155085,12.574923481106088
2009-01-24,148.99,62.21147996883095,6.001208430496204,12.926270341645463
2009-01-25,148.37,59.309732337111015,5.994674450502677,12.311675491994961
2009-01-26,147.98,62.47258246692832,6.002426348739941,12.630011525806285
2009-01-27,148.24,62.10699543152792,5.999236449081709,12.277982405996317
2009-01-28,147.98,62.84767970893721,6.000197130442328,12.355231480418498
2009-01-29,149.11,61.3881519570351,5.999904967688089,12.586714063223244
2009-01-30,148.16,59.79920954100614,6.002969562777135,12.85015361035315
2009-01-31,148.5,61.89287780964802,6.000313073225545,12.585800909379975
2009-02-01,148.03,65.97323225195481,6.010296536067623,12.473962479620239
2009-02-02,148.44,61.75430310761481,5.998430984712715,12.222852886761682
2009-02-03,147.85,60.66088114849654,5.99795672839883,12.23715347389801
2009-02-04,147.48,58.81065856568928,5.998557688578877,12.911309889092706
2009-02-05,148.45,59.98417665741434,5.996535324917276,12.053845402565939
2009-02-06,148.2,60.99116689170128,6.002846337434985,12.71808116263304
2009-02-07,148.35,62.54243501549971,6.003174834027311,12.664459950938902
2009-02-08,147.98,62.5339208180699,5.99463823879347,12.285809903776052
2009-02-09,148.14,63.348049728395466,5.997747701915941,12.50034586980302
2009-02-10,147.78,61.19930415828339,5.991968518876662,11.9642436553561
2009-02-11,148.23,62.960185583932095,5.9993634484085865,12.424138382612016
2009-02-12,148.67,62.593344401626396,6.0002389756683225,12.788221300530918
2009-02-13,147.84,63.019497456599,5.993742991396541,12.84999928354846
2009-02-14,148.4,62.526306082337854,6.007146297836271,12.326421920847794
2009-02-15,148.69,62.953524641737864,5.990334438024933,12.44249227543084
2009-02-16,147.45,62.79558383452207,5.996073962400362,12.4169977997862
2009-02-17,148.79,62.83858655721425,6.001891441826307,12.510716201712238
2009-02-18,148.42,61.4553770192775,6.005252019948216,12.114216835007912
2009-02-19,148.52,64.12098741893429,5.997794674641629,12.46524201764684
2009-02-20,148.87,60.74737531512084,5.989949734700898,12.58630687509712
2009-02-21,148.73,61.84642785552928,6.00734371636385,12.968393541355267
2009-02-22,148.15,61.86397371541734,6.00499444384433,12.514207045261495
2009-02-23,149.55,60.19787178264555,6.003935359119114,12.404025612273506
2009-02-24,148.39,61.4556069013681,5.991212241973452,12.215160370572084
2009-02-25,148.4,61.1253060995481,5.998582812568677,12.481030683989507
2009-02-26,148.79,59.80709613338509,5.99242687239188,12.422528418175201
2009-02-27,148.6,62.0969860079575,6.009351262945603,12.244819285618028
2009-02-28,148.54,59.39474553733847,6.003902059219073,12.673685364624076
2009-03-01,148.52,63.5100274214671,5.996048579620525,12.984838469720595
2009-03-02,148.23,62.64060127654049,6.0006788236837565,12.566082961443232
2009-03-03,148.25,62.81768796665216,5.997482633651072,12.667717708130478
2009-03-04,147.53,58.90998092187151,5.996974915641657,12.650517165536597
2009-03-05,149.22,63.25103983282727,6.007918725679536,12.429876307892423
2009-03-06,148.99,62.62180720238931,6.005814103044489,12.1526290853435
2009-03-07,148.23,60.65241645932948,6.011398544194932,12.607054704394393
2009-03-08,149.01,61.8947019675158,5.998321150170979,12.13625908535832
2009-03-09,148.49,62.17525994887108,6.013120049220408,12.209971902572644
2009-03-10,149.19,62.83117617970455,5.996364672549327,12.285023506944357
2009-03-11,148.36,63.27290041381061,5.9918943388471115,12.686290362056562
2009-03-12,148.75,60.45008450102519,6.00800219779313,12.362802645828447
2009-03-13,147.85,62.95041272372097,5.998256826139206,12.502100824261365
2009-03-14,148.73,63.271025807186014,6.000474164554584,12.221894640797835
2009-03-15,148.84,61.12502335429988,5.997712588827013,12.484557722360561
2009-03-16,148.45,60.080057144326254,6.001791760206702,12.914538331844152
2009-03-17,148.84,63.224121684531404,6.006805206416602,12.565121325392964
2009-03-18,148.83,60.875642474551626,6.006489283361978,12.568619620546666
2009-03-19,148.55,66.1988471109459,5.990915936805472,12.449415675616418
2009-03-20,148.84,65.12835125039078,6.003732217325144,12.593577147299852
2009-03-21,149.07,62.59582693116939,5.997440476529517,12.167394117011355
2009-03-22,149.42,61.80465982740864,5.990231826486039,12.959572893632817
2009-03-23,148.77,61.624783441247175,6.0007152743450956,12.448594728740353
2009-03-24,148.27,61.65404473155543,6.004412717167778,12.889291930782472
2009-03-25,149.0,64.86737933619352,6.0160308043796205,12.61539500992449
2009-03-26,149.19,61.62474301611803,5.99935443882639,12.66463884437549
2009-03-27,149.22,62.47811320073125,6.008203770799012,12.155070478676613
2009-03-28,149.52,62.44242180824514,5.99584711663914,12.311736684510754
2009-03-29,148.78,61.434621702596075,6.007330413037238,12.820031943673236
2009-03-30,148.17,64.70533246090714,5.999184948272297,12.742786851240306
2009-03-31,148.62,61.03801158799313,6.006206251940246,12.6171370613201
2009-04-01,148.12,60.9207975907743,5.999383701839265,12.287422815089243
2009-04-02,148.12,59.351927014574606,6.008437635929175,12.853495949149321
2009-04-03,148.57,59.885686126130054,6.00329097172206,12.515885775213068
2009-04-04,148.88,62.662698506204535,6.0172983366650925,12.946849424521385
2009-04-05,147.83,61.2986297320227,5.997673151643083,12.542498628979013
2009-04-06,148.4,61.57459980674588,6.007913069052866,12.408449206723596
2009-04-07,148.78,64.89365015738618,5.994320982387602,12.761928760640364
2009-04-08,149.41,62.83332427531472,5.997279419990112,12.170407239257953
2009-04-09,149.52,58.5587050355587,6.004434315423259,12.81811411565233
2009-04-10,149.56,60.821941850978654,5.993315750442265,12.27191143472205
2009-04-11,149.17,60.72041701132353,6.015627545172175,12.856862373453325
2009-04-12,148.37,58.798704288740836,6.007394958191233,12.698533806648532
2009-04-13,149.38,59.813558186061115,6.001295740140084,12.412167952975679
2009-04-14,148.67,62.86640346262412,6.0160469557310154,12.839758887169925
2009-04-15,148.94,60.65417210939903,6.013748881204604,12.734225500981001
2009-04-16,149.15,58.64199027051233,6.003884687200377,12.292478709271306
2009-04-17,149.08,58.35957481210333,5.995783765749727,12.435182011257751
2009-04-18,148.7,63.117353713736314,5.9913737435613355,12.733403594361416
2009-04-19,148.69,60.951564389726485,5.991292834281922,12.61977887203594
2009-04-20,149.87,58.083524228163895,5.987884017101859,12.182122651783702
2009-04-21,148.38,62.95626768984887,5.9948798123358165,12.533048582277976
2009-04-22,149.25,61.27070229950265,6.005953987113758,12.41050495972378
2009-04-23,149.08,61.705915964194396,5.998633486451308,12.765855390044539
2009-04-24,148.36,60.57133374582884,5.996596611150434,12.385889435736637
2009-04-25,148.85,61.67301757313898,6.00653865400275,12.71575502672754
2009-04-26,148.9,64.11489718272253,5.999333450221528,12.38181566754309
2009-04-27,149.18,65.99483015108996,5.999560078027465,12.529623536707373
2009-04-28,149.64,61.42978706452538,5.9968341782773456,12.63450442628932
2009-04-29,148.76,59.86757617549901,6.009240162340362,12.656534467360267
2009-04-30,149.5,59.77169948344621,5.9885537143491865,12.34189418067085
2009-05-01,149.11,61.985164580477864,6.008802456553677,12.700604383123105
2009-05-02,149.25,60.06219252170438,6.0018135902354,12.154578653330395
2009-05-03,148.89,64.19555881705116,5.997494003603283,12.968644358799628
2009-05-04,149.66,65.56861100216179,6.000058282182162,12.645572609083173
2009-05-05,149.43,60.30354686115825,5.99497255629002,12.344134984823349
2009-05-06,149.17,61.1311938271484,6.001346005180783,12.654851898019704
2009-05-07,148.93,60.592473427333346,5.997442440928154,12.360045086702439
2009-05-08,148.37,63.783618931841445,5.9931479907567,12.47154526649529
2009-05-09,147.88,60.742750459835875,6.0139905210920235,12.784144418082683
2009-05-10,149.15,61.88884804629085,6.009940325366225,12.534685144532528
2009-05-11,148.56,64.92957129598517,6.007401516138068,12.935308729378796
2009-05-12,148.71,62.40740766731416,5.994652269802349,12.804214219280949
2009-05-13,149.15,59.636021008696915,5.99876628495401,12.665950003576798
2009-05-14,149.38,61.06090786674022,6.001920656507189,13.049936279487039
2009-05-15,148.35,63.317132943771256,5.995432270265366,12.606680836104447
2009-05-16,149.17,63.170191699327034,5.990964176494326,12.488324965272243
2009-05-17,148.72,62.49660143064589,6.007814963337129,12.552273089501846
2009-05-18,148.79,59.35147120053454,5.999493690268127,12.259377108957322
2009-05-19,149.35,60.59767212453196,5.996437895453959,12.51588903564743
2009-05-20,149.04,61.47412479193098,6.000133352441357,12.867132061641074
2009-05-21,150.04,60.60043640737363,5.985788078720921,12.907504519146741
2009-05-22,148.94,62.73593705108123,5.995857118197981,12.851758679756943
2009-05-23,148.79,62.87406067403282,6.008381353964577,12.310842206170086
2009-05-24,149.22,60.228410283474965,6.001335499896352,12.706163102992607
2009-05-25,149.74,59.571221347432115,5.99908627533261,12.304685590110653
2009-05-26,149.23,60.75362991389667,5.997701079400589,12.595534140357858
2009-05-27,149.52,60.380113516542714,5.997975844681452,12.68584642091237
2009-05-28,149.53,62.30679303271865,5.997843422838573,12.659288833271106
2009-05-29,149.88,61.97859663727519,5.998800585881391,12.965941291335133
2009-05-30,148.81,61.71396951028562,6.001687632232255,12.542337572041166
2009-05-31,149.09,62.22575066472717,5.995571143171675,12.55643535030065
2009-06-01,149.02,61.45370007158252,6.007455203127503,12.508040931707113
2009-06-02,149.32,60.35102211178547,6.005509765049103,12.753571784583233
2009-06-03,149.44,61.87447047561625,6.0012850446972426,12.158603005949875
2009-06-04,149.57,62.602158732417585,5.997238576095498,12.915202621678029
2009-06-05,149.41,58.23753437240777,6.007021796318372,13.103257283471008
2009-06-06,149.39,61.02661390737004,6.003630074706715,12.369938085215134
2009-06-07,149.26,61.15500508200182,5.997648238272262,12.016275507447721
2009-06-08,149.28,63.314360817871965,6.009285411741649,12.22096317716831
2009-06-09,149.1,60.72402450134842,6.017259244514173,12.591352399503569
2009-06-10,148.81,58.908490802715875,5.991337953955172,12.550865095435473
2009-06-11,148.68,60.440397942850915,5.995508255775155,12.750237170170305
2009-06-12,149.43,59.237718406811574,5.995878576159317,12.249414798869875
2009-06-13,149.98,61.6818592284631,5.992525188876207,12.56753519271145
2009-06-14,150.33,66.74499896264777,5.992582828284407,11.884108701642349
2009-06-15,148.94,62.9652367666901,6.018737077256513,12.371599564011811
2009-06-16,149.02,62.178243709830106,6.001885187178764,12.517591458875167
2009-06-17,149.43,60.62352217548128,5.999896449711035,12.541118958112659
2009-06-18,148.81,63.571010336394174,6.0012821649110535,12.499522894186395
2009-06-19,150.2,58.858928805321455,6.008601557071307,12.704721584304592
2009-06-20,149.6,61.37626220611473,6.006957629049586,12.910444838717083
2009-06-21,148.91,58.59857778328008,5.994685874582376,12.439694990230064
2009-06-22,149.2,63.18446651498826,6.002139931326086,12.631205250482637
2009-06-23,149.92,59.74776301160334,6.00295420666716,12.489722058606075
2009-06-24,150.08,60.29805759784001,6.0024864360697165,13.088758845600404
2009-06-25,149.05,63.68286640907234,5.994719674775136,12.875315488908011
2009-06-26,149.63,65.64721074532885,5.985649739855824,12.415982394272676
2009-06-27,149.35,61.74402149726005,5.991456312885568,12.832742272294123
2009-06-28,149.99,62.5426322282501,5.989300748828293,12.533562438919201
2009-06-29,149.67,60.792629505975334,6.0017637162852475,12.022452676715305
2009-06-30,149.47,64.17417942441844,6.001262218299825,11.972826435836883
2009-07-01,150.28,64.09670011889402,5.991136534627396,12.234248637841159
2009-07-02,149.4,64.89827676685272,6.013777783319401,12.90823291415563
2009-07-03,149.37,64.75630362333999,6.001928974425495,12.168598270711616
2009-07-04,148.5,61.85710004004553,5.999201237975171,12.453313625767045
2009-07-05,149.8,61.751024553023036,6.002195461198573,12.511392659951184
2009-07-06,149.51,57.0866475789468,5.992797590745612,12.579322657682487
2009-07-07,150.01,59.649063274390855,6.009367889298629,12.572006565808259
2009-07-08,149.8,60.63815988351787,5.988722139877128,12.186845288111126
2009-07-09,149.23,63.05186475542414,5.998709834477482,12.621073255154517
2009-07-10,149.72,62.80776575371803,6.000494455570593,12.676359523665527
2009-07-11,148.76,60.50440543973358,5.997365911026675,12.545412527416834
2009-07-12,149.13,62.687937608175254,6.001425719573455,12.315365965973902
2009-07-13,149.46,60.27851912041317,5.989930279980127,12.509959373156898
2009-07-14,148.96,63.5252089967565,6.00297224478682,12.845985237112208
2009-07-15,149.52,62.07224552334863,5.997868402802225,12.655317561428369
2009-07-16,149.45,59.58066047352597,6.008057023815112,12.658319798687439
2009-07-17,149.0,62.64082698077872,5.998348857871512,12.101638529989376
2009-07-18,149.71,60.8106300770731,6.00531900524959,12.728804010474747
2009-07-19,149.34,61.40568264857272,6.002000364939668,12.494765956314405
2009-07-20,149.13,60.05814340993564,5.995397173765983,11.957459515108745
2009-07-21,150.05,62.4750455881541,6.008859815398386,12.3100808884689
2009-07-22,149.67,60.737551093886594,6.002921145758239,12.587839151482171
2009-07-23,149.87,62.42627348946498,6.006684625033647,12.782617678366845
2009-07-24,149.87,64.52933468332378,5.990156629109382,12.20791991856789
2009-07-25,149.67,61.64671166303977,6.00040878152654,12.039796559583372
2009-07-26,150.37,62.205280416727824,5.995929520519764,12.491966350041478
2009-07-27,149.74,62.31535166610017,6.005836433268948,12.326585717417847
2009-07-28,150.17,62.57088161291477,5.997638165592636,12.675084510778545
2009-07-29,149.44,59.87899474787917,6.008990215720969,12.118974529490039
2009-07-30,149.43,57.10939365312225,5.999418729813958,12.916398079590618
2009-07-31,149.5,59.71208639127486,6.009589450655228,12.661156679039143
2009-08-01,149.08,59.305248231554536,6.004567642951721,12.584733865542743
2009-08-02,150.09,61.87782903427008,5.998468474686617,12.382636740936471
2009-08-03,149.48,63.931391276195626,5.998263400078431,12.486520169125527
2009-08-04,150.44,61.260883351417455,5.997870022972487,12.636623832360051
2009-08-05,149.45,61.230323683221876,5.993237383314618,12.484445126295391
2009-08-06,149.98,59.27179632144753,6.000351037360501,12.532568614747548
2009-08-07,149.52,63.63551572738403,5.999177406637793,12.755127096668254
2009-08-08,149.01,64.10818481423985,5.997373062544116,12.210459795369525
2009-08-09,148.89,60.71097199391031,6.009602301719526,12.451246779741064
2009-08-10,150.7,59.832665399217206,6.014180715371987,12.500098636791796
2009-08-11,149.37,62.970264756747156,6.006758597003244,12.383621970095161
2009-08-12,150.43,64.71921991116662,6.000548265047829,12.105812215361421
2009-08-13,150.11,63.92187717589013,6.0050169119090775,12.654990631140711
2009-08-14,150.25,59.51773114997806,5.994252898925066,12.328578510136243
2009-08-15,149.17,61.20813925570646,6.005565938697219,12.933198250991595
2009-08-16,150.31,61.093916766170615,5.999300287174011,12.601473995871185
2009-08-17,149.68,63.09251665994813,6.006536680415956,12.872284383993149
2009-08-18,149.83,62.999120689985695,5.994071073577883,12.733167554176832
2009-08-19,150.11,63.660275160187666,5.99781768322311,12.482998094868613
2009-08-20,150.0,61.1005440436971,5.998781840171168,12.581888510823157
2009-08-21,149.22,58.33169186322216,5.999565578227454,12.344193281081724
2009-08-22,150.35,58.327843485805936,6.001632380556335,12.407126770837754
2009-08-23,149.86,61.400007332648535,6.006806839627906,12.462583695032844
2009-08-24,150.27,59.452799766249655,6.001956362226495,13.014218163175865
2009-08-25,150.36,62.03318845363954,6.00896872715652,12.48012138160646
2009-08-26,149.41,60.483425160170924,6.000428124631311,12.90877469599423
2009-08-27,149.12,64.36009077791606,5.999576436997609,12.196430377320318
2009-08-28,150.14,62.53702961876233,5.996240848717258,12.459567302062672
2009-08-29,150.08,61.80951462288384,5.995900877512363,12.372153621055121
2009-08-30,149.56,62.00133947155438,5.9987532863482125,12.531644945792992
2009-08-31,149.48,62.76281304332211,5.984972909346709,12.100963302112019
2009-09-01,149.82,61.83689057611934,6.0077260160729145,12.482093588639362
2009-09-02,150.12,63.127019350158186,5.998496289789778,12.596436615604098
2009-09-03,150.38,62.72904528362291,6.000303087602356,12.373805254120226
2009-09-04,150.47,65.23530009718897,5.998312825640806,12.331150730328522
2009-09-05,150.46,60.19951738435251,6.008108264733708,12.638451216925809
2009-09-06,149.28,63.51016886436194,5.996725364938761,12.30959944195168
2009-09-07,149.71,63.62265105687683,5.992228306570694,12.768059375606947
2009-09-08,149.98,61.64455361362123,5.993933181499274,12.503255938163745
2009-09-09,150.06,60.314624354634496,5.994615293556659,12.723418651634763
2009-09-10,150.4,66.20306880052989,6.0083153534178555,12.287824808831868
2009-09-11,150.13,61.7482211197667,6.000423706867974,12.92841306173899
2009-09-12,150.69,63.84145700064961,5.999102890262594,11.962988644433286
2009-09-13,150.25,60.62065931233175,5.982577047485024,12.680872180602337
2009-09-14,150.37,62.31844010082094,6.000060785924782,12.472232159085504
2009-09-15,150.17,64.4036690580491,5.997655220793634,12.600896185411257
2009-09-16,150.42,61.93390059711245,6.007863451404907,13.038993184945738
2009-09-17,149.56,63.978833282068656,5.991308763378056,12.391497471891672
2009-09-18,149.54,62.56952577994135,6.000977822620039,12.877291691770772
2009-09-19,150.47,62.99700165601918,5.9936429403046505,12.887128969096883
2009-09-20,149.94,59.999396618490344,6.006209342505466,12.614475613093282
2009-09-21,150.9,60.241504820043005,6.006642357008241,12.353185816296158
2009-09-22,149.62,61.64839755425757,6.003505949618591,12.580805558751525
2009-09-23,150.63,62.10335259887316,6.005627165191729,12.19435113164114
2009-09-24,150.59,61.8261326972992,5.993388704012443,12.166206175066248
2009-09-25,150.84,61.649476211902474,6.001326366536449,12.11800153476228
2009-09-26,149.85,63.05858942336467,6.001112885203437,12.508753807461789
2009-09-27,150.26,61.968595639908585,6.006599544838854,12.131218763603215
2009-09-28,150.1,59.98651948498804,6.00289770827329,12.242062837840678
2009-09-29,150.26,62.95279655531291,6.004385214054836,12.435829377415354
2009-09-30,149.98,63.575560759229525,5.999992247848202,12.417136471773693
2009-10-01,151.54,65.85235117911252,6.007724052334702,12.974863846595555
2009-10-02,150.34,60.05682395123318,5.994631906058833,12.145742108364251
2009-10-03,151.14,61.03261988714693,5.998738443130475,12.18581767099687
2009-10-04,149.62,62.729750519393114,6.003003528612781,12.766194070004458
2009-10-05,150.96,62.76628083666664,5.996398729123469,12.69241270061651
2009-10-06,150.44,60.767430276808376,6.0047862591248355,11.831888365817482
2009-10-07,150.38,62.974714506688144,6.004308533785289,12.025535089975266
2009-10-08,150.61,61.80315140745406,5.9958940151968285,12.944448031736734
2009-10-09,150.48,63.704560466602885,6.003340704614616,12.364114463756646
2009-10-10,150.49,60.18468839842247,5.9910915515867895,13.00771274251585
2009-10-11,150.71,60.08005884848549,5.9946481509708365,12.59594618640643
2009-10-12,150.33,62.1417401677593,6.007988688647373,12.326575828681586
2009-10-13,149.67,61.14372235970263,6.003244448778556,12.338275458903173
2009-10-14,150.59,61.00898546305166,6.005883676155088,12.326149376070541
2009-10-15,150.22,60.542474891958115,6.007604790018341,12.430154226432801
2009-10-16,151.12,59.47289348449588,6.000776740061957,12.440555022628574
2009-10-17,150.32,64.4832508560396,5.99086456920427,13.038951049063515
2009-10-18,150.09,63.551417968172004,6.000916943011495,12.621890981660824
2009-10-19,150.8,62.87828528458742,6.00310861995681,12.382947372464809
2009-10-20,151.17,61.72299782567159,5.9940145302181325,12.261316235563262
2009-10-21,150.94,62.89773171719944,5.99415493980236,12.856652764169883
2009-10-22,151.54,62.5683145394254,6.000016681977904,12.720032673081203
2009-10-23,150.94,61.319945968889314,6.001636571147743,12.268410159836222
2009-10-24,150.23,60.24947476542761,5.991875512617705,12.235337060569378
2009-10-25,150.83,60.754839044002516,6.004121833746555,12.37278361536492
2009-10-26,150.63,61.84053503235604,6.005232197430744,12.233859219040994
2009-10-27,149.54,61.055576062956874,6.007914858055357,12.771169438633995
2009-10-28,150.19,61.93740097827832,5.9975015016693956,13.063544589736827
2009-10-29,150.81,63.936327271151924,6.006898469216116,12.617768234861359
2009-10-30,150.23,61.91611613611886,5.997146110757607,12.510296518978574
2009-10-31,150.15,60.89238844475733,5.995061517419712,12.50109109426626
2009-11-01,149.87,60.86274772704815,6.000810087945665,12.445140034365426
2009-11-02,150.3,60.33635167168717,6.011586383691456,12.530181837261217
2009-11-03,150.42,63.113918858362396,5.991034089434773,12.510969133272845
2009-11-04,149.74,61.5855495970237,5.999402851277834,12.568433987627348
2009-11-05,150.84,60.72533928270813,5.9954354990663274,12.852460074523616
2009-11-06,150.64,60.13702074035131,5.999818310086948,12.614437402794644
2009-11-07,150.77,64.84388170357313,6.006338710884297,12.621647117835646
2009-11-08,150.58,62.42165139120441,6.003019529120571,12.164471969787291
2009-11-09,150.58,59.16345890594812,5.997333704308228,12.218932265042236
2009-11-10,151.16,60.412601425328816,5.997339219591199,12.791931649799686
2009-11-11,151.24,62.9080384103349,6.008389761558042,12.92132606601112
2009-11-12,150.76,58.76060007041065,6.000051458873446,12.910137930732589
2009-11-13,149.74,64.14695289941407,6.001846549893414,11.767076447146128
2009-11-14,150.6,63.700068896812994,5.997851599192291,12.80399901160754
2009-11-15,150.35,61.80442809061866,5.998256952460698,12.399440555947558
2009-11-16,150.45,63.25823298495791,5.9972925280774065,13.004555077710409
2009-11-17,150.45,60.31315320665655,6.002371206962008,12.386234937781175
2009-11-18,149.88,61.39212077566101,5.992915972979207,12.580611615667799
2009-11-19,150.61,59.88427911576225,6.008006258948873,12.576350919600198
2009-11-20,150.67,61.48252701533651,5.99879920444607,12.366202314369342
2009-11-21,151.1,63.58368978725205,5.999228929312411,12.5167228562453
2009-11-22,150.45,63.75481369123462,5.997812622633729,12.556215599429091
2009-11-23,149.91,64.01138181812925,6.007683018617442,12.407210169157112
2009-11-24,150.53,61.99815991393622,5.998862227129234,12.408402890304428
2009-11-25,150.82,60.35743966951378,6.001413374941837,12.58006331893121
2009-11-26,150.99,61.61105572481693,5.996479866810755,12.473694342429027
2009-11-27,150.08,59.335851851832594,6.005059780614941,12.387370769386159
2009-11-28,150.57,63.74313918166187,6.000008359191333,12.400141337589377
2009-11-29,150.59,60.39269047224072,6.000681008272585,12.310714895942544
2009-11-30,149.77,60.79428353929567,5.989187059283309,12.514300708123452
2009-12-01,150.86,62.714582617101506,6.004393891850493,12.669723757756229
2009-12-02,150.9,63.467061888903245,5.99845605228585,12.599839532098715
2009-12-03,150.61,61.02763117956596,6.0092490703229515,12.774736554024475
2009-12-04,151.03,61.07545438672439,5.992619918755991,12.908462689171628
2009-12-05,150.47,61.401012633913574,5.996907143919882,12.628006392398797
2009-12-06,150.62,63.64207645742962,6.0020887247861,12.748966577704055
2009-12-07,150.89,60.88533894346597,6.002156928438082,12.633787131534309
2009-12-08,150.87,61.75482697524467,5.996019160456416,12.562665255460669
2009-12-09,150.89,61.670415489896946,5.988380206458675,12.734001933387521
2009-12-10,150.65,62.021379360790995,5.998338324500337,12.334671133907186
2009-12-11,151.05,59.06624391601494,6.000868504839416,12.428988392017986
2009-12-12,151.47,61.30770407171628,5.991298734626682,12.529955130472544
2009-12-13,150.76,61.00760446354871,5.984546394452336,12.227972623108402
2009-12-14,151.0,59.85709418603181,6.00024498273159,12.408165414463767
2009-12-15,150.64,59.76891832915046,6.000418480623489,12.518478798576608
2009-12-16,151.13,61.02666338488806,6.00352345656515,12.56678281218698
2009-12-17,150.94,59.37834858255235,6.00017709463712,12.583342712036629
2009-12-18,150.33,61.96905199189602,6.003089944752387,12.431428658174728
2009-12-19,151.23,61.070925776663685,6.006342787792515,12.433889247747805
2009-12-20,151.25,61.195670585051495,5.9926056757763835,12.58168112609254
2009-12-21,151.16,61.92062779699873,5.997042930882541,12.606759034940072
2009-12-22,151.46,59.51253260613751,6.009578067066413,12.187341200029136
2009-12-23,150.35,61.251055343563145,5.994014376072306,12.437253561486278
2009-12-24,150.9,60.13960894420839,6.001692856755233,12.35239897328008
2009-12-25,150.33,65.74676573797309,6.001716950726698,12.57394346032302
2009-12-26,151.37,63.619812034681416,6.000905374764376,12.64057350103687
2009-12-27,150.72,65.67112677167725,5.985173903461083,12.474749250022397
2009-12-28,151.43,59.144842964326784,6.001006210653347,12.48435106600365
2009-12-29,151.31,59.402653328470294,6.005062339057068,12.573750022274838
2009-12-30,151.38,61.17967811857285,5.997008263058198,12.210140069325014
2009-12-31,151.68,64.67377421150893,6.000518710104925,12.540392080857172
2010-01-01,150.79,82.64972773154558,6.248474740267596,13.933013190791941
2010-01-02,150.66,77.70852564898563,6.246793479417734,13.531969384494474
2010-01-03,150.67,80.12078551527296,6.241101039415913,14.122370002287369
2010-01-04,151.44,75.67151427151583,6.245321681806599,13.71352211246241
2010-01-05,150.97,78.18295726392454,6.2489519898720465,13.547582444736213
2010-01-06,150.94,79.92615751540926,6.259794681282375,13.765970637129449
2010-01-07,151.04,75.97143971462337,6.2534794947830274,13.419599672280803
2010-01-08,151.67,75.07011745689245,6.259409514467743,13.508800858937274
2010-01-09,151.14,81.56912933335516,6.243533952828122,13.918455368699366
2010-01-10,151.06,78.0399381881951,6.248937937255924,13.296640622413072
2010-01-11,150.52,84.64317213273152,6.249950526392408,14.052731302590526
2010-01-12,151.19,82.00499369914189,6.25302304215929,14.094242786569431
2010-01-13,151.34,78.29309942725068,6.243326465039594,13.773561524846306
2010-01-14,150.72,83.10088580337835,6.247953649561701,13.462616031487906
2010-01-15,150.68,77.08898316939408,6.258708329822919,13.996798434678432
2010-01-16,150.22,79.28530839676071,6.252188984426481,13.747358566245987
2010-01-17,150.97,79.6145743346913,6.245951730813281,13.584988808165345
2010-01-18,151.1,76.43379158220714,6.262583422839739,14.008139856004687
2010-01-19,150.8,82.76347167837503,6.248400316327486,13.830471032832806
2010-01-20,150.49,81.90077454197944,6.245794919036568,13.630739636333063
2010-01-21,150.25,75.77745130412728,6.246336938936364,13.50838808858586
2010-01-22,150.83,78.80932361516854,6.249335761658115,13.53722392371868
2010-01-23,151.22,83.99756249483322,6.257923751613786,13.96358232412601
2010-01-24,151.34,79.26867124570241,6.256407298851659,14.118356034133114
2010-01-25,151.82,81.01095165043364,6.2400553576612925,14.024175546622404
2010-01-26,151.97,80.22262045039744,6.256655847174775,13.66731635573971
2010-01-27,151.89,79.03401341583545,6.246261874081474,14.272568161789057
2010-01-28,151.41,83.08078684092166,6.251476757251849,14.0516216614538
2010-01-29,151.8,79.74260961775629,6.245491382753918,13.254681095586989
2010-01-30,151.8,81.58851313864287,6.243201482288502,13.98890909261756
2010-01-31,151.39,80.57155993893454,6.2609777167609675,13.947989898161813
2010-02-01,151.6,80.14106735256013,6.24339639462947,13.948123385780574
2010-02-02,151.27,78.47102408841106,6.259590541280638,13.784374168370736
2010-02-03,150.96,81.82344763360571,6.2443215481424215,13.386434936488957
2010-02-04,150.89,77.54004657674865,6.249064866744826,13.440849572051182
2010-02-05,151.12,80.76515647377408,6.256484484194565,13.659718545236078
2010-02-06,151.5,77.53590897487764,6.255137862198137,13.422151925707515
2010-02-07,151.02,77.40254581100452,6.247497447384592,13.78153199816862
2010-02-08,151.49,78.25929245891429,6.253928605551941,13.814428797006409
2010-02-09,152.09,76.26158088676156,6.250014415456139,14.141451450316268
2010-02-10,150.78,84.07714290029969,6.258410462941446,13.583484601682246
2010-02-11,151.66,79.04593632668103,6.242894626961048,14.000598224719164
2010-02-12,151.05,82.8155279028453,6.245621981320321,13.916445083318356
2010-02-13,151.62,81.6686631197995,6.252306321310418,14.521568014259419
2010-02-14,151.03,84.57413532473615,6.251692304910524,13.750269431594553
2010-02-15,151.23,77.01208675087047,6.247044793935023,13.683068265257177
2010-02-16,151.09,80.22077637017084,6.245871060452669,13.852258151523936
2010-02-17,151.51,78.56447746091108,6.244111385081631,13.298559275234606
2010-02-18,151.83,80.38604774921879,6.245492194281585,14.016132098640496
2010-02-19,151.6,80.84418957248175,6.250506764371315,13.417913968036872
2010-02-20,151.67,81.41539486409582,6.247363314132657,13.474640599443907
2010-02-21,151.86,78.89097351497361,6.253585479837716,13.735022696244844
2010-02-22,151.98,78.65792207708618,6.260840605686287,14.079525773239615
2010-02-23,151.36,82.59996206468948,6.254838539272556,13.404748971474502
2010-02-24,151.42,79.89612864141242,6.250828588699989,13.658197909559869
2010-02-25,151.78,81.99487633868739,6.2430595300650875,13.693175205573995
2010-02-26,151.39,75.64966017837963,6.2527195598387895,13.682310781883738
2010-02-27,152.35,78.99032931312914,6.251649149699368,13.682174443114665
2010-02-28,151.83,81.09819169015267,6.2488165686641945,13.50390975230256
2010-03-01,151.59,78.92159074986445,6.246634263598296,13.821749032383396
2010-03-02,151.67,79.92415710972686,6.254992473886613,13.918415645342446
2010-03-03,151.83,79.0019417722535,6.255286758762892,13.200734439829546
2010-03-04,150.85,78.53584250417788,6.253036201003307,13.522680959893702
2010-03-05,151.15,78.60244443889454,6.249566035304071,13.485898706532032
2010-03-06,152.07,82.44629031137941,6.252634459814558,14.124867685790559
2010-03-07,152.06,80.0424389829322,6.252006020020312,13.780371249114888
2010-03-08,150.9,81.10727675347793,6.237287717105025,13.711934244171953
2010-03-09,151.89,78.85301871753418,6.252035990871437,13.827561541403192
2010-03-10,150.96,80.51249860153176,6.259520397291274,13.504456307912537
2010-03-11,151.95,81.92640401608331,6.262567588627493,13.733949875576299
2010-03-12,151.59,81.24634611379196,6.2602092333278865,13.94976878317299
2010-03-13,151.54,81.51919383083624,6.251784279352208,13.563587778360658
2010-03-14,152.34,79.00111843021408,6.24418466013871,13.383693956342482
2010-03-15,152.09,80.27789686987566,6.257159173348402,13.88115129679806
2010-03-16,151.73,76.14750840990759,6.241224802924003,13.865845032322666
2010-03-17,151.3,77.75563356735543,6.250714391478912,13.093138537137683
2010-03-18,151.43,75.85255040509038,6.247187204077737,13.895108898844692
2010-03-19,152.03,76.14876340962633,6.248669732360816,13.448775431523956
2010-03-20,152.25,84.67251931408364,6.249777631990722,13.363227303511133
2010-03-21,151.54,76.64572934383023,6.2583222607764,13.378749065221278
2010-03-22,151.26,82.03514976507768,6.248467359761933,13.999617334683174
2010-03-23,152.55,79.79336312815218,6.253157883526144,14.290274550933841
2010-03-24,150.89,75.52583691023034,6.244835758070685,13.684839811001783
2010-03-25,151.88,79.74379362077501,6.244778536831676,13.887649340361163
2010-03-26,151.78,83.9419741481713,6.237616198063177,13.753202970519471
2010-03-27,151.53,77.56340722734832,6.250150625297968,13.463035349913019
2010-03-28,151.91,77.56474737213455,6.249284272291866,14.071846816921079
2010-03-29,152.43,80.85126976741535,6.251665801416191,13.871117047856352
2010-03-30,151.79,78.1609215698376,6.248563407469727,13.332708287622353
2010-03-31,150.86,80.68721131190388,6.251521052794163,13.727840435862788
2010-04-01,152.5,79.52066769620639,6.240171073055692,13.336939746392437
2010-04-02,152.56,81.44139115694409,6.249762535120455,13.893076500686819
2010-04-03,151.85,83.47651958788715,6.26453210807902,13.652058626510911
2010-04-04,151.45,77.87703910280483,6.259340958623058,13.76346986505737
2010-04-05,151.77,79.95179655457922,6.251433703696085,14.083621511442201
2010-04-06,151.51,75.51373475606003,6.25891939765935,13.646690881398333
2010-04-07,150.9,80.84874217167017,6.253716546946905,13.711063510267033
2010-04-08,151.98,82.87209600566803,6.2453085595263005,13.566689990319196
2010-04-09,152.08,79.59103043791907,6.2498789485081785,13.583711769545788
2010-04-10,151.34,77.10940069202015,6.251116165337016,13.668036170906054
2010-04-11,150.89,78.96707872161477,6.258007287205883,13.776122171322834
2010-04-12,152.5,85.52945572863094,6.248051558418366,13.99862866069125
2010-04-13,151.72,81.32324933410393,6.246752232774286,13.289663641481175
2010-04-14,151.9,82.13577588174076,6.250061778706816,13.937337861198014
2010-04-15,152.33,82.06212353532628,6.244992615201854,13.49926649506994
2010-04-16,151.92,79.69797141253345,6.247012861068664,13.480930263827204
2010-04-17,152.15,78.03065933661391,6.244320316134465,13.316174464560955
2010-04-18,152.66,82.02912706065457,6.250471795741541,13.219180328241904
2010-04-19,152.94,75.95783397992062,6.246399606469729,13.851429917560097
2010-04-20,151.89,78.82836098444218,6.243460222298833,13.837508893329606
2010-04-21,152.19,76.15818038790323,6.255241529244451,13.795238743806832
2010-04-22,151.69,80.86640577795198,6.250049540138929,14.204302576445512
2010-04-23,151.61,74.60228043715543,6.2476062452844054,13.359473172132013
2010-04-24,151.91,73.58056082255732,6.257184470999229,13.803386882462876
2010-04-25,152.43,76.55230849275905,6.246184039579255,13.726640248689268
2010-04-26,152.95,79.99806659249737,6.2520811199195165,13.914341560241237
2010-04-27,152.32,76.70239890093421,6.253015954607223,13.652634125929252
2010-04-28,153.51,79.82479486283678,6.259906872980742,13.848476449089308
2010-04-29,152.07,78.13432848692348,6.246870122746235,14.109043116856794
2010-04-30,151.96,80.37611485164867,6.2520026009966125,13.38176642116433
2010-05-01,152.14,79.77143197721574,6.243750142979701,13.89694178636046
2010-05-02,152.08,78.57857993930003,6.244333757327598,13.30731358209873
2010-05-03,152.19,77.74259551223552,6.237120525810483,13.392176943578548
2010-05-04,153.48,79.92388044533028,6.253620864985397,14.150598721969537
2010-05-05,152.04,79.87332377220719,6.249180632246361,13.651194217402983
2010-05-06,151.85,77.65848327324215,6.253952187487195,13.418766453426727
2010-05-07,151.85,80.50316329495355,6.248172448730732,13.507128499096753
2010-05-08,152.32,80.82796490124375,6.2574912590638085,13.873775563690227
2010-05-09,152.1,82.05004851159813,6.260277298128564,13.445870877971654
2010-05-10,151.81,77.44748715799673,6.235711670080132,14.05537088169227
2010-05-11,151.52,80.11777745205993,6.2503755263251115,13.268082769449412
2010-05-12,151.59,78.2656690156277,6.246185316157896,13.392296303060915
2010-05-13,152.38,78.98015880820417,6.250326500174918,13.506767395997047
2010-05-14,152.65,78.72574330705636,6.251451635471677,13.813560146722814
2010-05-15,152.8,79.19200252876145,6.244319406383911,13.596379156534011
2010-05-16,152.5,75.87752232477332,6.2509393513111675,14.028515132548064
2010-05-17,152.09,82.486402161725,6.245225313647811,13.850172295664477
2010-05-18,152.89,76.16847400589934,6.258835913223646,13.685111824584826
2010-05-19,151.37,77.48571735375026,6.244735600802886,13.460123854985728
2010-05-20,151.69,77.27691778717784,6.241591540021287,13.850155505635692
2010-05-21,152.82,77.42588069621036,6.250821632648562,13.697052606988542
2010-05-22,152.74,81.67819422529874,6.242841687888438,13.985553167136246
2010-05-23,152.59,76.83797147426725,6.250244848310148,13.898260717280147
2010-05-24,152.24,80.21512751201952,6.243740621927557,13.483053647454565
2010-05-25,152.43,84.51270725874237,6.26150954944133,13.640966919485944
2010-05-26,152.48,79.02379180480914,6.257061855634627,13.882866693713757
2010-05-27,152.56,81.96588964705204,6.260317793511553,13.750641110262606
2010-05-28,152.76,80.53690181033804,6.24618307114035,13.747182885683971
2010-05-29,151.87,74.0760033739613,6.248264964250943,13.451499604256904
2010-05-30,152.47,80.89422306302404,6.231772959557087,14.041206780557697
2010-05-31,151.72,79.63424474643233,6.255587644638786,13.602663932725427
2010-06-01,152.29,81.87070350929288,6.26046984731581,13.862025157957376
2010-06-02,152.58,80.62001382505154,6.2473101398486515,13.8933489357596
2010-06-03,152.82,82.52332794627603,6.239832775104771,13.988319453209707
2010-06-04,152.88,75.77104023694713,6.238222558314503,13.42852205207804
2010-06-05,152.6,78.20994962131739,6.260318484383509,13.82319743234613
2010-06-06,152.4,81.78623186512974,6.244750183704589,13.562988633232521
2010-06-07,152.17,79.98648230778302,6.2560115440649104,13.463632722039243
2010-06-08,152.47,77.38212298246282,6.251458769359492,13.897036878456808
2010-06-09,151.68,81.41973714946802,6.247836559088745,14.218079760147342
2010-06-10,152.15,81.36462722558994,6.244655551715114,13.947010506714392
2010-06-11,152.52,74.5301746860052,6.23487484604714,13.463712667985996
2010-06-12,152.35,80.94578701801134,6.249095422140917,13.490741103092894
2010-06-13,153.03,80.66713002167111,6.248246800124536,13.412168874126777
2010-06-14,152.96,78.88689541292675,6.245494036766142,14.447215998937514
2010-06-15,152.4,76.04489383822045,6.245681872545451,13.19261534842176
2010-06-16,153.01,83.31848684059506,6.259557859419205,13.431346971266821
2010-06-17,151.4,81.56486057389027,6.248752978967181,13.727613255124846
2010-06-18,152.83,80.96267499393802,6.243578464497375,13.402667312894426
2010-06-19,152.89,78.96185555246984,6.257563639417956,13.946685182728736
2010-06-20,152.48,76.05962321811558,6.262542036315872,13.653468212541476
2010-06-21,153.55,79.84287341096056,6.252513427106163,13.795848855662124
2010-06-22,152.09,74.41339244385868,6.2424376733004925,14.051653841622837
2010-06-23,152.87,82.75788782448684,6.246899090362443,13.752343758888387
2010-06-24,152.84,80.38050217953332,6.249671737195316,13.391323952372648
2010-06-25,151.5,76.21200129034189,6.259484567176104,13.583657045268843
2010-06-26,152.83,78.6163913375626,6.250533264599589,13.77281201511129
2010-06-27,152.63,77.84039858782828,6.242545839105139,13.952024067261434
2010-06-28,153.08,80.88000300748637,6.249150647695104,13.448963674823315
2010-06-29,152.77,77.940107329597,6.245621870805828,14.29349190381685
2010-06-30,152.42,79.45949025834857,6.252424588493773,13.71708811250578
2010-07-01,152.43,78.96205504897756,6.236167763097334,14.380048410961695
2010-07-02,153.52,82.34228172525009,6.248425819296962,13.588834970359299
2010-07-03,152.84,77.43310749026139,6.2520405550296445,13.510382895879594
2010-07-04,152.03,78.27368139515643,6.247643942990072,13.208224219528974
2010-07-05,153.94,75.51235786964244,6.265014252613333,13.45672059841069
2010-07-06,153.54,80.13178566457181,6.262289306762554,13.516701967549842
2010-07-07,152.25,80.30049276185386,6.242090909043126,14.20447428864769
2010-07-08,153.4,78.18215987687016,6.249242581592869,13.914956382899511
2010-07-09,151.68,78.5951231831412,6.255008144485577,13.30462470004423
2010-07-10,152.58,77.05170835358676,6.258045519748412,13.752705508717744
2010-07-11,152.98,78.63153304421917,6.25125664931293,13.396613644155195
2010-07-12,152.85,79.75279850206793,6.251866903848228,13.721009335527127
2010-07-13,153.24,78.70428693818211,6.248775678225372,13.808570996509866
2010-07-14,152.48,78.60406067969765,6.252219003655657,13.52255555913362
2010-07-15,152.77,79.67215704036126,6.262247519992651,13.593728573776751
2010-07-16,152.49,80.3727188097587,6.253319982414577,13.91564571648195
2010-07-17,153.27,79.89038798652744,6.243672484071635,13.804250465400893
2010-07-18,153.39,80.13890544785535,6.255670128865682,13.565191285535457
2010-07-19,152.98,82.99655045154545,6.255282866343814,14.096818993916555
2010-07-20,153.18,81.03923702269647,6.253720166616801,13.956073236613221
2010-07-21,152.57,81.13720934455907,6.253119698837167,13.655373811477306
2010-07-22,152.56,81.42971817710037,6.243437768434649,13.355895804926291
2010-07-23,152.09,79.89725718644057,6.257577316734524,13.717286395742812
2010-07-24,153.58,81.26293535440199,6.250490018600148,13.468314526833561
2010-07-25,153.14,80.87091380571593,6.240115537998427,13.827040336742014
2010-07-26,153.51,83.72282588127445,6.25112894263792,13.36709227547736
2010-07-27,153.4,78.5203095944629,6.238822689916716,13.959074475786899
2010-07-28,153.47,78.6207101656753,6.2523759113829325,13.681585922040304
2010-07-29,152.96,80.56251127651184,6.247445652895083,13.860167311422508
2010-07-30,152.81,79.3588023434296,6.240832147260638,13.45794790110156
2010-07-31,153.08,80.34330990492843,6.2307425020974705,13.944465381862454
2010-08-01,153.63,73.80147294604318,6.245199183735627,13.874533760245377
2010-08-02,153.56,78.26070276479194,6.252165674417437,13.615468230836447
2010-08-03,152.33,81.05059755814351,6.237987770246853,13.700837239248855
2010-08-04,152.89,79.94841284518886,6.249165634836262,13.572400602467956
2010-08-05,153.36,78.1021347255411,6.266896313274377,13.64077808684652
2010-08-06,152.93,80.27118270927261,6.242405169539355,14.068990521898025
2010-08-07,153.35,83.11522481829078,6.242924236905187,13.573952349576897
2010-08-08,153.3,78.98822360806815,6.251440124539878,13.788857345487433
2010-08-09,153.55,84.9017977369325,6.240785438122622,13.210447223810693
2010-08-10,153.49,79.38631722793262,6.238317906746091,13.701177404013785
2010-08-11,152.63,79.72319830317979,6.253462757536971,13.732706814246487
2010-08-12,153.41,81.20943935850585,6.251735094319423,13.67580726086303
2010-08-13,152.78,78.32757426300631,6.254101917887219,13.854981663155312
2010-08-14,153.02,77.51553992982579,6.247453153771696,13.312771876259914
2010-08-15,152.91,81.7494923401563,6.241767410251239,13.507904449330852
2010-08-16,153.13,78.38306545465909,6.240897836572187,13.557703417498217
2010-08-17,153.29,79.53831910395772,6.260663755006701,14.01530593318981
2010-08-18,153.33,79.73656848614961,6.248491400062147,13.498007794395473
2010-08-19,153.1,76.58047544926286,6.258876792413107,13.551913603760067
2010-08-20,153.45,80.8110733866734,6.24990241371987,13.8153273700342
2010-08-21,152.09,80.45409075061757,6.254168249442742,13.413470617864101
2010-08-22,153.7,82.82899277536296,6.249307355775666,13.950738947716228
2010-08-23,152.9,81.83361945825618,6.251791945161982,13.982506728392574
2010-08-24,153.51,74.59087678889365,6.257966448179613,13.858382768067809
2010-08-25,153.09,79.35528057640454,6.242197361995318,13.807936241179243
2010-08-26,153.09,74.55981372809613,6.242345012383303,14.031251561048236
2010-08-27,153.18,80.08940042955776,6.258498203330241,13.984698411486127
2010-08-28,152.83,80.80558720679817,6.249050551436827,13.532178674577978
2010-08-29,152.9,75.48637526772194,6.2457479251799555,13.942861170773439
2010-08-30,152.53,81.12625308588851,6.254627315690369,13.403577594248674
2010-08-31,153.16,85.53611484260277,6.246293274970631,13.601571450056138
2010-09-01,152.85,80.97537794687126,6.250537129381444,13.645399038707186
2010-09-02,153.53,72.41564794774754,6.253824000580581,13.471487505238532
2010-09-03,153.8,78.38542628522997,6.255345469432282,14.010675041454183
2010-09-04,152.92,85.37618042824407,6.2499482908690815,13.517189978133963
2010-09-05,152.54,80.98980702999114,6.2461453862400935,13.964447960889554
2010-09-06,152.61,74.79427960207485,6.2531030584972624,13.489908541815044
2010-09-07,152.94,78.78352575061777,6.246000041431357,13.903374971445272
2010-09-08,152.47,76.07524328433891,6.246479342509499,13.763743130753623
2010-09-09,152.56,79.3669529739445,6.238277444239591,14.146017502368826
2010-09-10,153.25,79.17105814315859,6.252911883116542,14.353081897531013
2010-09-11,153.27,78.80571993353493,6.255798112306257,13.93975746509394
2010-09-12,154.03,81.88324395344043,6.254310244390873,13.511029209135154
2010-09-13,153.7,78.81613134189196,6.251139881570328,13.69113237149488
2010-09-14,153.21,78.90264581705682,6.262009214576311,13.849794984148765
2010-09-15,153.5,79.12763707881625,6.259591645598287,13.603548018776836
2010-09-16,153.58,80.6823594635594,6.249077561899299,13.746778837663056
2010-09-17,153.03,80.37957758006341,6.241734846903047,13.920206085169681
2010-09-18,153.29,83.70271784253534,6.237883415171632,13.48876966298454
2010-09-19,153.07,77.93095034890057,6.255760718465266,13.4433991604217
2010-09-20,153.86,81.09397182385813,6.251890493609566,13.45536904052642
2010-09-21,152.92,80.3810484825502,6.248877121544936,13.505513869534731
2010-09-22,153.02,79.0265880068213,6.254016770951835,13.941511202270897
2010-09-23,153.52,78.40367811262237,6.252435362308123,13.76859829061113
2010-09-24,154.23,81.3989197534502,6.24281955318222,13.568845750378795
2010-09-25,153.09,81.77108593662028,6.247950136015077,14.014329041465256
2010-09-26,153.21,73.67238347335973,6.253668357365608,13.962377672543283
2010-09-27,153.4,79.34869039094549,6.260635286999997,13.59895683676674
2010-09-28,153.7,76.33989467907496,6.248154237431289,14.121328715584047
2010-09-29,153.66,83.39391273107654,6.250111979356524,13.518521658648444
2010-09-30,153.1,78.66414053056191,6.255863982906286,14.218453681856154
2010-10-01,153.66,83.03075909430852,6.254329556654757,13.51625548973252
2010-10-02,153.46,81.64332554275865,6.259592874092492,14.068123201202106
2010-10-03,153.98,80.692515172071,6.253865489441113,14.303815412979775
2010-10-04,153.71,81.21403024683204,6.250258214848125,13.585987282480543
2010-10-05,153.31,80.45038176905032,6.257606970205574,14.08090509164439
2010-10-06,154.2,78.45280435443361,6.250679093633585,13.908832789875888
2010-10-07,153.85,75.87136082569657,6.243583912597457,14.220300366464835
2010-10-08,154.44,78.93903176923715,6.249337198604102,13.53228009512728
2010-10-09,153.86,76.97509657657541,6.243822478387067,14.15363843970738
2010-10-10,153.46,81.17155419507482,6.244153448034982,13.864485952527245
2010-10-11,153.31,83.61286287755641,6.261443925799791,13.906469005117115
2010-10-12,153.71,78.75843475763374,6.248063491820766,13.318708084565538
2010-10-13,153.59,78.70618161490165,6.250169378542124,13.31771058935406
2010-10-14,153.91,76.89020220220772,6.248903614862063,13.404754083203507
2010-10-15,153.32,75.55721540626578,6.2479956884114785,14.020107327741625
2010-10-16,154.04,78.51534010774296,6.251436224668316,13.722914521108267
2010-10-17,153.94,80.67511776796123,6.245929366457574,13.57654262764837
2010-10-18,153.34,78.76293896631678,6.254113715923592,13.657771068962374
2010-10-19,153.07,79.15561791398261,6.24142358375602,13.573548657243398
2010-10-20,153.65,81.79576985274132,6.242733736957106,13.82711325254618
2010-10-21,153.46,79.63982998149021,6.245220212174217,13.72626575433556
2010-10-22,153.36,79.09824162764438,6.24582883172895,13.795359666950347
2010-10-23,154.12,80.21112175943445,6.248303440327085,13.705646097716864
2010-10-24,153.94,80.99066026040758,6.260160729573028,13.82859392358237
2010-10-25,154.11,82.25688389104998,6.235074266855917,13.561834889054692
2010-10-26,154.25,76.28931869605023,6.2499955786640555,14.095633576767336
2010-10-27,152.6,76.6969521753553,6.256419742234291,13.876342945078529
2010-10-28,154.12,80.20314778392105,6.257587068291403,13.636861844026173
2010-10-29,154.22,79.50795380798398,6.240560640659263,13.807317816259749
2010-10-30,153.94,77.24932025946165,6.247892512941851,13.787223661392641
2010-10-31,154.31,81.13709447023308,6.246971824059614,13.89202586139849
2010-11-01,154.19,77.41617906300037,6.241796166523473,13.881695905455238
2010-11-02,153.64,79.14747644640852,6.260309934299122,13.742294796057053
2010-11-03,153.97,81.69715314004654,6.242164678419193,13.485460173916051
2010-11-04,153.38,79.95835355920477,6.243067512572549,13.825631637286527
2010-11-05,154.23,75.34925094173663,6.253383439691765,13.77709584024807
2010-11-06,153.61,81.88507770872155,6.242853518880532,13.786875890461728
2010-11-07,154.86,76.83809334325116,6.257520962875885,13.714387637235928
2010-11-08,154.01,81.5763056540249,6.250560467837261,13.939374360708985
2010-11-09,153.9,84.38241536996557,6.237893948445583,13.52524852267424
2010-11-10,153.21,78.96486437152447,6.2493461091253,13.289307065212878
2010-11-11,153.6,80.59731582399252,6.246080280685475,13.666168966322248
2010-11-12,154.23,78.71439085281187,6.249623049231574,13.762455533466758
2010-11-13,153.42,78.41981673694583,6.248941872921439,14.316596567294274
2010-11-14,154.21,74.88165648508291,6.250468762794894,13.148309395521846
2010-11-15,154.75,77.54610965030936,6.250032133289033,13.589591650880445
2010-11-16,155.06,80.44977454396657,6.248872698816194,14.115097711664877
2010-11-17,153.91,78.52366027463233,6.252377254591974,13.234680212949785
2010-11-18,154.49,77.99951712821711,6.2528261123023805,13.393030144511677
2010-11-19,154.13,82.19784269620845,6.254522127628505,13.947541696939174
2010-11-20,153.36,86.53215501087843,6.246647057739785,13.690718165876776
2010-11-21,154.58,77.78126693850271,6.250521416725735,14.170036072086836
2010-11-22,153.41,79.59438872220574,6.251036685392026,13.56708076670947
2010-11-23,154.36,80.73194159232922,6.250311151657947,14.245384744738983
2010-11-24,153.91,76.78718704330451,6.250124468965919,13.733061352553197
2010-11-25,153.98,76.83633284370097,6.249755324194782,13.944396466666412
2010-11-26,154.26,85.1363791354437,6.244153902632835,13.440565157248173
2010-11-27,153.91,79.46974292124278,6.241877417704095,13.853407290180195
2010-11-28,154.42,78.39572568273113,6.255212065101635,13.695752794963052
2010-11-29,154.29,77.07563415419477,6.251353554598797,13.589325523945806
2010-11-30,154.48,84.36660661265265,6.256979409415456,13.332770056571853
2010-12-01,154.42,76.01998481958368,6.2601892574811195,13.84627365154514
2010-12-02,153.5,78.62310594259915,6.248689517219409,13.588759704580935
2010-12-03,153.78,78.83201525477588,6.234939111767039,13.902707209377954
2010-12-04,154.4,82.06648829483909,6.250487419753371,13.780654424497717
2010-12-05,154.19,82.29712239598639,6.256159023264475,13.699042139540364
2010-12-06,154.56,80.53541317622876,6.246863046636113,13.268869727606264
2010-12-07,154.25,79.36695542245685,6.251312157961582,13.395559049885915
2010-12-08,155.32,77.57371018178549,6.254202527395567,13.44564893429494
2010-12-09,154.34,75.7440478003374,6.258228688442502,13.921214650023616
2010-12-10,153.66,82.29840844140746,6.249960550700947,13.522497663087305
2010-12-11,154.79,79.38838874317065,6.24598273181566,13.931095279883953
2010-12-12,154.42,83.97526069406392,6.250108271846922,13.81276541396533
2010-12-13,154.89,76.8914399562269,6.249970926231274,13.999263279886469
2010-12-14,154.04,77.27120017982062,6.249159521895476,13.885840816106324
2010-12-15,153.67,81.8482567923302,6.235826240823545,13.540637745383275
2010-12-16,154.49,78.25418159917368,6.260327748725333,14.020552680694012
2010-12-17,153.89,77.31689124999801,6.245030743187507,14.016950202703452
2010-12-18,153.54,81.79169010339338,6.249510882794988,13.854931001519086
2010-12-19,154.18,79.75933020563255,6.246454951304749,13.59361828678274
2010-12-20,155.2,80.00889436212577,6.244069573229138,13.969681826519345
2010-12-21,153.8,78.05204248229526,6.244965165221117,13.909077116335352
2010-12-22,154.15,80.67332229348371,6.243636299829867,13.765923849570198
2010-12-23,154.15,83.06318744490949,6.243241551031109,13.785100668134264
2010-12-24,154.18,75.13633279950643,6.251255256949647,13.75646140067978
2010-12-25,154.12,81.51689895380639,6.243610054892658,13.692858894524058
2010-12-26,154.16,80.8414243203917,6.247370343794701,13.740349625706195
2010-12-27,154.76,79.80980670201504,6.245643871556565,13.548394225205978
2010-12-28,154.26,77.1605884665488,6.24884827479509,13.553357623499544
2010-12-29,155.31,77.72120612384354,6.243446038533618,13.683861167773252
2010-12-30,153.91,78.69002316265492,6.2503288358853695,14.179174378923259
2010-12-31,153.55,78.5505487553232,6.249846724685428,14.175111174193734
2011-01-01,154.46,113.40310850937252,12.012112343608127,10.54725258981271
2011-01-02,154.42,109.61674560905658,12.00872105998885,10.934685162811876
2011-01-03,154.74,117.43851735877793,11.997324696313575,10.613926957895659
2011-01-04,153.71,118.33917645319247,12.002248152457886,10.882452000615157
2011-01-05,154.52,111.2629015450257,12.016487704297178,10.653942155913207
2011-01-06,154.74,104.08795586594727,12.003127612134763,11.179176579448233
2011-01-07,154.25,113.13634807727523,12.005005017816208,11.044334887672147
2011-01-08,154.38,108.26190539385246,12.005562247795488,10.972479725242756
2011-01-09,153.53,109.56015472934205,12.023366906429827,10.938715156212647
2011-01-10,155.02,115.47745639935123,12.013453956347606,11.162794771151123
2011-01-11,154.96,116.63112184025726,12.005839733302109,10.91001241260806
2011-01-12,154.05,110.68391411506175,11.997694269235373,10.747809891216537
2011-01-13,154.57,114.1808985035732,12.009525228137084,11.064612850731246
2011-01-14,154.06,108.59654095022174,11.99218058123519,10.711947729997595
2011-01-15,154.95,108.18450765190427,11.991669363565707,10.44351222515762
2011-01-16,154.58,112.37044459220692,12.011793317966182,10.622292338789574
2011-01-17,155.32,117.95881407768562,11.997274204076145,10.772058357430186
2011-01-18,154.44,110.4390903736104,11.999223364081631,10.428866214130036
2011-01-19,154.79,110.84018310684185,12.005538733384501,10.73456449707593
2011-01-20,154.66,109.64574851452026,11.997448181145971,10.379659087824177
2011-01-21,154.2,109.71777024649609,12.01883701015703,10.733561345380918
2011-01-22,155.19,109.65267272955214,12.002735637031002,10.86012895356404
2011-01-23,154.7,114.13139114214356,12.006644779429118,10.845805637156156
2011-01-24,154.76,106.63370739097958,11.98118733950737,10.639203113074544
2011-01-25,154.68,109.03624339911921,11.981897905701679,11.117680457319306
2011-01-26,154.4,110.16341471444471,11.995483276987148,10.573814369111679
2011-01-27,154.74,115.82873205680934,11.999333588342761,10.856337380690007
2011-01-28,154.18,110.38848977536674,12.001558118811692,10.434665298542756
2011-01-29,155.18,117.34654284413115,11.994977751026308,10.560548488515384
2011-01-30,154.92,109.10619214420613,12.000032087098687,10.885767612334336
2011-01-31,154.42,108.06317997271701,12.000110216859335,11.273570541730003
2011-02-01,154.81,112.01998520659087,11.991535385883958,11.081144050405522
2011-02-02,154.89,112.77735680532177,12.007207481954971,10.709020376030473
2011-02-03,154.79,116.06466737827145,12.00719533750137,10.591037592909661
2011-02-04,155.83,111.39749694639046,11.98777108745214,10.582108735742882
2011-02-05,154.65,114.20286914192664,12.023379461178326,10.899916970829702
2011-02-06,155.38,111.346526456519,11.99735291310873,10.717466002151728
2011-02-07,156.05,114.6745729199217,12.01749764081558,10.50986155864297
2011-02-08,154.98,104.11928454579335,11.991840474252504,10.787164368795334
2011-02-09,154.52,110.6581141086925,11.992564828657262,10.922228157507663
2011-02-10,154.47,113.6567190237347,12.017429261921123,10.70092233936863
2011-02-11,154.94,114.06638291395494,11.986614430111953,10.996037574987744
2011-02-12,154.78,113.19877780258916,12.008548166475865,10.398437685873585
2011-02-13,155.09,116.01485598310826,11.9904001871288,10.712009783744874
2011-02-14,154.84,107.49142519253431,11.99219558583631,10.733841571477747
2011-02-15,154.55,112.88721919133981,11.996369507054464,10.656379119201175
2011-02-16,154.06,106.50662326833015,11.998869625432816,10.676430912907854
2011-02-17,155.36,110.36784101116636,11.98081535863164,10.877368261431146
2011-02-18,154.74,109.88378425658595,12.01417028679014,10.987298673439742
2011-02-19,154.43,114.80753679214394,11.996869407222121,10.694180364072157
2011-02-20,155.73,114.22529416811263,12.008461830804915,10.994886483193024
2011-02-21,154.0,115.44431310920655,11.986689021735362,10.832640697239368
2011-02-22,155.52,119.54578822081088,12.000806999918764,10.676005877863254
2011-02-23,154.12,114.5564501812285,11.984753837843815,10.752116998984645
2011-02-24,155.43,109.73330838807063,12.011734861505039,10.506307980165822
2011-02-25,155.25,107.12586049530341,12.010029811720237,10.709373736522071
2011-02-26,155.62,113.59430120883603,12.008507366353793,10.894051120723889
2011-02-27,155.16,114.32875977239284,12.018050267799513,10.665551090084954
2011-02-28,154.89,113.66956017609733,11.996495105044497,10.492131743297113
2011-03-01,155.49,107.4748485188652,12.011919669023618,10.800449775168659
2011-03-02,155.85,116.58989210079602,12.011297440115408,10.885983170447316
2011-03-03,155.17,115.99537815776176,11.999286878280317,10.543898926169579
2011-03-04,155.66,109.98605571350132,11.97871351263332,10.664373071685095
2011-03-05,155.36,111.96031340256073,11.996106199631775,10.93291240690038
2011-03-06,154.79,118.23811069084793,11.999403777658658,10.92825735471277
2011-03-07,155.83,111.09746013315701,11.997565910288872,10.726798580939086
2011-03-08,154.35,109.20682342761816,11.980033311687462,10.768939547977425
2011-03-09,155.77,117.02810964986936,12.020320131044366,10.582247612627874
2011-03-10,155.87,110.56993575849866,12.002841800009648,11.381641029126458
2011-03-11,155.17,107.47815825270169,11.99135548324841,10.610096590392978
2011-03-12,156.21,111.18364314621824,11.975734562677083,10.67795814220563
2011-03-13,155.08,113.00174944152965,12.012315584396188,11.035024464389545
2011-03-14,154.98,101.90589260429758,11.973727946904807,10.632188594461715
2011-03-15,155.17,107.76743041570384,11.989087136534033,10.735713887538827
2011-03-16,155.3,110.51515665284303,12.010365559398123,10.551701331978515
2011-03-17,155.01,110.9107001420434,11.996868946331915,10.43626204560867
2011-03-18,155.1,108.14383527973767,11.982333530083016,11.379278706232217
2011-03-19,155.41,104.72141682480597,12.007513251613219,11.472748782122439
2011-03-20,155.03,109.26228541955004,12.028821054800677,10.711776986829456
2011-03-21,155.42,111.6075659651852,11.986071616211829,10.67063036091007
2011-03-22,154.98,109.99021474489406,11.983867829083287,10.342932310695447
2011-03-23,154.2,119.27044927133139,11.99629992754106,10.588749270049815
2011-03-24,154.84,114.35212654955659,12.010533738995308,10.593030933864974
2011-03-25,154.94,106.52893375697045,12.008042399536418,10.854538366572244
2011-03-26,155.02,108.78030199784293,11.978776276811933,10.759825038386056
2011-03-27,155.3,109.82608844099153,12.004030070111313,10.635341774486246
2011-03-28,155.41,117.11585545733296,11.996543608055433,10.966102674763267
2011-03-29,154.83,110.83770569340436,12.009303934952115,10.902795781061322
2011-03-30,155.1,114.04813416026853,12.006664384608541,10.950456927133079
2011-03-31,155.01,106.65217890061712,12.006135907455654,10.93696507361594
2011-04-01,155.67,111.26975631281023,11.98492648404624,11.175018759401416
2011-04-02,154.5,109.91068220667096,11.986990675334429,10.60928852796766
2011-04-03,155.25,106.55696788781098,12.006057983639618,11.141113328963492
2011-04-04,154.67,113.9819561132991,12.007706549094097,11.019925141232996
2011-04-05,155.61,118.50486574562562,11.982358432756236,10.726004085537573
2011-04-06,156.12,104.28026531238234,11.97790736340241,10.845300638701197
2011-04-07,155.62,110.65748236938079,11.985383496811023,11.011585897966626
2011-04-08,155.55,112.16093503632834,11.99153623966463,11.122626332906874
2011-04-09,155.64,113.39964617302304,11.986705349437912,11.05403449187752
2011-04-10,155.73,107.25364585192034,11.99952852836308,10.94013769185634
2011-04-11,155.75,109.22221124283958,11.997651778981481,10.703879218145582
2011-04-12,154.98,114.72293836180768,12.009241455008906,10.519196789170351
2011-04-13,155.74,115.61564098460016,12.010443642839903,10.990785694704826
2011-04-14,155.95,109.34684731023944,11.982024496475471,10.459920407720157
2011-04-15,155.37,112.0262547903469,11.979832759330712,10.970523932694006
2011-04-16,155.17,110.14981885034707,11.98909536589744,10.440600432060643
2011-04-17,155.49,114.21951384481456,12.006003877868977,10.403711722618338
2011-04-18,155.02,110.73410581469602,11.991183113402787,10.866923193328402
2011-04-19,155.39,109.80411681313754,12.006811992170027,10.958371698465712
2011-04-20,155.59,111.55765811054343,11.984964937927247,10.82391752749447
2011-04-21,155.93,115.24039656868494,11.996404169365139,11.00073442049946
2011-04-22,155.33,111.78191603691323,11.991589521970068,11.1625927760995
2011-04-23,156.68,109.8878068775975,11.986820709091198,10.554880872419712
2011-04-24,155.76,108.00788928910619,12.007314152969323,10.587882450050593
2011-04-25,156.04,109.89138759510617,11.977692083480935,11.007784501941765
2011-04-26,155.33,108.2446729307304,12.004495544303563,10.772312636117054
2011-04-27,155.86,118.32878516967078,12.013570094991158,10.554363021346816
2011-04-28,156.05,112.0373412531184,12.017376259412979,10.86623550378775
2011-04-29,156.44,104.44756926863532,11.992663553307175,10.863406447314311
2011-04-30,155.6,111.05312242108859,11.99266911769856,10.98429157628589
2011-05-01,154.85,113.53207817393634,11.991746162820737,10.81395147608504
2011-05-02,156.1,114.59322912345125,12.020029508214998,10.571578921065063
2011-05-03,155.13,108.64968392001099,11.989449486350702,10.994073552277495
2011-05-04,155.43,109.68494327078903,11.984428726546911,10.54250584313157
2011-05-05,154.75,110.57987028466317,11.982918926683912,10.61633381129538
2011-05-06,155.17,109.73476747005276,12.020619478602162,10.583163710739948
2011-05-07,155.93,106.0739743414844,11.995866049658563,11.180409559708417
2011-05-08,156.35,108.18876035651209,12.014349614445168,11.152069203835266
2011-05-09,155.6,107.81971970813736,12.005347867361612,10.716059004595925
2011-05-10,155.38,105.61682074941851,12.011299130336607,10.536414465831625
2011-05-11,155.08,109.60634624502183,12.017380278783993,10.983525814050806
2011-05-12,155.97,115.23670597089409,12.010440364199246,10.851541570590152
2011-05-13,156.12,105.03352803378705,11.992337785834511,10.504355717768952
2011-05-14,155.77,111.99616930462473,11.998118370425763,10.916230443440899
2011-05-15,155.37,108.94130378450947,11.987232464197477,10.689202382770448
2011-05-16,155.88,106.1875168414486,12.001768881226226,10.883986295674003
2011-05-17,156.28,105.45953384776632,11.991593849100068,10.607990039471932
2011-05-18,156.35,113.82368535496057,12.010992316123525,10.688668847547907
2011-05-19,156.79,107.97233739912872,11.987351781996802,10.620755101134398
2011-05-20,155.43,106.78646304534713,12.011190771976738,10.94348131682355
2011-05-21,155.5,115.98085790900504,11.991916441445383,11.40493564779411
2011-05-22,156.0,108.92420017466472,12.001751299679484,10.835129572269103
2011-05-23,156.24,111.8228335572248,11.99137983244333,11.116950569834133
2011-05-24,156.19,118.6621718572856,12.022076848321634,10.958703525315114
2011-05-25,155.86,111.23971570922622,12.00543752931969,11.16290341229653
2011-05-26,155.92,110.85538767400094,11.995754249352979,10.735919132239271
2011-05-27,155.29,112.1853648754448,11.986293070105352,10.650604653967696
2011-05-28,156.46,111.98037502127063,11.998334319825181,11.313918129035107
2011-05-29,156.41,108.85733509818016,12.000647285813105,10.99058400273125
2011-05-30,155.94,109.80120321561725,11.99851493070969,11.067799711399097
2011-05-31,155.84,111.27827220392076,11.997625386299664,10.538776009928501
2011-06-01,157.1,110.13946722301671,11.999782318145998,11.045551968314676
2011-06-02,155.85,105.58884352052918,12.009649897432272,10.690938288566537
2011-06-03,155.56,109.56383298180381,11.995594470779688,10.947525844247501
2011-06-04,155.35,112.13126783439174,12.019807131128639,10.586716732671434
2011-06-05,156.09,106.39377157660202,12.002845178175871,11.064908137460373
2011-06-06,156.28,112.4556882078115,12.001681149933175,10.458744125090606
2011-06-07,155.45,103.58209791455738,12.005193675161774,10.478611590150276
2011-06-08,156.07,108.76576064733582,12.003542462391199,11.035520657097413
2011-06-09,156.01,111.78232640166911,11.99986045030679,10.388142965987784
2011-06-10,155.91,115.57733546644153,12.00323102877458,10.782114740131151
2011-06-11,155.05,114.98868928236,12.003569044834247,10.715797647133105
2011-06-12,156.28,113.51203620888128,11.98609403040883,10.733281748526776
2011-06-13,155.39,115.46080158409106,11.999684208651141,10.189029927519782
2011-06-14,156.42,113.36437928820742,12.014816310778414,11.078029580206373
2011-06-15,156.15,107.0520699953328,12.007750562482329,10.984554005644062
2011-06-16,156.39,107.49465494055448,11.972677743951303,10.723201531408394
2011-06-17,156.42,106.78689820602938,11.987718542685416,11.030556139700654
2011-06-18,155.71,113.75260598193276,12.013760461064784,10.859845608739212
2011-06-19,155.57,121.22099678186714,12.006405550621205,10.850409430380225
2011-06-20,155.79,119.38852990108032,12.000511164082306,11.003561623062172
2011-06-21,155.44,102.76314396081949,12.00306357036688,10.65381541025305
2011-06-22,156.03,113.41211658630344,12.029943405633128,10.952259390458378
2011-06-23,156.68,107.28307582782,12.003944473557878,10.943088407177308
2011-06-24,155.84,113.08991973309854,12.004786887235317,10.646486981696395
2011-06-25,155.94,116.23695996188815,11.997165640791524,10.846493445430248
2011-06-26,156.09,110.04537350945067,12.01215770137293,10.50424691266008
2011-06-27,155.59,105.38470442510372,11.988367141633267,10.779481964754078
2011-06-28,156.02,114.42756461951815,11.996050248002593,11.266723035973845
2011-06-29,156.1,112.74553138308599,11.991472791120035,10.949842721341383
2011-06-30,155.61,111.04119829007588,12.009957696552325,10.878827542061273
2011-07-01,155.97,112.63312820765589,12.015823658394615,10.722118789889342
2011-07-02,156.4,111.23810440564154,11.993455965453453,10.773320944879696
2011-07-03,155.48,112.0567164250587,11.997859352994052,10.498208189392473
2011-07-04,156.76,112.82844899356591,11.997791619624984,10.813742849682587
2011-07-05,156.5,107.29308225419821,11.987080192863631,11.030007922169968
2011-07-06,156.11,105.06422324221113,11.99237700256991,11.271573725719003
2011-07-07,155.82,110.21370517915612,11.987274052623679,11.212465118179207
2011-07-08,156.49,112.36174614671273,11.991537205023787,10.81489766121444
2011-07-09,156.43,103.83638409438356,12.010977984318362,10.738072002233295
2011-07-10,156.33,113.30197236562493,11.999885879635487,11.434938003629386
2011-07-11,156.28,111.11736591066578,11.992173013855533,10.839811136851518
2011-07-12,156.88,117.876525927935,12.01181549493641,10.75348025449637
2011-07-13,156.09,104.76491115533716,12.00369770240323,10.342175305196905
2011-07-14,156.76,113.45825529955788,12.003954929766314,10.95538900922955
2011-07-15,156.48,112.71875053434282,12.012341636461894,10.845212433660349
2011-07-16,156.06,107.32053043125535,12.006035485820941,11.128172079479118
2011-07-17,156.31,112.33901289946209,11.982873181057972,10.761296200198133
2011-07-18,156.23,105.80204087273745,11.99562709300382,10.470711594605584
2011-07-19,156.13,112.4193413110024,12.006790439395468,11.195051266108088
2011-07-20,156.28,108.9931264991433,11.997778405422372,10.535857465606592
2011-07-21,156.25,109.54653023642065,11.978138554439921,10.971993458638558
2011-07-22,156.71,111.70499174360747,11.997821739317287,10.570465700653644
2011-07-23,156.42,114.62850423023114,11.987855166798465,10.866394919160205
2011-07-24,156.44,108.0990112753211,12.014564603550811,10.958078194565314
2011-07-25,156.03,110.9091834460654,11.99288999136727,10.950343940877449
2011-07-26,155.92,111.1813489145969,12.000083344671793,10.439559007210006
2011-07-27,155.85,108.64505809129625,11.991362347934919,10.413555772588785
2011-07-28,156.13,110.89634277564295,12.004337146987003,10.537253144753306
2011-07-29,156.26,106.80745371169434,12.008142369915976,11.256874935393121
2011-07-30,156.19,113.2285393633592,12.00962895083202,10.739282446413052
2011-07-31,156.03,106.90871634947892,12.00885231810052,10.886476386492927
2011-08-01,156.1,109.24155574611311,11.987834892033684,10.894573094495295
2011-08-02,156.43,111.46974668480466,11.998087516059373,10.527894739289206
2011-08-03,156.53,112.43617508870258,11.980044879278484,10.689068043568573
2011-08-04,155.8,113.58919750679047,11.995572317061661,10.85514599196722
2011-08-05,156.6,113.23495809556671,11.990147755897482,10.82665547126724
2011-08-06,157.15,105.80161608559581,12.000448043479151,10.826357837313976
2011-08-07,156.63,109.83856459019967,11.989605176174306,10.773480965468412
2011-08-08,156.54,116.35756509096255,12.020717115707072,10.487464570500764
2011-08-09,155.72,106.23681615833193,11.985803942468829,11.04176970163198
2011-08-10,157.05,111.68282822237413,12.005462116210447,10.449132422747606
2011-08-11,156.85,108.21538855042641,11.975599627762874,10.914312770692135
2011-08-12,156.61,110.4411230547051,12.018460799461613,10.664488208095852
2011-08-13,156.31,109.15151906416554,11.991278237924778,10.500567844165943
2011-08-14,156.26,113.84391981592029,11.99786544242511,10.54809372571483
2011-08-15,155.91,112.3289106525961,12.018678863181124,10.804775427292382
2011-08-16,156.3,114.15920246172381,11.996962919275656,10.843809924975583
2011-08-17,156.98,112.99581467169413,11.975858811279,10.678430144997089
2011-08-18,156.61,113.20507347142421,12.000417687276157,10.650125729296565
2011-08-19,156.54,106.27873601925029,11.997699391926691,10.704658628586174
2011-08-20,156.74,111.76445593319173,12.003057641845714,10.76909136563405
2011-08-21,156.82,108.2778991489779,12.010579969927598,10.685302212984016
2011-08-22,156.86,106.72854366629932,12.012910112921007,10.871216676704012
2011-08-23,156.69,116.6534367686687,12.018019802475461,10.88651901237576
2011-08-24,156.7,112.2263998795454,11.980343975118512,11.137983721380325
2011-08-25,156.65,110.11513885100435,12.008985750611728,10.827424410416315
2011-08-26,156.36,114.08693580913813,12.014616090119954,10.608502314672249
2011-08-27,156.5,113.52878444322226,11.992362911170318,11.108122797763983
2011-08-28,156.63,114.74943535878302,12.015949457261092,11.044083921310353
2011-08-29,156.97,113.93387083510265,12.019235497999018,10.828600012417725
2011-08-30,156.84,113.75671206575635,11.985258673748616,10.607849002039279
2011-08-31,156.96,110.4954675837282,11.99322439636438,11.083519184215366
2011-09-01,156.41,112.43971594151022,11.990837513028618,10.740262478801174
2011-09-02,157.61,108.36321855307548,12.000305535116992,10.552603389395664
2011-09-03,157.41,102.10808486558074,12.008556284376576,10.757977574787915
2011-09-04,156.79,115.9694718256177,12.000954197707644,10.691196463925548
2011-09-05,157.17,115.8103780011321,11.986636712911507,10.75848931162069
2011-09-06,156.91,110.2125976326181,11.999473658937944,10.554804325976944
2011-09-07,156.26,108.76247670906777,12.009062761498663,10.372362145752106
2011-09-08,157.26,116.51601981659803,11.978840925168704,10.835054184663608
2011-09-09,156.46,110.70636800967408,11.991213997113993,10.84559672362177
2011-09-10,156.9,113.2217706901782,12.001181016518368,10.737281159565091
2011-09-11,156.44,109.53999338987863,12.00408605510919,10.640061907075905
2011-09-12,156.83,116.98444953373154,11.992659905078776,10.660013855650767
2011-09-13,157.79,111.75559408055204,11.983521811312437,10.643445187565316
2011-09-14,156.8,120.29298115853493,12.001238063901583,10.622404486691094
2011-09-15,156.23,110.95305990711879,12.001081572128962,10.98623758353295
2011-09-16,156.92,116.96135268019263,11.998458139570168,10.76078141432583
2011-09-17,157.21,111.25496789681287,12.028510381609175,10.962044239719543
2011-09-18,157.03,105.75601494681935,11.989588326829088,10.621886960565277
2011-09-19,157.33,110.35199909708616,11.985866914431941,10.718018880161429
2011-09-20,156.83,114.92392162024919,12.00378763345018,10.634731249684267
2011-09-21,157.12,108.3153677560448,11.994476633385316,10.949855300237912
2011-09-22,157.35,113.47905846984558,11.993038198889902,11.07442265764472
2011-09-23,156.01,108.67253483520847,12.010252478723118,10.76668705261872
2011-09-24,156.4,115.00582452983171,12.007757923279224,10.53739458431517
2011-09-25,157.14,113.83623260334683,11.993095717352167,10.838103489570445
2011-09-26,156.32,115.80034287768065,12.008274831078555,11.124854456421044
2011-09-27,156.3,110.65696415282879,12.008343021555639,10.730346590987224
2011-09-28,156.56,112.45222532462985,12.014909535132073,10.585765141484174
2011-09-29,157.25,106.22643743081282,11.983758144989626,10.358066927897907
2011-09-30,155.73,113.90384372429037,12.00106020430205,10.964051228644971
2011-10-01,157.8,112.53266236640904,12.010098981299022,11.00706997984289
2011-10-02,156.77,111.40913593023569,11.996125276995379,11.106841254737775
2011-10-03,156.94,108.68771296560895,12.006844618042175,10.940180052619086
2011-10-04,156.9,103.3309933887805,12.012652664662959,11.021972027425491
2011-10-05,157.49,110.77138520483456,11.969596859793521,10.884012665862615
2011-10-06,156.62,118.70234948525533,12.033266832229112,11.097492258362289
2011-10-07,157.09,115.0905487586914,12.000105877331697,10.737067530863436
2011-10-08,157.0,112.05221933537928,11.989881748121212,10.853674102852514
2011-10-09,158.14,107.57693136665452,11.99140378163406,10.701743845869089
2011-10-10,157.65,112.91421291822031,12.017110951577674,11.248367192382542
2011-10-11,157.92,116.8224838561732,12.010381469563551,10.856532224824788
2011-10-12,157.61,112.96296242956758,11.966055322800669,10.92871321021169
2011-10-13,156.74,108.30553568693767,11.996334237503001,10.952837264703243
2011-10-14,157.2,110.6322893181555,12.004243775732022,11.17644335045434
2011-10-15,156.85,110.80950671957753,11.979745992860535,11.22364395738046
2011-10-16,157.83,113.6182542216755,12.013238020255404,11.12433331847404
2011-10-17,157.43,111.64010952776991,12.00079766424238,10.732003273281324
2011-10-18,157.07,113.46007002339232,12.001506962843846,10.765665367911835
2011-10-19,157.27,112.9762343096654,12.000595388193933,10.664205415170638
2011-10-20,157.96,106.16267818562643,12.017161365815946,11.11530733265602
2011-10-21,157.19,112.27533984128844,11.995881831435687,10.672278022785557
2011-10-22,156.93,113.62030632793022,11.984532759511422,10.892445991842246
2011-10-23,157.27,110.1141388294945,12.011115649005227,10.708376506935622
2011-10-24,156.33,112.16616996955271,12.01282956995101,10.472265116197221
2011-10-25,157.53,105.73779359935105,12.002179463666126,10.704557535169279
2011-10-26,157.44,109.36180441151005,11.992834007523971,10.690892150974282
2011-10-27,157.61,111.99405443502528,11.996277382387051,11.147716956621013
2011-10-28,157.36,109.58026009032193,11.989797167908586,10.987617115649899
2011-10-29,157.54,112.39461230823967,12.01256397025514,10.750848978976768
2011-10-30,157.28,111.91960995847472,11.994208098253587,10.555245674848056
2011-10-31,157.29,108.55911632630526,11.979216718644302,10.69035683380646
2011-11-01,157.09,107.3689164849731,11.991071601546649,10.401321027335515
2011-11-02,157.43,103.9485715986166,12.003966013489075,11.198032377022717
2011-11-03,157.02,113.56993628760463,11.97910780211706,11.025684869547879
2011-11-04,157.19,108.56762648053476,11.975954051697435,10.640348750068442
2011-11-05,157.64,112.71231933815181,11.99139522023732,10.557717548036228
2011-11-06,157.24,112.33416234326462,11.983634840170046,10.690317321159105
2011-11-07,156.76,113.18159381203823,12.00658090262469,10.962651760313417
2011-11-08,157.81,106.42722530214029,12.009663540972182,10.734234051958655
2011-11-09,157.23,102.87523102452391,11.997715126785673,10.699451510263023
2011-11-10,156.99,113.46006080663943,12.009994602935567,10.838668956099202
2011-11-11,157.37,110.21824541647355,12.003712685402013,10.83286451490801
2011-11-12,157.92,108.24975357708992,11.993442257054214,10.676613840411221
2011-11-13,157.29,104.96161447774352,12.003388666259903,11.241098503362357
2011-11-14,157.04,116.3408755367425,11.984098965471407,10.685160839140654
2011-11-15,157.71,112.35517971515043,12.00487725345485,10.934352318164011
2011-11-16,158.47,116.08609375693702,11.993139962677482,10.509464550801583
2011-11-17,156.77,118.06123875250387,12.011818326301693,10.814309376416874
2011-11-18,157.52,109.36050801463767,12.017130043129768,10.627121982027862
2011-11-19,157.97,115.41882894124487,11.99227848212393,10.987883006929334
2011-11-20,157.97,111.2013546415173,11.986090028461156,10.756744795175063
2011-11-21,158.11,112.57711525587231,12.015278253233893,10.928514524864617
2011-11-22,157.19,111.17932204655051,12.012029513424388,10.804373193200592
2011-11-23,156.84,108.25619739077369,11.999178314932227,10.425132564497837
2011-11-24,157.8,107.70461181291115,12.01069164732271,10.372546449554335
2011-11-25,157.13,115.74534949929489,12.000084716459702,10.85926284105192
2011-11-26,156.78,108.022607842809,12.001219136116887,10.80489901286862
2011-11-27,157.94,111.16068874275074,11.99817092060424,10.907491349782262
2011-11-28,157.93,105.87865579778557,11.986431301557772,11.250105082865787
2011-11-29,158.78,106.6231979372894,12.00431309424786,11.120000960245076
2011-11-30,157.66,117.47350664736084,11.99603883927434,10.773824502630713
2011-12-01,157.38,115.49894076939275,12.020009509319511,10.610820143487777
2011-12-02,157.73,110.76566411600506,11.98546088171469,11.15524908351337
2011-12-03,157.29,116.99216643489322,11.995745112051313,10.566409038205917
2011-12-04,158.5,115.32251993616765,11.988442667165092,10.439440900632942
2011-12-05,157.59,105.49202627676523,11.990017265054965,10.80553606271842
2011-12-06,157.88,107.27751149532416,11.989656568521925,10.760432977197967
2011-12-07,158.11,113.04925782251688,12.00890048992124,10.867193055878683
2011-12-08,157.23,112.19392233088334,12.02138077500219,10.881389232221348
2011-12-09,157.63,114.09609717796513,12.005500090299744,10.779276554802665
2011-12-10,157.36,113.81307622285988,11.998336429957586,11.04120611596279
2011-12-11,158.69,112.36049003784613,12.006545421698918,10.911921364727219
2011-12-12,157.7,113.53320948657972,12.009413284671755,10.929819259735421
2011-12-13,157.05,107.94701419241747,11.98179337647223,10.990221251147588
2011-12-14,157.89,103.8559716593153,11.992621419010229,10.974486673301268
2011-12-15,157.89,110.17414590483472,11.9826970106195,10.595737678525
2011-12-16,158.05,113.5677462882361,12.000069052205303,10.820599790276885
2011-12-17,157.36,112.3914449300224,11.996788894336637,10.934824739179401
2011-12-18,156.88,113.14069226057511,12.012527940469488,10.805122344059875
2011-12-19,158.09,111.82968840315552,11.986277084130094,11.002113214890185
2011-12-20,156.53,113.45961341701157,12.023438204959684,11.256247920227226
2011-12-21,157.65,110.34037252539498,12.00189978510427,10.766902728937573
2011-12-22,158.07,112.76190575861544,12.014907916339594,11.119766847066352
2011-12-23,158.15,109.6837204579201,12.008566745437534,10.92029852340989
2011-12-24,157.92,117.78340748924927,11.975090011966085,11.110130741329268
2011-12-25,157.56,112.30945628138873,12.018559034081704,10.948723192895123
2011-12-26,157.97,111.34131897679444,11.988321482742268,10.963264969670737
2011-12-27,158.05,110.4866138597899,12.009709369387938,11.353757669521329
2011-12-28,158.21,111.50739830855889,11.984107383649942,10.639997789513652
2011-12-29,158.27,110.40525307188722,12.008676677779325,10.994427222119981
2011-12-30,158.22,114.13051631340035,12.025861936061775,10.60525572716798
2011-12-31,158.22,108.40188490890844,11.999590777264405,11.056537621584388
2012-01-01,158.13,105.81638018633247,11.982392690603179,12.102973360663272
2012-01-02,157.89,117.64290667555562,12.000080391185213,12.074064709329464
2012-01-03,158.69,114.78762907378172,12.003342047360775,11.773003380917688
2012-01-04,158.17,111.63151744494034,11.99824005074545,11.983168206501892
2012-01-05,158.42,117.53701511161631,11.999759742252813,12.667244343790292
2012-01-06,158.0,113.93977232163533,12.014105191630753,12.204836015870034
2012-01-07,158.25,103.17174413037601,12.007185947312061,11.51977539854823
2012-01-08,158.15,113.90780025865415,12.009227929003266,11.645747758750225
2012-01-09,158.17,105.40188574257576,12.008567527393248,12.42948642917441
2012-01-10,158.47,111.31602584542891,12.01026314578105,11.942841368498389
2012-01-11,157.91,110.25951681314389,12.000123275615207,12.095210027884768
2012-01-12,158.0,114.44217300468517,11.993899319942315,12.321993324363117
2012-01-13,158.87,112.79218459039893,12.001598020756832,12.09630429961985
2012-01-14,157.76,114.2503901104349,11.999586323785426,11.970409247234405
2012-01-15,157.87,108.53854026181804,11.996204836288209,12.066216137197832
2012-01-16,157.03,117.71275065202502,11.981543522243523,11.887004188705536
2012-01-17,158.3,120.85870140552667,11.99659661789309,11.802162568892223
2012-01-18,157.89,107.02080746055343,12.0033303831096,12.73385360002126
2012-01-19,157.87,112.60583012135957,12.016426726888481,12.38336204633619
2012-01-20,158.53,113.94821812328837,12.000976455928017,12.030005881383177
2012-01-21,157.98,113.68956031308574,12.019342214208498,12.405900528618915
2012-01-22,158.71,113.57946350698265,12.015795165432792,12.104543197856751
2012-01-23,157.89,113.44694688621735,11.985763741059818,12.095462967273502
2012-01-24,157.7,109.88345128483931,11.987924303791042,12.185749769141054
2012-01-25,157.26,113.89163725040464,12.009934429244224,12.298469771515855
2012-01-26,158.22,109.51393817407856,11.981342613033192,11.976598621520996
2012-01-27,157.71,117.5780884457287,12.025599128196745,11.908741134046048
2012-01-28,158.13,113.02625981017422,12.014370975000617,12.419842544634589
2012-01-29,158.15,115.26546502975532,11.996553327715061,12.0605902538323
2012-01-30,157.57,114.9501909613505,11.976654014381603,11.930683174837457
2012-01-31,158.24,109.5348879673627,12.002547848778656,12.21009208759177
2012-02-01,158.04,117.29218145274288,11.968673536425268,12.669024754163804
2012-02-02,158.61,113.78646994577247,12.003981776123288,12.120182080521182
2012-02-03,158.89,107.84177638620514,12.00888134085773,12.259384868042956
2012-02-04,157.77,109.28979591527957,11.99104800297234,12.273562353135734
2012-02-05,159.13,111.67602798124135,11.98895012622982,12.3604558506715
2012-02-06,158.99,111.86287469345551,12.00504813317327,12.589614678042414
2012-02-07,157.96,109.3540735942626,12.005029104573927,12.362797390480406
2012-02-08,158.81,111.2463523435754,11.979718363105302,12.485102671545212
2012-02-09,157.79,112.03950419428445,11.990450684091964,12.305196446988806
2012-02-10,158.07,109.42451286117654,11.986182681657395,12.230337679276754
2012-02-11,158.08,110.93156240900562,12.022957029320203,12.310581421042556
2012-02-12,158.77,110.10223961060461,11.982657620199936,12.101112761226453
2012-02-13,158.5,104.79916556395605,11.997469511786392,12.078021406348276
2012-02-14,159.29,113.95925511331419,12.00287088439345,12.23949487486514
2012-02-15,158.62,109.13996667703634,12.000755712073424,12.211097438626664
2012-02-16,158.49,111.76385568097275,12.012987843635708,12.72056884579807
2012-02-17,158.9,108.37298083133514,11.998392677970385,11.784869126143628
2012-02-18,157.3,115.71277995128075,12.007248191408614,12.293344969524977
2012-02-19,158.31,111.39484991765981,11.999903178339352,12.002505752402193
2012-02-20,157.86,110.99247951272173,12.002887636475798,12.019970305105112
2012-02-21,158.63,106.43032455800383,11.99686940049555,12.580980924744301
2012-02-22,158.7,111.4167008787099,12.006818152524772,12.161678913575715
2012-02-23,158.33,110.76984258493508,12.007598367560517,12.243066201791866
2012-02-24,159.02,111.23430863777006,12.00509669535902,12.127538409812773
2012-02-25,158.57,114.85847928443589,12.004479036677967,12.170974940108596
2012-02-26,157.64,115.20097123207249,11.99035897457992,11.90551109505838
2012-02-27,158.48,108.45121914139102,12.015882230751021,12.43160210741466
2012-02-28,159.74,112.77877470942647,12.0141244621599,12.088560184694883
2012-02-29,158.52,108.80565578704592,11.977221927614064,12.15767327467875
2012-03-01,157.39,107.97586563965183,12.007695591878642,12.065185545768086
2012-03-02,158.75,118.49597174498338,12.019737847651767,12.04875513166349
2012-03-03,158.57,113.13651042315487,12.00366962293812,12.247914759161233
2012-03-04,159.04,107.65313465640776,11.991259086601724,12.411077711951624
2012-03-05,159.07,108.61141622320257,12.003347705315843,12.223993565078802
2012-03-06,159.87,110.83402187601685,12.005353083427925,12.378121020701336
2012-03-07,159.63,114.01802422363707,12.00716976859263,12.071144833100822
2012-03-08,158.2,110.18722045135362,12.000325844340974,12.176266843617157
2012-03-09,158.68,115.13121121434077,12.003875879548746,11.955877526943373
2012-03-10,158.81,109.56284434808721,12.003839676222826,12.386926252429896
2012-03-11,158.37,109.49188039808925,11.974911578475192,11.900276133074863
2012-03-12,159.14,111.88374686775812,11.97849719576358,12.159866319592261
2012-03-13,158.78,111.80614528452568,11.982654659419314,12.291476131207322
2012-03-14,158.35,113.72647158100793,11.99957103782497,12.274925453475719
2012-03-15,159.27,114.28015001419485,12.002691889040847,12.202339107198286
2012-03-16,159.08,104.80252510335694,12.00266581688797,12.172706035806138
2012-03-17,158.91,113.97003013951733,12.007048894592748,12.152283442800556
2012-03-18,158.43,110.09571241503586,11.986185147697846,12.63157839892601
2012-03-19,159.15,107.15094269148229,11.999310226102837,12.172608146241501
2012-03-20,158.77,110.57171949903383,12.004517232038221,12.412767550577023
2012-03-21,159.38,107.59499122011113,11.999273494049445,12.284634680557067
2012-03-22,158.33,113.80966402826117,12.007414639322036,12.567145715828815
2012-03-23,159.02,109.76768713759814,12.016117064290116,12.330021779304076
2012-03-24,158.95,115.72147969528434,11.997633727728555,12.218292577513935
2012-03-25,158.3,108.48993587921206,11.989496752435715,12.637380776903653
2012-03-26,159.54,105.1347638524009,12.010148017513224,12.006094625650547
2012-03-27,158.8,112.81151741856958,12.004351464817885,12.432178713925774
2012-03-28,157.84,113.79390230634766,12.015346666503852,12.335126711310016
2012-03-29,158.21,115.08628235671192,11.996699071230276,12.17872798591049
2012-03-30,158.67,115.77211091398668,11.99171832551002,11.989751864153726
2012-03-31,159.6,106.15165613870279,11.990196301777354,11.974471536044721
2012-04-01,158.13,114.80231770562501,11.999857430807532,12.11507202823409
2012-04-02,159.03,111.36434108826244,12.028227930860687,12.0205513268572
2012-04-03,158.34,108.79769184238795,11.986083617290754,12.059367353211623
2012-04-04,158.81,116.01524568723859,11.989367450075184,12.474428395319983
2012-04-05,159.19,113.44399614272707,11.990049591101808,12.090551056383664
2012-04-06,159.66,110.46533378548955,12.003391365299263,12.209044541585632
2012-04-07,159.34,111.87747615868507,12.030406457676438,11.924795519232749
2012-04-08,158.37,112.48970583562699,12.00107993722789,12.023055135371969
2012-04-09,158.43,110.09300292156144,12.011756566177102,12.249775852251906
2012-04-10,159.14,112.42761939518373,12.003245547127394,11.714958200040194
2012-04-11,158.24,109.21779150275925,11.986642684445629,12.041622628671407
2012-04-12,159.31,113.83771965121774,12.002372996006754,12.561731425471748
2012-04-13,158.58,114.76867604957688,12.010954806951752,12.214341128354544
2012-04-14,158.68,108.52910063609458,11.992278411447245,12.002155883256856
2012-04-15,159.05,101.44627082208633,12.002541682036828,12.55732984219921
2012-04-16,159.81,110.8152406095172,11.997494415072678,12.084483066122887
2012-04-17,158.37,114.57514041698367,11.998651728514087,12.71328832990434
2012-04-18,159.47,113.46996823795023,11.99234136948695,12.5988611942539
2012-04-19,160.06,110.06413019351584,12.00344882322447,12.05586468390541
2012-04-20,159.36,114.84880658023741,11.999666634707646,12.228697417102573
2012-04-21,159.94,111.4940076305038,11.99052952442224,12.490880421523414
2012-04-22,158.67,113.44124886365606,12.000446312442362,12.36955223128578
2012-04-23,158.82,110.30545248147529,11.99757718619768,12.407827237264316
2012-04-24,159.48,112.81287203133586,11.993294842683873,12.272858845902338
2012-04-25,158.91,108.1193833806173,11.996969653069252,12.387213647249645
2012-04-26,159.24,115.26652811694667,12.020243133600564,12.305502589617678
2012-04-27,158.53,106.05096525023478,11.99730211351671,12.32853357221299
2012-04-28,158.67,107.83085504357348,12.002286353073648,12.330498925326712
2012-04-29,159.32,108.52944106666911,12.008470068849967,11.820598167998906
2012-04-30,159.97,109.25855375560194,11.976128396204873,12.327081224753243
2012-05-01,159.25,109.04378888333993,12.002672902234234,12.221084700290932
2012-05-02,158.47,111.38050351896825,11.981999731669653,12.312899109216943
2012-05-03,159.33,111.96044289698797,12.002379319395946,12.577853990999925
2012-05-04,159.88,114.846908955123,11.990800130599107,12.00392970634652
2012-05-05,159.0,112.94775825410964,11.999603975876061,12.461553331295596
2012-05-06,158.76,114.6164596808468,12.011671045010349,12.418833180345324
2012-05-07,158.5,108.81327934342401,12.005930461759258,12.060573870708703
2012-05-08,159.35,114.09664042348881,12.00268948867987,12.698781876956613
2012-05-09,158.73,114.67744036976953,11.990826444671832,12.018281231792574
2012-05-10,158.67,110.72879158202474,12.002684405594792,11.909960586566307
2012-05-11,159.09,109.99526056993835,12.009696737363218,11.76224002418552
2012-05-12,158.18,111.60520692934932,12.016474088918004,12.325133734839774
2012-05-13,158.53,114.11510892546326,12.008438307017311,12.252161775776312
2012-05-14,158.39,112.05188060926042,11.994897836908137,12.112470737264756
2012-05-15,158.63,114.18651670587616,12.010131021866457,12.174961974718137
2012-05-16,159.17,113.19275787571314,12.001814645427354,12.235414519271028
2012-05-17,159.04,109.5751427407033,11.986006515837179,12.203969911291987
2012-05-18,159.71,112.53928245140257,12.002814897421302,12.026509960148175
2012-05-19,159.3,111.95973363660853,12.008382260243954,12.298136967860673
2012-05-20,159.14,113.58134131206702,12.01467182988587,12.118658053314698
2012-05-21,160.08,105.71242487696384,12.007570176196904,12.43189875423329
2012-05-22,158.14,112.42049444291668,12.000372428008387,11.438268220269778
2012-05-23,158.66,108.25699335099672,11.99226916956528,12.201996672208349
2012-05-24,158.21,119.52734719071871,12.00464249558621,12.316064051938827
2012-05-25,158.69,110.61675696356004,11.993975006451112,12.108353629098271
2012-05-26,159.52,107.50768202102384,12.000393458252933,11.978463194118099
2012-05-27,159.29,105.53069065529958,12.004140144642408,12.696000469994063
2012-05-28,160.4,120.71242915992299,11.99889426469753,12.216464306288538
2012-05-29,159.73,109.15474269222774,12.014898655673765,12.126360631676821
2012-05-30,158.92,108.33189744020477,11.988383096212534,11.994568972665286
2012-05-31,158.34,110.73956664983962,12.013217130985776,11.954060159498395
2012-06-01,159.87,111.55775082578494,12.019000071973643,12.026112574426502
2012-06-02,158.95,111.47034145079999,11.997915186813522,12.071304687912084
2012-06-03,160.25,112.83978824903393,12.013274340418555,12.009806379721553
2012-06-04,158.73,116.7009250431783,11.995428134902841,11.826979054853004
2012-06-05,159.42,112.904024635271,12.012216425935277,12.359628024425202
2012-06-06,159.78,114.49537554081445,11.994696623068402,12.010365993163617
2012-06-07,158.8,118.00370209386409,12.013264462643217,12.64558855538623
2012-06-08,159.99,112.83878208736384,11.998917842778932,12.135564628566998
2012-06-09,160.06,108.07695551571427,12.021865013571711,12.370230013597677
2012-06-10,160.13,114.7850116647221,11.988400669968822,12.209144004884843
2012-06-11,160.47,114.83054794239624,11.99171047656072,12.073855816160972
2012-06-12,159.21,112.1893890135426,11.98972797462621,12.427429938594914
2012-06-13,160.03,105.77823588104724,12.00018499030608,12.107872417942568
2012-06-14,158.99,105.00349453339831,11.99388579955216,12.626309272639435
2012-06-15,160.22,109.67656091037925,12.021551297610465,12.00987089378278
2012-06-16,159.64,105.70951037473607,12.009532345457574,12.14197364745226
2012-06-17,159.43,111.6277555702159,11.993286641320145,11.961191782597076
2012-06-18,159.47,114.31633893325422,11.99955153840772,12.651629091699661
2012-06-19,159.35,110.79886280645606,11.985977803357757,12.26421737272121
2012-06-20,160.0,115.44901042323153,11.99176248755719,12.42621513306729
2012-06-21,159.41,110.0546435744705,12.014156399551116,12.144199546362806
2012-06-22,159.4,108.7500823975355,11.988460418822953,12.852274672959688
2012-06-23,160.14,112.9974273387522,12.007566952967458,12.018357580908418
2012-06-24,160.27,112.16237376610928,11.997844331663337,12.443932866128014
2012-06-25,160.0,110.4289749345946,12.00218797911862,12.034973910911011
2012-06-26,159.83,114.51001209901426,11.98847256831147,11.8618788006188
2012-06-27,159.53,114.10986163040062,11.984740313609056,12.156680959632585
2012-06-28,159.15,111.8718990049365,11.989447573976,11.95364754972094
2012-06-29,159.64,110.04477541630278,11.996420208472324,12.4407305744116
2012-06-30,159.9,114.3101108263902,11.994345632793896,11.850385040640106
2012-07-01,159.09,109.90316338491496,11.983060002627047,12.26615797325837
2012-07-02,159.52,114.80278029493118,12.003854860151364,12.032110131433717
2012-07-03,159.12,110.99970853718978,11.997953155269267,11.99468314424972
2012-07-04,159.52,110.86983171093057,12.023234095478045,12.021492569452468
2012-07-05,160.22,108.54452377719883,12.011244280116436,12.13838937284083
2012-07-06,159.73,104.05356408480071,11.979856234896765,12.26331874491449
2012-07-07,159.94,111.02857875814024,12.009470823990057,12.352803353553506
2012-07-08,159.86,113.66647390319866,11.99568679609448,12.467944667592027
2012-07-09,159.18,108.44796221655463,12.01106937456005,12.225630755629249
2012-07-10,159.81,107.16264163747076,12.003021669384168,11.931033298890355
2012-07-11,159.06,109.03635083972358,11.980167136210357,12.106423428356518
2012-07-12,160.26,113.64178855758969,11.977932212788916,12.743307954922145
2012-07-13,159.6,107.43399775305656,12.012905930005152,12.754760977674323
2012-07-14,160.26,104.67428772502576,11.984725154078882,12.098289498493125
2012-07-15,159.48,113.77965163765082,11.99270731816565,12.317235579854412
2012-07-16,159.99,110.78103926953952,11.979048174521301,12.644970158936209
2012-07-17,160.23,115.80727837301558,12.001364267027846,11.877797374827498
2012-07-18,160.38,110.53571467325311,11.980877122053153,12.134718069588436
2012-07-19,160.11,114.70717672285619,12.005961692640637,12.363482046579051
2012-07-20,159.03,108.80232398131737,11.993241603080367,12.466579784611076
2012-07-21,160.23,109.00174129937604,12.007738672273298,12.286338638712074
2012-07-22,159.98,111.81126687272264,11.997094391864584,12.007309432271233
2012-07-23,159.56,113.73923077254895,11.98485085643184,12.179058913122102
2012-07-24,159.76,108.14292007311097,12.010647239676786,12.575092991101945
2012-07-25,160.57,108.7580268772828,12.000127526188884,12.072176403741484
2012-07-26,159.77,106.39871155089432,11.985171084316567,12.657738071245415
2012-07-27,159.74,116.03222782810481,11.989343075767444,12.275440220057334
2012-07-28,160.2,110.70301557636793,12.000991133664066,12.386507201531751
2012-07-29,158.84,109.88645292633335,11.98261564760724,12.159717342728086
2012-07-30,159.34,110.41764557011598,12.00390589389973,12.170685936001327
2012-07-31,159.46,112.06906212175599,12.012831672518898,12.330580325632697
2012-08-01,160.39,114.02186952494174,12.025339978287525,11.825275678768735
2012-08-02,160.93,109.56587892986592,12.014943079737257,12.518325932474077
2012-08-03,160.38,106.80167648570412,12.003657025232835,12.259869806450986
2012-08-04,160.35,115.89051557812597,12.003225330035995,12.267604517296078
2012-08-05,160.12,113.16478411953594,11.975948188561913,11.768079893727661
2012-08-06,160.01,107.92500474752997,12.019292220042828,11.990445178554317
2012-08-07,158.98,111.33343362833718,11.98826963061242,12.281384721345288
2012-08-08,159.58,110.61542471018498,12.001171135519742,12.224966278858881
2012-08-09,160.04,114.44530369637252,12.006266732390664,12.102547171502371
2012-08-10,160.21,108.57277516962466,12.008245802010757,12.58888660073838
2012-08-11,160.39,114.92921877697827,12.002459396026373,11.759226934061129
2012-08-12,159.67,105.87010360788119,11.959692086937753,12.49716363799605
2012-08-13,160.33,105.52790213459882,12.00556465451164,12.461389578144567
2012-08-14,160.66,110.0542709890649,12.009083614734008,12.08458426738581
2012-08-15,159.78,115.72988723065963,11.993979535739305,12.697396395282142
2012-08-16,159.68,111.04477770439674,11.998852917737661,12.201683078349854
2012-08-17,159.74,113.35146827409541,12.007362689689026,11.895907590492367
2012-08-18,159.84,105.70226195213331,11.991893409257404,12.066555066289524
2012-08-19,159.72,111.43981906717806,12.005261077373117,12.113658389782527
2012-08-20,159.86,113.54761267793808,12.005318968402655,12.17569135787146
2012-08-21,159.74,113.34456215806965,12.014101557364482,12.24062900157135
2012-08-22,159.84,115.43571962646504,12.00701579319867,11.930685020007655
2012-08-23,159.57,109.95208749987117,12.003010151282426,12.408764664033335
2012-08-24,159.74,110.28912681723294,11.993125730934159,12.362234856331247
2012-08-25,160.53,112.25409008688106,11.998686871903729,12.434837980534844
2012-08-26,160.06,113.83027743463455,12.011303447213066,11.999960117914814
2012-08-27,159.44,112.81867120504437,11.994660680406993,12.416793059267825
2012-08-28,160.17,117.07480603137253,12.004547380457183,11.949294264871783
2012-08-29,160.3,107.23611859111391,12.015550665606707,12.033288669823417
2012-08-30,160.91,107.85439534134221,11.990361502438846,11.94469902962347
2012-08-31,159.89,112.85794019948608,11.992540718088671,12.152504462425616
2012-09-01,159.84,103.2208513272387,11.984763913650955,12.81008941377052
2012-09-02,160.83,113.21637151492254,12.010361610825218,11.941270494183957
2012-09-03,160.23,117.55285752222508,11.98241444378905,12.351000797880603
2012-09-04,160.0,112.36588440285404,12.01103113076929,12.211463652028785
2012-09-05,160.44,114.70356096102222,12.012262238784745,12.01912677561587
2012-09-06,159.32,102.84195984997585,12.0177325702751,12.41681416182934
2012-09-07,159.63,104.11787550976946,12.000029638750313,12.423892367601718
2012-09-08,160.07,106.42784674560203,11.998412042117494,12.386340315126143
2012-09-09,159.76,118.42200347206537,12.000487380949004,11.704523577494323
2012-09-10,160.08,108.64367576002415,11.996193664453235,12.17555193044337
2012-09-11,160.56,116.93796505435488,11.987983093714643,12.362575154620922
2012-09-12,160.13,111.02526218452066,11.996302374945039,12.011509281206438
2012-09-13,161.45,114.71022994393748,12.023612578172267,12.680467415590769
2012-09-14,159.57,114.66434962043351,12.002835083096958,11.924914577027495
2012-09-15,160.22,110.73382090993384,12.007860156994978,12.059309587158753
2012-09-16,160.49,113.22291005062274,11.981057935008279,12.043039192799318
2012-09-17,161.34,113.47020282714655,12.007225916866853,12.43735225460114
2012-09-18,160.8,108.53847004342548,11.987620486812489,11.84603582274875
2012-09-19,161.09,108.1900056884634,11.996683064108545,12.078122780015603
2012-09-20,160.32,110.58344474089455,12.014647708436621,12.29550125517855
2012-09-21,160.24,112.53808901556253,12.011858706512086,12.30902912618188
2012-09-22,160.38,112.35885939411375,11.989054193002199,12.426565243171723
2012-09-23,159.97,111.84290073987945,12.017340509765317,12.216233036988383
2012-09-24,159.99,114.42447543722393,12.002370864251704,12.443685281996714
2012-09-25,160.75,110.24097781483766,11.99540992269404,12.064003432443908
2012-09-26,160.01,108.99641998771197,12.002234869670133,11.772557583431597
2012-09-27,161.02,107.11097996601376,12.011743583585242,11.944255807214308
2012-09-28,160.37,110.42922749824179,12.007686948314921,12.647784596609666
2012-09-29,160.1,110.53484707608126,11.998734332582861,12.482809245804287
2012-09-30,161.28,105.42533278674529,11.97763043777441,11.998008713978827
2012-10-01,160.25,112.30236052989954,12.007850432401709,12.03916342576532
2012-10-02,161.09,115.05275202950297,11.977915675872003,12.169542282818176
2012-10-03,161.06,111.37915792930576,12.000837570083414,12.150038921493923
2012-10-04,160.38,115.25445920597072,11.985237277194894,11.974942250712022
2012-10-05,160.57,108.89071328560406,12.0035607122353,12.547197523221154
2012-10-06,161.24,110.6764018650806,12.017142534846139,12.350468323631372
2012-10-07,160.61,111.0602490842635,11.98984205444013,12.125019453285812
2012-10-08,160.65,113.03304232961152,12.00036955944572,12.208298849967099
2012-10-09,159.65,108.95614775970962,12.002063241077266,12.37323865656621
2012-10-10,160.62,113.918863784344,12.016653691704297,12.001699518993993
2012-10-11,160.72,114.69002617222633,12.022205764305387,12.323891482009188
2012-10-12,161.15,111.7854746301266,11.997713921441882,12.366678137337615
2012-10-13,160.27,107.04061685731062,11.982573134240344,11.51039656862518
2012-10-14,160.42,110.71734409250891,11.995460576754095,12.219045347454662
2012-10-15,160.78,110.96499588710563,11.988553696729833,12.507761280906994
2012-10-16,160.37,113.51436277041623,11.997384224601422,12.231555526905543
2012-10-17,160.86,116.1169763406341,11.997565094198412,12.288552598477834
2012-10-18,161.52,117.29435222306643,12.00353700440685,12.13798514173266
2012-10-19,160.74,108.70110677258236,12.009633579622887,12.185493821409256
2012-10-20,160.51,115.27673091755231,12.000040235375602,12.102717671626353
2012-10-21,160.36,111.74903599769735,12.002732885994101,12.010539856603735
2012-10-22,160.66,115.08513808574725,11.990622771272827,12.246804523181206
2012-10-23,160.44,109.55197379167467,12.003405532637226,12.439151066728606
2012-10-24,160.02,117.1005367340728,11.995750164728957,12.405302424457215
2012-10-25,160.39,111.85774301946667,11.993020501010074,12.568335261138122
2012-10-26,160.81,108.75899794997291,12.002985677325427,11.857394655012715
2012-10-27,160.63,110.29457656317584,11.981763247942036,11.9431487013579
2012-10-28,161.18,110.1195837707862,11.989127093278961,12.21746849299406
2012-10-29,161.2,115.60913303750911,11.993783615386315,12.087664219413595
2012-10-30,160.39,110.97577990131872,11.992945628875539,12.175719405310467
2012-10-31,160.9,110.26011982365418,12.006637197085379,12.327715822843658
2012-11-01,161.2,108.2609473697201,12.002321386107386,12.465594171269094
2012-11-02,160.85,114.31361211122142,11.976042345398742,12.344177831259088
2012-11-03,160.5,116.38786640498549,11.9819905618214,12.665335049640767
2012-11-04,160.82,115.66284015467602,12.002431516749255,12.275591945019563
2012-11-05,160.2,113.44527345396426,12.002752121389962,12.241929191674686
2012-11-06,160.71,108.44084508775282,11.998929316131028,12.118532146511434
2012-11-07,160.68,120.14797038312047,12.018138577564963,12.261587099992608
2012-11-08,160.32,109.45630603586734,12.023412311973749,12.087365983622925
2012-11-09,161.44,112.73152253682424,11.989497811060424,12.503548591445547
2012-11-10,161.11,109.64056684841604,11.981165762692482,12.360758447273684
2012-11-11,161.27,111.39179710293331,11.993066153970213,12.232244036458704
2012-11-12,160.68,115.43850311798946,12.002634242902229,12.371554916064529
2012-11-13,161.4,111.11824669577744,12.001453803728104,12.074560253491802
2012-11-14,161.35,115.40816734494882,12.002100189365818,12.36347287215268
2012-11-15,160.86,115.43579553839196,12.006704041201736,12.178094600970933
2012-11-16,159.93,108.22658294893499,12.000650498046667,12.117045338883935
2012-11-17,160.96,110.71728209269713,11.995237086009414,12.386616185654379
2012-11-18,160.57,108.44693376017125,11.9918954493365,12.44823124569042
2012-11-19,160.29,114.47939921790554,12.011178052284844,11.79734390220138
2012-11-20,160.83,114.17506756088082,12.005243561399288,11.960992856757631
2012-11-21,161.15,109.54622146966601,12.002602819921895,12.469117814651838
2012-11-22,161.12,107.95529769266119,12.002252478510673,12.046579582270338
2012-11-23,160.33,110.21844609060697,12.026700859822174,12.256252025497707
2012-11-24,160.93,107.6429419441077,11.999443335952845,12.366193189551524
2012-11-25,161.24,116.41372140187057,11.99693490839534,11.928801269844595
2012-11-26,160.59,115.22914069216918,12.009744386059696,12.29385670652488
2012-11-27,160.87,106.60715676366283,11.987488051323751,12.203635117286058
2012-11-28,160.93,108.69778722374306,12.001304463164413,12.121990923434813
2012-11-29,160.89,111.88849205603407,11.975282707722515,12.190808275694364
2012-11-30,161.49,112.40495164514361,11.99963095658936,12.304695908797944
2012-12-01,161.73,109.5490477413275,11.993576225307278,11.833376004816326
2012-12-02,161.36,106.11484024740227,12.00364652564519,12.677276485249827
2012-12-03,160.88,113.8077856435414,12.007306741542006,12.079429095241354
2012-12-04,160.84,110.07404138067517,11.99970491627704,12.308410371557926
2012-12-05,161.55,112.06245560333346,11.999468146591246,12.192988405233988
2012-12-06,161.25,104.59127094314434,12.017296413849254,12.328851080268773
2012-12-07,160.94,110.26615382378827,11.993968089464692,12.924388188177868
2012-12-08,161.24,113.25423077711254,12.006072579277124,12.404318886652797
2012-12-09,161.01,110.1982841891556,11.993978936441607,11.957329235191347
2012-12-10,160.94,113.27681692427628,11.980066346177024,12.248800403952155
2012-12-11,161.36,111.82354382599351,11.995024590013028,12.52050345529432
2012-12-12,161.17,112.12309555177984,11.993796654421592,12.352846522199583
2012-12-13,161.11,114.78367072694094,12.014458451363906,12.23426160694515
2012-12-14,161.0,107.87216757163351,11.993640601933718,11.650244835272856
2012-12-15,161.23,110.67919156392267,12.004124725477295,12.185170130413924
2012-12-16,161.57,114.40150726378336,12.002008297052821,12.029262388211025
2012-12-17,160.85,112.08909252026871,12.005862802677335,12.36361218919248
2012-12-18,162.05,109.71572791275685,11.996870924780449,12.267379488863405
2012-12-19,161.78,108.13036938213945,12.006661937486104,12.178982371680872
2012-12-20,161.46,110.96868724589899,12.001445430938356,12.069353558140365
2012-12-21,161.08,113.98869750123527,12.00209837415944,12.286636070704049
2012-12-22,160.79,109.81147619726404,12.016568612513066,12.386849784493018
2012-12-23,160.88,114.5304725169502,11.988093220183668,12.358715866355304
2012-12-24,160.66,104.87656789392268,12.00811111823699,12.247527497706184
2012-12-25,161.02,116.25846951899514,11.99288409642479,12.250187814899919
2012-12-26,161.4,116.04707107657553,12.002991103858482,12.088640552114516
2012-12-27,161.54,110.24418721723883,12.012150158354155,12.43699797145317
2012-12-28,160.57,111.42637372711998,12.001582046547627,12.185267313987438
2012-12-29,162.11,111.31592547505173,11.999423927872444,12.407287426157147
2012-12-30,160.83,112.00466079198553,11.997013143665304,12.052506436220284
2012-12-31,160.79,104.76179513288453,11.996211031444474,12.427489815925638
2013-01-01,161.56,101.97389178971035,11.995687475870515,8.723784597332005
2013-01-02,161.93,109.79377712998658,11.99757610130748,8.653712117236168
2013-01-03,162.47,106.68444214735806,12.00563436378065,8.73471582048229
2013-01-04,161.08,109.59911194368692,12.00253152999352,8.523221862134557
2013-01-05,160.85,110.34668468776955,11.992728211942326,8.49601619789685
2013-01-06,161.61,101.52667630016956,11.996401104164464,8.525161108286357
2013-01-07,161.89,105.28430962232083,12.002417510773382,8.53604855454266
2013-01-08,161.17,107.29730753472275,11.979578309318873,8.597682748514291
2013-01-09,161.88,107.34148236058685,11.9930643977812,8.358889611614375
2013-01-10,162.21,110.64145732410515,11.996058993023032,8.47687176536325
2013-01-11,162.01,110.33734880770008,12.009753293902518,8.41380274529774
2013-01-12,161.27,109.16495011634082,12.025910876981975,8.740448075783267
2013-01-13,161.91,111.76597523920344,11.998788233967893,8.443855293202395
2013-01-14,160.55,106.91556635002665,11.990394403250528,8.428070661410453
2013-01-15,162.31,106.66562522509103,11.99316247862038,8.598984606256614
2013-01-16,161.6,111.80340422827946,12.004964152306469,8.258812778567659
2013-01-17,162.52,107.91235403895857,12.006102404315698,8.520382198917847
2013-01-18,161.62,106.35586843877799,12.002976926739883,8.461830375468748
2013-01-19,162.24,109.81247806868917,12.002195142425565,8.18839084800819
2013-01-20,162.28,111.53992522472446,11.996313157562177,8.3585827930523
2013-01-21,161.93,109.48291204631107,12.002663298872362,8.515878015500991
2013-01-22,161.45,109.20534942155294,12.029150538270612,8.689539946516637
2013-01-23,161.26,107.61198467196492,11.99298701417084,8.567784554913615
2013-01-24,162.0,103.70024439521973,11.985100092922856,8.286452424542194
2013-01-25,162.12,106.31683639517087,11.997106643650397,8.52797118552534
2013-01-26,161.28,111.3034913047767,12.000720643784472,8.537376545164365
2013-01-27,161.63,110.61476571402059,11.987616520102494,8.293433807209937
2013-01-28,161.52,111.58199561857141,12.00093416058756,8.20516002108893
2013-01-29,161.33,101.7263651234529,11.996585123751759,8.352122908753323
2013-01-30,161.73,106.69726639996256,11.99614945875318,8.369212329725718
2013-01-31,161.15,106.83811231137882,11.996951272223537,8.41558217062629
2013-02-01,161.96,106.36939734634011,12.007699042136393,8.210540891833576
2013-02-02,160.9,103.6230108248221,12.016420858624752,8.347437850191504
2013-02-03,161.24,106.34622850008202,12.007352713521428,8.567981722380733
2013-02-04,161.79,116.14212332031485,12.011551156190343,8.468923381316186
2013-02-05,161.53,111.27931948345166,11.994000977321443,8.524829303734139
2013-02-06,161.28,111.61149810336,12.002500026343073,8.207824744375747
2013-02-07,162.38,104.96860071644068,11.982760192927564,8.393424048003066
2013-02-08,162.51,106.49135161392313,11.977218078415497,8.471631618446548
2013-02-09,161.26,103.6282711646983,11.993511333042134,8.53511817211158
2013-02-10,162.15,104.40676062126454,12.003585475690446,8.145171836187066
2013-02-11,161.74,109.68723806588093,12.019806075184166,8.814747915767644
2013-02-12,161.66,105.12044638474775,11.996186747890869,8.207684578937084
2013-02-13,161.3,104.76709354171965,11.995582854783281,8.232708020730279
2013-02-14,162.88,110.10823562479698,11.986708686934369,8.474898741946646
2013-02-15,162.16,109.94183093310606,11.999103872833885,8.33905649113132
2013-02-16,162.0,111.64479337211681,12.00397189786361,8.420826823909493
2013-02-17,160.87,114.6251656175183,11.990890991223807,8.413807854579519
2013-02-18,161.39,102.9211393947185,12.021064805515396,8.7023665979387
2013-02-19,161.63,108.47374295114322,11.975530802889883,8.42737988966803
2013-02-20,162.04,110.48904079475807,11.988002467270874,8.42340608253555
2013-02-21,161.45,110.81539498240764,12.011067741534106,8.216906019241659
2013-02-22,161.9,108.42788471126097,12.00149193080654,8.56599239950805
2013-02-23,161.56,110.27779491128271,11.992040641909103,8.467808951864916
2013-02-24,161.74,104.47973222263037,11.980187683363011,8.272987087873588
2013-02-25,161.58,109.00160744777786,12.012768846794884,8.928814922961273
2013-02-26,161.42,104.61798813012848,11.993494467631134,8.270790314105872
2013-02-27,162.14,111.39592300915629,11.998938498196546,8.113322378421842
2013-02-28,161.89,107.77754875519778,11.999923858897393,8.546390565638983
2013-03-01,161.09,112.0838040046965,12.01266446209813,8.45811058540654
2013-03-02,162.19,112.15664426727952,12.01187753679355,8.2091443836668
2013-03-03,162.39,108.68466225285088,11.992207135261669,8.489690623233173
2013-03-04,162.29,111.05877450336916,12.01657324931104,8.222760441423162
2013-03-05,163.18,107.07202670933673,11.990956049398457,8.625772161966427
2013-03-06,162.08,106.58899001436541,11.997289522808327,8.768211720053417
2013-03-07,162.63,114.00304418963069,11.998114580927728,8.602736024379096
2013-03-08,162.5,110.29869913390523,11.983186732153849,8.783072448101297
2013-03-09,161.8,104.48815485749225,11.993676840145463,8.445672700938129
2013-03-10,162.31,109.66684084744733,12.009127888438268,8.544345894008607
2013-03-11,162.13,109.06307475636808,11.995453775198898,8.595393559188413
2013-03-12,161.61,111.72758783831199,12.00802944858338,8.331036541410215
2013-03-13,162.2,107.1542646539832,12.005314942683805,8.467121238642243
2013-03-14,162.04,107.81879664246274,12.01380757546451,8.511517313276235
2013-03-15,161.62,113.61206528910876,12.000807939376626,8.33230584978247
2013-03-16,161.37,111.56446243760527,11.997019082217426,8.684155651099
2013-03-17,162.73,107.28830987564808,11.999525657615022,8.711915468349385
2013-03-18,161.68,106.73270309968188,11.975286771896439,8.372585997455008
2013-03-19,162.72,112.85519709464701,12.004947982255826,8.318021840963583
2013-03-20,161.82,109.86607829251258,12.009600394118907,8.65581752813296
2013-03-21,160.99,106.5344589523909,12.031702112661161,8.481852602964697
2013-03-22,161.67,104.84177335592527,11.98960667172942,8.394917680209236
2013-03-23,162.58,108.96572255832405,11.99854828105729,8.72829370831006
2013-03-24,163.0,104.6446356414653,11.97242254715085,8.317733669816162
2013-03-25,162.73,109.16701278856866,11.992846137034087,8.682972838872306
2013-03-26,161.91,106.42093588690156,12.004628989734044,8.63569442579578
2013-03-27,161.86,103.32387680654524,11.985997666745916,8.530976124890746
2013-03-28,162.76,99.57513849489412,11.983342390244669,8.771831733428993
2013-03-29,162.28,102.53887306848061,11.998725442057168,8.466187883809825
2013-03-30,162.69,101.21265730542649,11.999245143610128,8.26642722473349
2013-03-31,162.02,114.89290376411194,11.991050988877976,8.677092515380732
2013-04-01,162.69,103.6898522554543,11.992454964031776,8.68651241913288
2013-04-02,162.71,117.3817479902786,12.007592241386835,8.554194595949765
2013-04-03,163.03,112.59367795847189,12.005646828827274,8.553621181705315
2013-04-04,162.44,114.64272208987688,11.98954513678362,8.72563846190895
2013-04-05,162.58,111.2294338864485,11.994307345820143,8.312365832588503
2013-04-06,161.83,111.57300038049426,12.00633174956757,8.501026266644367
2013-04-07,162.32,109.08788954021146,12.011934486530258,8.117822252249049
2013-04-08,162.37,103.62159235114746,12.001644380427768,8.08226931027644
2013-04-09,162.77,113.57608231480538,11.975645393422399,8.57153208376968
2013-04-10,161.53,105.92365486355028,11.996622009269421,8.526003611323908
2013-04-11,162.62,107.51970005500964,12.013794513921054,8.416201753021072
2013-04-12,162.59,105.85714108445315,11.99827218895643,8.380671799519519
2013-04-13,162.32,110.0573446903663,11.990571146453373,8.377329201162278
2013-04-14,162.34,106.98381326711035,11.98612723266135,8.32603867655897
2013-04-15,161.83,111.0237799364189,11.97335860462199,8.070162550759163
2013-04-16,162.53,103.3208780656711,11.991615099317466,8.40657428225612
2013-04-17,162.72,113.33115965336212,12.014792794616449,8.585785637604047
2013-04-18,161.67,104.19800547705262,12.015568528263863,8.55493872907986
2013-04-19,162.96,111.64421294715358,11.9926641623955,8.472609393366668
2013-04-20,163.0,107.11985651105388,12.008663206927594,8.176424526084462
2013-04-21,162.7,106.55234984818937,11.99511642005606,8.609380606695868
2013-04-22,162.94,104.3575790677712,11.999768375981299,8.384414601512603
2013-04-23,161.8,107.77507642804608,12.01053373111003,8.56706805471358
2013-04-24,162.49,105.74924076913462,12.003643292688114,8.316366649670071
2013-04-25,162.54,113.19881080611445,11.999107540336405,8.379032020449316
2013-04-26,162.93,108.6723756561102,12.005560152097976,8.597205880650078
2013-04-27,163.2,112.46550338340035,11.971556880773491,8.585892169583683
2013-04-28,161.4,112.55361064835793,11.999655687691394,8.688449990240072
2013-04-29,162.89,112.60926073231589,11.996738288499373,8.520830190794843
2013-04-30,162.48,110.95949459091472,12.007927798357121,8.530119095523068
2013-05-01,162.68,106.21274055672805,12.019022910381828,8.461216132571266
2013-05-02,162.65,106.06398547065827,11.977544027791568,8.588214324748817
2013-05-03,163.57,113.15156381087661,11.999694204491188,8.655980375324308
2013-05-04,162.55,107.84690865616957,11.993894281994946,8.748569779076654
2013-05-05,163.06,109.52349447927025,12.003802644287436,8.554190088142608
2013-05-06,162.49,109.51577393755144,11.994973979674253,8.636501396073331
2013-05-07,162.51,109.70172806973295,12.014249471397282,8.728658059931703
2013-05-08,162.06,102.6367992001858,11.985460999998399,8.69685606440878
2013-05-09,162.12,109.78143616708013,11.992937025682274,8.788127963216809
2013-05-10,163.35,109.81476840603969,11.977862657322305,8.680030124370177
2013-05-11,162.65,111.39377311164496,12.007824206218222,8.039745613946659
2013-05-12,164.03,108.2784180335519,11.99875806823467,8.527847927102147
2013-05-13,161.98,114.50298292899188,11.999113493792247,8.567472294536046
2013-05-14,163.19,110.09312460122342,11.994654091549787,8.59510317251659
2013-05-15,163.26,108.93444438983329,12.017505039112104,8.61420109298598
2013-05-16,162.87,109.10167028831577,12.002175207201363,8.402285758906253
2013-05-17,162.53,105.60991604527452,11.971242723190914,8.273628802130471
2013-05-18,162.25,103.03004712598413,12.00891351264979,8.699691440692845
2013-05-19,162.45,101.87475645216644,12.004675830426658,8.517121797764508
2013-05-20,162.24,100.69754414308957,11.991706619321002,8.49814693366543
2013-05-21,162.24,111.12719927295262,12.006125338258421,8.01428517212188
2013-05-22,162.55,107.51702929983077,12.0190265865131,8.458717834629432
2013-05-23,163.46,109.9697908542888,11.987453157192226,8.39578181533689
2013-05-24,163.02,104.09178724804656,12.002440416236244,8.779614346603138
2013-05-25,163.18,107.01308096731388,11.987113027230905,8.389274361127418
2013-05-26,163.19,105.8368187415005,12.000081741166662,8.519102720979342
2013-05-27,162.91,106.11277235341,11.97604379015592,8.339786184344533
2013-05-28,162.99,106.11910747088959,11.985276484292752,8.681228833119441
2013-05-29,162.42,109.64639456791406,11.989976943415318,8.639734632701485
2013-05-30,163.69,103.80038952369601,11.998865889720221,8.715898145635244
2013-05-31,162.82,110.93412023904973,11.99744577327676,8.68089985798189
2013-06-01,162.81,107.13955543147024,12.021830423693228,8.723390024773632
2013-06-02,163.19,109.0867754437274,12.002376371128237,8.438874761296693
2013-06-03,162.38,111.61580766585998,12.018014516500207,8.562469696174432
2013-06-04,163.12,114.18141717086083,12.018399147871804,8.599892386560569
2013-06-05,163.14,107.64265561566877,12.020660844760023,8.649971825741712
2013-06-06,163.05,108.11591805100694,12.005232737291529,8.645222114118763
2013-06-07,162.73,107.9852588959918,12.012428654645928,8.156205901552047
2013-06-08,162.52,108.09283490068813,11.983688013041935,8.431197675026988
2013-06-09,162.38,109.69568558846474,12.004678265461457,8.358512218811507
2013-06-10,162.75,102.79263179702033,12.001100444799972,8.37820059737573
2013-06-11,163.13,106.01758598798428,12.006774562973321,8.425968485614147
2013-06-12,162.55,107.09206802810465,12.024109936420299,8.372817680056867
2013-06-13,163.44,110.21274892314577,11.990071677427279,8.683963367284493
2013-06-14,163.2,105.83337278465449,12.005290809598495,8.64060847290987
2013-06-15,163.85,106.31334209709664,11.995572832347033,8.363545056508038
2013-06-16,162.98,111.27254031793701,11.99689229266459,8.680611753386758
2013-06-17,162.74,109.23411821084628,11.985850866490125,8.722546080235087
2013-06-18,163.46,108.86606484631534,12.001391756801205,8.333970898411009
2013-06-19,163.15,102.37679035296865,11.992424899949626,8.544446586007677
2013-06-20,162.68,111.8169654075943,11.99887003846609,8.691543286326938
2013-06-21,163.13,113.66376090870585,11.977355594131637,8.444240433212675
2013-06-22,162.1,105.73759449530426,11.99885385677309,8.614069849805473
2013-06-23,163.99,109.97246332808092,11.997891347832766,8.51654972529594
2013-06-24,163.18,106.26923170422728,11.997901912702902,8.46713328895679
2013-06-25,162.87,113.21430054473866,11.989923899317814,8.426270186292673
2013-06-26,162.88,114.712887980082,12.010339236579982,8.648529427694918
2013-06-27,163.03,113.75035555569603,11.997112107014354,8.5695012910783
2013-06-28,163.76,107.35670708892198,12.006135733930375,8.384457525390362
2013-06-29,163.12,108.8011850465848,11.998020631309512,8.397311969489701
2013-06-30,162.87,109.00568463137168,11.99297932249838,8.27273749036098
2013-07-01,162.88,105.41869800653126,11.98471767386695,8.348610976224393
2013-07-02,163.34,109.07882299085698,12.001443110159725,8.659202678858161
2013-07-03,164.24,109.06658228339248,11.993469940014034,8.550512601333859
2013-07-04,161.98,107.880603897197,12.00013152607893,8.237007810375523
2013-07-05,163.32,107.72809264331504,12.013513432614678,8.433853323931409
2013-07-06,163.14,112.51462650901273,12.004829537270634,8.664109856494555
2013-07-07,163.23,109.91895696782179,11.988728939062144,8.551441890223765
2013-07-08,162.99,116.3083429865145,11.987141237684982,8.393597914548872
2013-07-09,163.5,109.31469235758047,11.999644218776611,8.39511466700949
2013-07-10,162.99,111.29400721166972,11.997559388353956,8.492798595914897
2013-07-11,163.09,106.66715113266504,11.972784686117487,8.286893958692344
2013-07-12,163.33,114.48439417618215,12.015277219187183,8.33068909775156
2013-07-13,163.53,106.57822189174694,12.012354106069658,8.285310119932982
2013-07-14,162.44,112.33752596704842,12.010245547309767,8.67124766975559
2013-07-15,163.55,109.83202887924764,11.962380467457132,8.532020063888455
2013-07-16,162.26,106.14858932919543,12.003497653530964,8.515226007173618
2013-07-17,163.67,111.32340679749655,11.984250192816273,8.68287387785459
2013-07-18,163.24,112.3497788968065,12.021964773890195,8.938552585132172
2013-07-19,163.11,111.93116451828317,11.996566335506959,8.442890647232302
2013-07-20,163.43,100.62123430094252,12.010802997477386,8.513789646943152
2013-07-21,163.23,110.2489687200498,12.001529161590515,8.480530846890773
2013-07-22,163.49,108.09420484344267,12.022732709132297,8.852337029045142
2013-07-23,163.23,109.9109917624882,12.0031921738821,8.213386205492846
2013-07-24,163.74,109.71127483578294,11.978690370779642,8.568903546253582
2013-07-25,163.84,109.60154779225412,11.989541123312751,8.46306636055965
2013-07-26,163.31,106.03307170000166,11.991860896363681,8.681597214248292
2013-07-27,162.72,108.93231210219568,12.002346405874782,8.592047106511636
2013-07-28,162.94,107.31505985987128,12.0031784872869,8.83943731956185
2013-07-29,162.87,108.5656449143312,12.015447181231645,8.53277315632628
2013-07-30,162.72,108.42855656403661,12.010433808220512,8.515298691488935
2013-07-31,163.95,106.67724657234758,12.011060140623483,8.415794765294901
2013-08-01,163.67,105.49598760001601,11.991543532395994,8.58447254705097
2013-08-02,163.21,108.06814160510632,11.998246663990324,8.505416146595719
2013-08-03,163.49,106.33264411077161,11.994884611209496,8.241012808523498
2013-08-04,163.21,110.77859218027034,12.009089069797271,8.243684027780507
2013-08-05,164.12,111.80266228507728,11.99712888142723,8.51105589407283
2013-08-06,163.65,108.40352511216132,12.01005804664302,8.317606000008148
2013-08-07,163.48,108.22583938206337,11.994645938327483,8.234123151250792
2013-08-08,163.26,106.6921265613054,12.002475062424452,8.563914561098793
2013-08-09,164.01,108.57267363475418,11.999675158806966,8.257772069566707
2013-08-10,162.58,105.27969542037175,12.000845002362572,8.23805982540132
2013-08-11,163.26,105.13088545849828,11.986251149129638,8.394532682505684
2013-08-12,163.67,112.29070108959192,11.980323974652936,8.474063100938436
2013-08-13,163.28,107.06767059521432,12.006864924475602,8.498689604439804
2013-08-14,163.78,108.03033984306178,11.988789449249452,8.737801555689819
2013-08-15,162.94,112.04474254118038,11.986570269690704,8.337481713044273
2013-08-16,162.95,114.71063589373094,11.999752411199724,8.560068854505237
2013-08-17,163.65,112.01475035512021,12.00149712632238,8.445089955824551
2013-08-18,163.39,115.74255112878234,12.032986405804044,8.43784741111343
2013-08-19,163.34,110.39639963097163,12.007674420602298,8.007479482770066
2013-08-20,163.97,109.80082969035496,12.007581529145343,8.684659134886779
2013-08-21,163.31,109.45076891961979,11.983488598519815,8.728352138567448
2013-08-22,164.35,109.06035874320435,12.006382242745357,8.464931095245882
2013-08-23,163.99,110.07358944575363,11.988550582816151,8.486930356409868
2013-08-24,162.79,107.08355199687438,11.990751825671438,8.519450221131114
2013-08-25,163.65,103.69726299103662,11.989700254696018,8.813398386425165
2013-08-26,164.08,105.43511247937153,12.003817659235727,8.867431446941707
2013-08-27,162.88,114.61983985229762,11.999001583855023,8.408104545030453
2013-08-28,163.05,107.00263773379103,11.971452876983754,8.371804293353117
2013-08-29,163.54,106.1955428132695,12.011376588909151,8.319480759069226
2013-08-30,163.75,114.16270184151135,11.984488821514848,8.267937892878273
2013-08-31,164.25,104.68717116848114,11.990037304026805,8.462207941290288
2013-09-01,163.89,109.26479820743401,11.999646020166791,8.476744659043025
2013-09-02,163.43,103.38635186214067,11.998524836968267,8.79738615370775
2013-09-03,163.54,108.79065301542092,11.994263386150722,8.266090490257241
2013-09-04,164.46,112.39366068214537,12.029147691781919,8.364688421883976
2013-09-05,162.57,103.7636694244492,12.012315231144107,8.396283292717605
2013-09-06,164.38,103.454094881557,11.99256111250495,8.741125508273585
2013-09-07,165.1,110.92204301240999,12.017298720237337,8.244335733604943
2013-09-08,164.25,113.34981433267815,11.99549285660883,8.769385735541475
2013-09-09,163.23,105.2892349426496,11.981627030056924,8.496066375880375
2013-09-10,163.75,111.25786371688136,12.012474625225613,8.331749983033088
2013-09-11,164.32,107.54347238729441,11.991507397450917,8.581836194823728
2013-09-12,163.6,108.96003308538893,12.019340516676719,8.421489282479556
2013-09-13,164.42,116.81585406472172,12.00162505892672,8.505374453137605
2013-09-14,163.41,111.51704057746916,11.998552322093381,8.465772764477764
2013-09-15,164.25,109.95047677482957,12.013736505075148,8.478670188514895
2013-09-16,163.07,102.67545409690669,12.009216626844447,8.438557065167554
2013-09-17,164.08,112.77527378510408,11.981995033736212,8.746296173971414
2013-09-18,164.2,107.95689047119691,12.00065513379099,8.606754411482823
2013-09-19,164.37,107.02615983335437,11.986980868670562,8.319035864938021
2013-09-20,163.73,108.31388753119725,11.99169738250217,8.244931614089348
2013-09-21,163.85,107.20031709861894,12.018527709934197,8.574560209256566
2013-09-22,164.34,106.85246323540215,11.991003860490752,8.42181457288807
2013-09-23,163.67,111.66636203003355,12.007177361244612,8.699109286793979
2013-09-24,163.64,108.99639097494277,11.99714209039444,8.54820448427394
2013-09-25,164.81,104.62851648198509,11.974724261828714,8.556389890536941
2013-09-26,163.65,108.57606147764535,11.978170833539558,8.307255120955388
2013-09-27,164.47,107.70995377341156,12.003141345143762,8.479299208721766
2013-09-28,164.26,106.06213822858898,11.991315503977319,8.278104924493256
2013-09-29,163.91,103.38165252885813,11.997849660167878,8.512441857215675
2013-09-30,162.78,107.03443356811749,12.01383757187881,8.59801028735741
2013-10-01,164.55,113.5923649352228,11.985023588271355,8.346714573228807
2013-10-02,163.11,107.2576778866361,12.006652872747361,8.570797150065664
2013-10-03,164.15,110.44584351537642,12.00530680462055,8.446048688326158
2013-10-04,163.69,110.12746543285948,12.00571416478454,8.574312109239457
2013-10-05,163.99,109.3140439804099,12.007273187677628,8.119482617139536
2013-10-06,163.89,111.4399017499352,11.997374326423103,8.362632309021265
2013-10-07,164.45,104.59772024011,12.006004146900585,8.589758205247898
2013-10-08,163.42,108.15926394297372,11.987623611672705,8.657982888116013
2013-10-09,164.04,106.95470021424761,12.01388119511685,8.303623580196799
2013-10-10,164.2,107.65205870173502,11.981988922631958,8.25706436132893
2013-10-11,164.18,114.2590754490598,11.998284230164561,8.312992872494858
2013-10-12,164.29,108.47445782246164,11.967942271061897,8.459576495647076
2013-10-13,164.29,109.9858486766473,11.989384216286332,8.435030208249055
2013-10-14,163.6,112.84368894845325,11.994378743776032,8.282565707413758
2013-10-15,164.69,105.73350819373094,11.998172901414476,8.34347141986014
2013-10-16,164.3,110.712464428262,11.993927229686172,8.696229732883065
2013-10-17,163.67,108.4692659296773,11.995065445355394,8.421985086344183
2013-10-18,164.21,111.07342548641346,12.018681246398453,8.322234569421894
2013-10-19,164.34,111.86957755757518,11.978947734442832,8.565945834358217
2013-10-20,164.56,113.1484448703298,11.983415484975989,8.585266646469902
2013-10-21,163.55,106.54768935863892,11.99181436114249,8.4188774535063
2013-10-22,164.56,106.78892872285415,11.979005462862208,8.474389375597859
2013-10-23,164.2,112.7849355520074,11.992820269962376,8.392422826220121
2013-10-24,163.57,106.29623017121548,11.997801633833598,8.059180162088376
2013-10-25,164.8,112.46816459889486,12.009666476593702,8.33545051841041
2013-10-26,164.74,104.53058313671936,12.020953563082045,8.842843051341482
2013-10-27,164.49,105.62039081855897,12.009639331390664,8.504363023290914
2013-10-28,164.04,108.59111023808323,11.998063075745566,8.33714513994213
2013-10-29,163.32,105.65824752760999,12.029438545880925,8.544059949202154
2013-10-30,164.59,110.0171225937031,11.995138621252194,8.411311745993858
2013-10-31,165.09,105.73890243850344,12.00518709689782,8.499596704148916
2013-11-01,164.46,104.96131818606058,11.991751578215903,8.268577099740165
2013-11-02,163.69,112.09361927542173,12.002573596966513,8.50628146926082
2013-11-03,163.51,106.29520697734203,12.017756661588535,8.481642271048292
2013-11-04,163.79,106.8572458553459,11.995014009282508,8.545962209756995
2013-11-05,164.57,109.27877281787765,12.0044787466171,8.549161540760604
2013-11-06,164.22,108.51089159669704,11.984958602214478,8.41722808774164
2013-11-07,164.49,112.059417339305,12.004573954625615,8.59015282835561
2013-11-08,164.61,104.85299896083258,12.003671250808084,8.468986557346772
2013-11-09,164.44,111.92947961584102,11.972867739416376,8.559891938548473
2013-11-10,165.12,102.4377046422764,11.973184601157847,8.344159373088607
2013-11-11,163.53,113.10485163437818,11.985484781388895,8.395047312344472
2013-11-12,164.27,107.57536710973535,12.00185915525518,8.234831665130795
2013-11-13,164.71,106.56563910181023,11.99306958060111,8.541261191854682
2013-11-14,164.1,109.28367045667423,12.00361441554036,8.37727065825481
2013-11-15,164.01,111.14702335836809,11.996905152069017,8.257415051316855
2013-11-16,163.75,104.6912331201683,12.014643196640876,8.541986148798426
2013-11-17,164.37,107.05615809421055,11.988792743916287,8.641371683005833
2013-11-18,164.96,111.86104552605437,12.018522233013492,8.33936479357901
2013-11-19,164.15,101.58156629990367,11.98793334066126,8.547755112626067
2013-11-20,164.89,107.94507946750093,11.9805266622762,8.615777365786325
2013-11-21,164.3,108.77609426302108,12.015965553044383,8.392120143083927
2013-11-22,165.24,105.09033593797048,11.996733378389411,8.685431206736297
2013-11-23,164.27,105.47309413320689,11.98993502127266,8.403455548333994
2013-11-24,164.56,116.20518968341712,12.003153812399164,8.49276196382033
2013-11-25,164.06,107.28480516511738,11.986828149489707,8.680573756342016
2013-11-26,164.13,107.79888917281284,11.978230628760052,8.288761320416471
2013-11-27,165.08,106.10080440740789,11.99874847379104,8.619427163785733
2013-11-28,165.13,112.44188633760123,11.995708104029433,8.502420778607814
2013-11-29,163.72,112.79867859482734,11.976503765573423,8.560075022773061
2013-11-30,164.7,109.33128974967661,12.008022978079195,8.49304359796991
2013-12-01,164.29,112.22910321380164,11.99256806685855,8.50447006893135
2013-12-02,164.44,109.34624372305613,12.006573122173055,8.623916491049306
2013-12-03,164.28,101.64630915820906,12.02038130785134,8.469418162969482
2013-12-04,164.47,109.42640207984886,12.008822058935735,8.24442975722494
2013-12-05,164.63,110.21165807302825,11.983071771386934,8.492688523064142
2013-12-06,164.84,111.38195535754163,12.018132255586666,8.336503049272395
2013-12-07,164.89,110.21740979640937,12.001101282209103,8.845739069265514
2013-12-08,164.94,110.04469341257607,11.997214503353883,8.699604282580886
2013-12-09,164.35,105.98925848231225,12.005491192602952,8.414819156428033
2013-12-10,164.95,109.53190874298784,12.010569014505384,8.57268539718659
2013-12-11,165.16,108.58941466728469,11.971210867442487,8.747858978794033
2013-12-12,165.16,109.42255590763703,11.991219000871727,8.601891328186301
2013-12-13,165.11,109.58451037726817,11.994791934165596,8.291415270481963
2013-12-14,165.13,108.09240524041775,12.004651885602001,8.230404224408012
2013-12-15,164.06,105.59595491749133,12.009494838342441,8.820744972109463
2013-12-16,164.34,109.91148191561135,11.983249043733965,8.632557098552605
2013-12-17,163.52,110.36533434422782,12.004527936644108,8.534081730766884
2013-12-18,164.86,104.03282710214592,11.993198549016114,8.25468890929799
2013-12-19,164.83,110.406611461241,12.007291298692008,8.417450190007012
2013-12-20,165.18,107.8937309382615,11.995386761416185,8.800493582448903
2013-12-21,164.36,112.26639972528768,12.004840460711048,8.820199648503667
2013-12-22,164.71,106.21770790304276,12.012020120481852,8.742449061498967
2013-12-23,164.33,104.88957554783832,11.986377693106004,8.636677098621853
2013-12-24,164.99,106.25144815126137,11.98287236478412,8.507709103973218
2013-12-25,164.71,107.73243096975642,11.996832361811341,8.352462984723855
2013-12-26,164.28,112.821782968301,12.005593669974795,8.608389571307008
2013-12-27,164.53,104.40467283650173,11.998651895916993,8.41709925800634
2013-12-28,163.91,104.60018326160308,12.00994323663549,8.717784374409824
2013-12-29,164.04,109.22479854946036,12.035507779335237,8.81799912015502
2013-12-30,165.21,116.15531145177087,12.021532038596723,8.488146127177739
2013-12-31,165.04,105.6585973201698,12.019424992116184,8.597038687650072
2014-01-01,164.23,95.71861595675625,12.983828700671632,7.8633107092986965
2014-01-02,164.85,104.04539871367832,13.00225748929163,7.699895981637036
2014-01-03,165.34,95.48508954213122,13.006868512966788,8.209446318827432
2014-01-04,164.68,99.02988869800139,12.993363833772271,8.175387064413131
2014-01-05,165.18,102.80992435621657,13.009594650020587,8.008588065103968
2014-01-06,164.55,102.04125773961835,12.978794892590589,8.199171633331886
2014-01-07,164.85,102.20023750728502,12.99869899340684,8.196657473679082
2014-01-08,165.09,100.12222123619125,13.00288248032318,7.968089679975994
2014-01-09,164.44,96.2248457516385,13.002124838413845,7.878669447248579
2014-01-10,165.27,99.39577337758689,12.984981840260168,7.937116518743871
2014-01-11,165.28,99.93430974179847,13.002081966015014,8.342710537820576
2014-01-12,165.55,98.52956005833204,12.994513223640134,8.067676308807208
2014-01-13,164.63,96.09861065998052,12.997028600179906,8.075677280875352
2014-01-14,164.81,106.1017834494742,12.987813573998489,8.233743609683275
2014-01-15,165.66,99.96749864056777,13.015027724763112,8.12725483131709
2014-01-16,164.26,98.01314239200664,13.001811572207243,8.29238958680232
2014-01-17,164.96,95.54937723461339,12.995404373725885,8.230320874728433
2014-01-18,164.48,98.32770484256815,13.00678028711878,7.901326573070592
2014-01-19,164.57,101.10020615661921,13.012305012091042,7.910141575205765
2014-01-20,164.46,105.91812217900004,12.992067550363583,8.278805839184455
2014-01-21,164.56,103.02400629179532,12.997428565416818,8.00547549398582
2014-01-22,165.04,105.51054336841385,13.037309510090155,7.9244972725329506
2014-01-23,165.94,101.47553870453503,13.006350530661622,8.186374256736723
2014-01-24,165.3,98.80528565951965,13.000679479953643,8.23611732139582
2014-01-25,164.4,95.03577524743918,13.024917449506328,8.014444711149432
2014-01-26,164.76,98.3227409350118,12.972167420444684,7.95854114891452
2014-01-27,164.75,94.14681444524336,13.009180977831527,7.839845922951811
2014-01-28,164.78,93.57453015246327,12.983856931430978,7.930170534930769
2014-01-29,165.45,98.36498349860396,13.024004874626481,8.040822344556226
2014-01-30,165.79,103.79645959185959,13.016179096570893,7.844531521953215
2014-01-31,165.88,95.92165692946061,12.993299475225943,7.937595436399496
2014-02-01,165.07,95.9029612565946,13.0212483377444,8.092588358689206
2014-02-02,164.82,103.44962390871518,13.015593445936002,8.250369276246369
2014-02-03,165.69,100.30848165998819,13.027091291545133,7.955613094930315
2014-02-04,165.07,97.053720943564,12.999487409490301,8.087185933685966
2014-02-05,164.97,101.60510382745557,13.0092605892012,7.856217768360533
2014-02-06,164.87,95.92925728656657,13.009737233149005,8.017338417598516
2014-02-07,165.18,96.67008415770233,12.995672538657475,8.17464174937318
2014-02-08,164.7,103.20975126135141,12.997385233707499,7.956930175168806
2014-02-09,164.78,100.71411206840588,13.001317936544618,8.104106550011172
2014-02-10,165.87,96.40328040186247,12.974014644412106,7.742532665153162
2014-02-11,165.07,102.13004544126525,12.995721310964694,7.868318341613436
2014-02-12,165.48,104.36971559125307,13.013949427557586,7.973151006541891
2014-02-13,165.58,101.15646203656495,12.994665041784529,8.147976297942636
2014-02-14,165.94,100.76504097949808,13.004573599503479,7.764934400343362
2014-02-15,165.75,98.42302738359916,13.00033483253154,7.999964573011494
2014-02-16,165.9,95.96246879430267,12.994523416033008,7.991689838532039
2014-02-17,165.16,96.08833959502122,13.016368087302519,7.974864207909738
2014-02-18,165.49,91.63857993500682,12.989017478473754,8.15478896572704
2014-02-19,164.44,101.20984408967567,13.002149378549841,8.183800606393103
2014-02-20,165.65,93.09829338859986,12.98559047027574,7.840192148729242
2014-02-21,164.07,93.66650297742585,12.991261342139287,8.040803008606247
2014-02-22,164.98,97.6524158660671,12.992730386782327,8.191578298427666
2014-02-23,165.33,101.45653287516696,12.981733898193637,8.160431513587888
2014-02-24,165.45,97.4298058771327,12.994619941572907,7.988671657800161
2014-02-25,165.69,100.63517552147826,13.003473520128757,8.20757014852919
2014-02-26,164.43,101.22505464486476,13.008649556679568,8.068527834916441
2014-02-27,165.51,94.9308211984598,13.005962146365324,7.61869761263025
2014-02-28,165.96,103.04982029260918,12.99790699080208,8.196610110973076
2014-03-01,165.12,101.28986208325463,12.988269907953729,8.093281508508312
2014-03-02,166.26,95.02892158276698,13.009752976686435,8.018521343194768
2014-03-03,166.08,97.83627165040876,12.998003778942673,8.22784603378461
2014-03-04,164.86,96.68985365219095,13.003143980375805,7.765701508998947
2014-03-05,165.46,97.73146288985885,12.97269169509396,8.158269479535477
2014-03-06,165.81,99.48657038997233,12.999727806871386,7.90550932624671
2014-03-07,165.68,95.18835938310079,13.008391508358342,7.873786989052365
2014-03-08,165.03,98.45516223814546,13.004067667906213,8.074545702889822
2014-03-09,165.54,101.2069818658321,12.973774186869797,8.366387440404525
2014-03-10,165.51,98.44679861996121,13.013344303441285,8.107867226040053
2014-03-11,165.46,95.42154195815417,12.995932232830636,8.083947490875724
2014-03-12,166.05,98.50268033068099,12.986615963508905,7.9032291285836935
2014-03-13,165.63,105.65087386067782,12.995442174680077,8.042760535043836
2014-03-14,165.53,99.71517570605461,13.001118546853947,8.271165036346071
2014-03-15,164.95,99.18094317547168,12.984895955835555,8.408856583219093
2014-03-16,164.92,107.46621187935168,13.006645222938293,8.424586157464997
2014-03-17,164.74,98.97763216402272,13.000081399684847,7.946485367688881
2014-03-18,165.64,104.2470439441664,13.004666444109738,8.157745403611257
2014-03-19,164.69,100.61545141450414,12.993150719186755,8.097103195755224
2014-03-20,166.09,100.90194534517457,12.996524125658272,8.022101594775707
2014-03-21,165.56,104.20277149687946,13.003229783630001,7.839074861049839
2014-03-22,165.51,96.14753809875154,13.004866352111062,7.930878850219206
2014-03-23,166.49,99.39648842455836,13.017251966987498,7.987131878420544
2014-03-24,164.99,96.04994680911813,13.01807085198512,8.157082818392048
2014-03-25,165.47,99.65712022956859,12.999401982625178,8.460894586913373
2014-03-26,165.0,98.60374223140701,12.996667404357485,8.17275350956914
2014-03-27,165.58,102.68879070520822,12.979382661233934,7.711104475776728
2014-03-28,165.5,100.72949594547246,13.007648413761782,8.273322713133734
2014-03-29,165.87,100.03339058223365,13.032654842734818,7.9323792081140585
2014-03-30,165.22,102.33271840362424,12.997864289278223,7.976707317653142
2014-03-31,166.47,98.31900917534067,13.003444323573355,8.256824174879059
2014-04-01,165.56,101.18386644982351,12.999118039128287,8.104485638292548
2014-04-02,165.72,95.2740347450731,13.011955468597954,7.90242751171788
2014-04-03,167.02,98.68399463736567,13.015876902304061,8.133750815408087
2014-04-04,165.77,96.20183825304358,12.97631200825355,8.030405330022667
2014-04-05,165.08,101.38914325231305,12.989335684687882,7.6216984888019494
2014-04-06,166.88,105.6566321836285,13.007927774554657,7.785917775216689
2014-04-07,166.55,91.44071166573029,13.000836667268224,7.745733220060799
2014-04-08,166.03,98.17509731540734,12.987102810071923,8.017880077200791
2014-04-09,166.43,102.62374420092591,13.003472120910825,7.99505284963188
2014-04-10,166.63,103.17981948432417,12.982769753553233,7.830856461905494
2014-04-11,165.72,99.58609690241865,13.00952608699346,8.27409863528484
2014-04-12,165.95,97.53942094299312,13.01514178098951,8.108848296584673
2014-04-13,165.82,98.34872152535243,12.999218823204107,8.035471829536188
2014-04-14,165.56,101.0905990640864,13.006675106455116,7.9807670815773255
2014-04-15,166.63,103.83971894571742,12.983207899177595,8.016049886969487
2014-04-16,165.44,100.4202124897199,12.99722552392385,7.685100608452422
2014-04-17,165.39,98.33648111868659,13.009415989057493,7.889132724528507
2014-04-18,166.2,96.03974505361839,12.998511409825845,7.76261739191984
2014-04-19,165.3,98.72509107392433,12.996422764038371,7.959621213184259
2014-04-20,166.42,101.42966644809061,12.984011177302774,8.080451454932557
2014-04-21,165.54,101.64934430476488,13.00895513834498,8.16142644064749
2014-04-22,166.66,102.44587873197206,13.009929564127145,8.017080065014223
2014-04-23,164.98,102.4094073531095,13.02093842324853,8.295601165588419
2014-04-24,165.93,100.84268429904182,12.997038454216543,7.940770098895631
2014-04-25,166.99,94.31327510601254,13.019717470815488,8.423289621019501
2014-04-26,166.49,101.60337130687189,13.00441530054086,8.048200607280114
2014-04-27,165.65,97.89896337114396,13.026741957842486,7.985325768352105
2014-04-28,165.42,99.58725993057398,13.006455497500847,8.16520341732564
2014-04-29,165.86,96.64004047004222,13.020294845774671,7.8080028059978055
2014-04-30,166.21,97.98992381659619,13.014550620620714,8.245783956783438
2014-05-01,165.92,102.11840086072691,12.996734202415528,8.275124361553683
2014-05-02,165.77,96.38880861262659,13.016580559928498,8.064366197500659
2014-05-03,166.04,97.61834939248506,12.9915028087948,7.900707715105291
2014-05-04,165.85,99.72206736794546,12.986520599620876,8.48277941728889
2014-05-05,165.84,97.30289095005365,13.00092591499686,8.053597012825412
2014-05-06,166.79,93.3631540895017,12.991180255424096,8.139137208669604
2014-05-07,166.3,92.82227881151911,13.013842126973994,8.166534603790618
2014-05-08,166.73,96.70925726778815,13.01300806454264,7.930850235028302
2014-05-09,165.77,100.3968325893437,13.013921575172525,8.036357120156701
2014-05-10,166.15,100.12607647875022,12.993018884209581,7.9437019394281805
2014-05-11,165.52,98.60938673540446,12.990447778860824,8.016250807235627
2014-05-12,166.14,100.21002466575906,13.013005484337068,7.87146064138209
2014-05-13,166.28,94.84221336537972,13.032377622929044,8.006485329273255
2014-05-14,165.76,94.50082040945215,12.966387472192388,7.9968698732768635
2014-05-15,166.64,96.76582046757157,12.99620135856565,7.987222189969848
2014-05-16,165.38,93.86530243750995,12.985922990336016,8.079751596166508
2014-05-17,165.6,102.8117503884616,12.99996837907468,8.087243539565993
2014-05-18,165.54,92.54222637675676,12.980246783866058,8.261175912144195
2014-05-19,165.93,98.38802182909241,13.006347800460164,8.052020929812727
2014-05-20,165.59,101.3649041385053,13.030625193872552,8.228186660491719
2014-05-21,165.72,97.17217414621929,12.9917234324528,7.842551031440289
2014-05-22,166.14,102.65672388725635,13.010266307178954,8.012184960297958
2014-05-23,166.36,96.54284281704507,12.99476715611375,7.902169339209519
2014-05-24,166.12,101.64572275874508,12.99322564273877,8.070865656559501
2014-05-25,166.44,97.81176457073056,12.98868042363635,8.489548287414271
2014-05-26,167.39,95.4237321389069,13.005826765195689,8.235963392114698
2014-05-27,166.54,99.80993893262918,12.9806445320172,8.118394837976762
2014-05-28,166.0,95.81703367177512,13.00187084770182,8.3564901100192
2014-05-29,165.87,106.7060441489884,12.967619407679157,8.116464808196634
2014-05-30,166.14,98.71082303803466,13.000236347487283,8.180821013962523
2014-05-31,167.23,96.90344360614597,12.998919897195549,7.8038418258457405
2014-06-01,166.8,100.44951989803481,12.991225260513684,7.794251960720836
2014-06-02,166.32,96.40001300794857,12.989165316466616,8.226688463728022
2014-06-03,166.42,94.63468260153302,12.974735497688625,8.133097893112238
2014-06-04,166.4,98.22162631541784,12.99630971915982,8.13591943016416
2014-06-05,166.67,97.69038599966474,12.992937315430002,7.9824616461574776
2014-06-06,166.1,98.77453145369905,12.993638760645235,8.276026856003757
2014-06-07,167.51,98.61328331874554,13.005416287119825,8.08567273581772
2014-06-08,166.77,97.60423933868867,13.023438827045615,8.201729828859074
2014-06-09,167.17,100.69669122523686,12.995876585463689,7.935778082448507
2014-06-10,166.04,98.66000559924933,13.00725765730459,8.0812290577162
2014-06-11,166.22,98.90721731988381,12.998509400447587,7.864075790674147
2014-06-12,165.65,102.46072555936632,13.01329535126951,8.591442725178345
2014-06-13,167.21,103.62372500429473,13.012377047606348,8.084505775808136
2014-06-14,166.02,99.33055773519378,12.98900161627826,8.069399078101512
2014-06-15,166.82,102.5169500822146,13.017373396419636,8.077296249830066
2014-06-16,165.97,98.0193085162203,12.98539936122035,8.030164859981197
2014-06-17,166.39,103.8815000650422,12.983394774246923,7.9995139123653
2014-06-18,165.75,100.29368811209248,13.001157057883953,8.045550057317996
2014-06-19,166.09,98.32389001373797,12.96898657020535,8.138715396991385
2014-06-20,166.34,98.93670287542447,12.998256801910445,8.107800882480905
2014-06-21,167.08,93.58985879556508,12.99037079633461,7.920395084038468
2014-06-22,166.56,101.77106018442274,13.007612168122572,7.9476906830193945
2014-06-23,165.85,96.06660370038351,13.01158667350501,7.976497950421901
2014-06-24,166.09,92.27170644944658,13.007784074974222,7.9783231651121955
2014-06-25,167.03,99.24739120633583,13.005644230378472,8.17327410000697
2014-06-26,166.56,99.57169404058476,13.015208836500591,7.8369876056889
2014-06-27,166.14,99.6995836959247,13.017985835003689,7.899266493611143
2014-06-28,166.63,94.94395437816777,13.007587750037624,7.784393498344942
2014-06-29,166.25,96.12307465458578,12.977912161049579,8.129123426252177
2014-06-30,166.71,93.80044800634566,13.017612621497875,7.971633848680156
2014-07-01,166.44,96.25269224856027,12.990907151749171,7.8623238256969135
2014-07-02,166.24,100.93756521703268,12.99355123803283,7.917911507698872
2014-07-03,167.0,105.29101076875769,12.989447020336385,8.148530917108273
2014-07-04,167.04,99.8301523301418,13.01770301062817,8.342600756975646
2014-07-05,166.48,99.93487461950396,13.008419725095516,7.966900661719378
2014-07-06,167.78,100.51871913370346,12.993861332192255,8.150315511411087
2014-07-07,166.49,98.68763218699092,13.016982144421183,7.921565732507391
2014-07-08,166.75,93.717079184529,12.9971759932345,7.985213670282291
2014-07-09,166.12,100.50391511482441,13.013280693608966,8.21115831931405
2014-07-10,166.1,99.18180677737261,12.99767167216188,8.08501207119491
2014-07-11,167.15,101.70043698939952,13.00652198976791,7.938275366104425
2014-07-12,166.67,96.41240150294342,13.00455746005441,7.830443904852952
2014-07-13,166.6,97.19414246128,12.979603424613002,8.103368945529796
2014-07-14,166.95,103.12061752456148,12.991834729693704,8.093811718678456
2014-07-15,166.0,101.3585894856187,12.98778994931003,8.365902836723764
2014-07-16,166.74,100.51299021788488,12.977150477063539,8.10317248274839
2014-07-17,166.35,98.0630545395577,13.007225484114928,8.05193639895037
2014-07-18,166.47,99.45471700106765,13.015724862359349,8.075974734400594
2014-07-19,167.42,99.7162054252788,12.989006167347469,7.962198876779629
2014-07-20,167.17,97.14512282642494,12.987179490452865,8.031782216376845
2014-07-21,166.43,101.69591088202208,12.984692100989855,8.127572716409567
2014-07-22,166.96,98.76122798468693,12.987735449377968,7.9288550582940776
2014-07-23,166.88,98.50934750243151,13.006536439767997,8.016646719685815
2014-07-24,167.16,96.16882262436941,13.010526138903646,7.906587389997355
2014-07-25,166.17,101.27832593814325,12.995163041157932,8.107584683929904
2014-07-26,167.53,99.01672363989265,12.999362272308813,8.021972958058395
2014-07-27,167.58,105.42469920615947,13.003617887139182,8.183024725034764
2014-07-28,166.7,97.71338431571868,13.004363026761219,8.252607578274349
2014-07-29,166.38,101.57810983983603,13.017219539167762,7.9814553230109855
2014-07-30,166.9,94.7658882197513,12.999642215991324,7.974924529829131
2014-07-31,166.99,96.84392618018654,13.000546498990646,8.441663793377616
2014-08-01,166.52,103.18356894420836,13.015153209948226,8.034528899477678
2014-08-02,166.52,91.016977970068,12.994095188297186,7.879176685913224
2014-08-03,167.2,96.47610726320437,12.99317774901955,7.88378441630597
2014-08-04,167.03,91.37063549498042,13.007535291918296,7.847496947065886
2014-08-05,167.51,102.78538547346514,12.997413512435616,8.282874884734186
2014-08-06,167.17,100.02497972587702,13.004600063258177,7.811203552721816
2014-08-07,166.35,100.73001373392316,13.000535036668472,7.694933151416676
2014-08-08,166.78,95.43787487824459,12.994613869740002,8.026495009321337
2014-08-09,167.13,102.35862306620528,13.018153563494275,7.9558698946555815
2014-08-10,167.22,101.7717474646621,12.985126857655995,7.901650381214708
2014-08-11,166.02,99.56979624395068,13.018352449597124,7.969053035199948
2014-08-12,167.35,103.13841432583791,12.998849878505872,7.942921398726361
2014-08-13,166.42,95.62647820721145,12.973313298147588,8.000463316665408
2014-08-14,167.03,97.47400425761334,12.980177924268501,8.389528066880288
2014-08-15,167.22,99.05207863836475,13.026508363082806,8.12570911662278
2014-08-16,167.19,100.16019310259263,12.990026684029406,7.989117651867577
2014-08-17,167.01,100.12619213250734,12.993834889284319,7.896451226808139
2014-08-18,167.59,94.80395721755573,12.984456761854512,8.246579792526326
2014-08-19,167.04,102.23540361240019,12.992883114302447,7.916434981843243
2014-08-20,166.76,92.04768195300794,13.00690847135566,8.082874580730776
2014-08-21,167.8,99.7216347751464,12.996933900661984,7.657132952605992
2014-08-22,167.17,99.68186435158962,13.012242472663749,8.10428760171109
2014-08-23,167.28,96.15314190523782,13.00928522839336,8.393660599812495
2014-08-24,167.46,101.09751122944958,13.000804798827254,8.299165808444586
2014-08-25,167.69,98.57757597167448,13.003826091650351,8.189455777494967
2014-08-26,167.29,97.96552454111368,13.044945472187791,7.750476086562301
2014-08-27,167.72,96.51205927488526,12.985481081618786,7.985181312372578
2014-08-28,166.4,103.43030004499569,12.981963583068017,7.871066395670733
2014-08-29,167.28,94.24242188091168,13.002816310664572,7.807264225115385
2014-08-30,167.09,95.4072892496015,13.015973969512165,8.051598503578981
2014-08-31,167.37,99.06193599370239,13.005220195239376,7.997622451629507
2014-09-01,166.71,97.21872743384675,13.019810098224907,8.20108998640078
2014-09-02,166.99,97.61892315598371,12.984094726951838,8.213495821894861
2014-09-03,166.36,100.6122012489013,13.001452495999311,8.074031276015463
2014-09-04,167.87,104.42360762674755,13.017492112934237,7.9011058279260125
2014-09-05,167.77,98.55364489214142,12.97697430060215,8.138595777998775
2014-09-06,167.63,96.72903041671091,12.97752500555916,7.893027729372791
2014-09-07,167.49,96.96600756628575,12.995162029480774,8.125401579058153
2014-09-08,167.42,92.62624043389268,12.98154632797076,8.010452123344617
2014-09-09,166.84,100.34181147031427,13.006491445620291,7.803781893254498
2014-09-10,166.4,101.05229806113532,13.019436093972823,8.019920351372555
2014-09-11,167.66,93.8884784437797,12.9882616566699,8.14331047428143
2014-09-12,167.4,103.95919342029234,12.9970818185046,7.947784013492579
2014-09-13,167.79,94.26689182963244,13.029692225488386,8.036325071563565
2014-09-14,166.43,96.86535247688269,13.025336860974209,8.12023452918065
2014-09-15,167.59,100.42937460138108,12.995508815642351,7.894448184520772
2014-09-16,167.6,100.98640021355291,13.001211741654181,8.29993157562154
2014-09-17,166.68,98.01415680016478,13.00384249388889,8.246874407998513
2014-09-18,167.03,98.12671021271919,12.987600677454864,7.9461494965486015
2014-09-19,167.35,95.33378955683264,12.992719571293012,7.723465847543305
2014-09-20,167.95,100.04694061497516,13.001826256566597,7.944964344566093
2014-09-21,167.18,96.11390622322513,13.00425068431305,8.017025678071782
2014-09-22,167.27,98.17858140647736,12.992171035468633,8.13217309342258
2014-09-23,167.21,95.14773010672052,12.99482362081455,8.132009083783284
2014-09-24,166.74,98.343673526763,13.009702728499146,7.985789041590166
2014-09-25,167.61,98.20795979785177,12.98296270264426,8.060200092819628
2014-09-26,167.7,96.57571211564462,13.002350575298939,7.932158397023421
2014-09-27,167.87,105.06638076970646,13.00745794260421,8.121275593588214
2014-09-28,167.68,100.6446932358223,12.98780964915716,8.337550791275941
2014-09-29,167.78,100.744966020639,12.99687019494886,8.03214364679447
2014-09-30,167.07,96.33302097301217,12.993047536469454,7.9945699441835645
2014-10-01,167.48,96.11588341483872,13.006794852822454,7.775062986374071
2014-10-02,166.69,100.35978661071015,12.998737140506803,8.019890832996404
2014-10-03,168.35,102.89583986804226,13.001058373267133,7.985371968654039
2014-10-04,167.62,99.05392047463803,12.989414478456597,7.960061923274647
2014-10-05,166.85,100.78496841279278,13.00035327963935,8.106624032767343
2014-10-06,166.42,100.5381221504428,13.015731066657452,8.016442093558167
2014-10-07,167.56,98.17008858053795,12.983090743595662,8.08378555689113
2014-10-08,167.6,96.31661645569446,13.002937574109161,7.748143331435871
2014-10-09,167.68,100.84380374383917,12.99915858215655,7.787787979582343
2014-10-10,168.48,100.000628655402,13.000324019178604,8.2682628577905
2014-10-11,166.85,96.06149748473337,13.007728385146143,8.39049072438003
2014-10-12,167.47,98.20063183480586,12.996051018332665,8.169221295418527
2014-10-13,168.16,101.64400299052843,13.024988629044442,7.981174113260815
2014-10-14,168.08,99.21744302099609,12.985829346639,7.952092512594948
2014-10-15,167.7,99.35053341069722,13.00887757714281,7.9953717546158405
2014-10-16,167.96,96.53058397239948,12.99065001254643,8.066364519156673
2014-10-17,166.45,105.52098582761477,12.98856513323375,7.921358972876449
2014-10-18,167.44,105.3038806695407,12.987177870969221,7.8972780694738205
2014-10-19,168.15,98.521805187634,13.025473522270627,8.150531685673348
2014-10-20,167.92,107.39899143150426,13.00814782725343,7.975168345050607
2014-10-21,168.34,99.3280557277933,12.986250273060511,7.982774594198632
2014-10-22,167.91,101.55386417741245,13.017329527735523,7.881713439722431
2014-10-23,168.36,100.53636738737401,12.996590356180567,8.283281953937324
2014-10-24,167.87,100.17599596405184,13.017370541973627,8.168856778742045
2014-10-25,167.91,96.94971705251032,13.021502204953517,8.114951923943577
2014-10-26,166.94,98.83168187665363,13.011344500327056,7.918466040644891
2014-10-27,168.33,99.900791994335,12.996966920847754,8.109875132946113
2014-10-28,168.17,97.89350158542607,13.02424560587287,8.079106851585175
2014-10-29,167.75,103.19799670150012,12.985403763144317,8.111785252850469
2014-10-30,166.99,99.37139124742455,13.003978531032296,8.153755388675817
2014-10-31,167.05,97.6794937756607,13.00547626832986,7.974843116905239
2014-11-01,167.22,96.54036070336231,12.996123778283692,8.251627801175973
2014-11-02,167.89,103.40981368877877,12.971476307511697,8.267730675631318
2014-11-03,169.04,96.56232010814745,12.979926846714639,7.941820502162029
2014-11-04,167.38,99.48653014590344,12.99122256138494,8.070408357648542
2014-11-05,167.13,104.3568972062999,13.012543331009777,7.989084896446257
2014-11-06,167.75,95.60202611466399,12.972681962976868,8.269938872382673
2014-11-07,168.58,94.0826496664105,13.014566401352099,8.12698281443961
2014-11-08,168.4,105.94546209056482,13.00903118209398,8.067592673125453
2014-11-09,167.74,94.4073792277986,12.99605303166018,7.816694776272969
2014-11-10,168.0,105.91443830413661,12.997749172403847,8.067588622872414
2014-11-11,168.37,103.903349488084,12.999116938286775,7.917802381112093
2014-11-12,168.19,103.06658667909058,12.991346501594688,8.255423288814958
2014-11-13,167.86,97.14817291551903,13.009370322833052,7.96042253587201
2014-11-14,167.38,93.92794729128893,12.98864523055402,7.865717269710749
2014-11-15,167.9,100.25388676469834,13.007908392420507,7.912440906184229
2014-11-16,167.74,98.95069883533401,13.008234533808986,7.9876312377028515
2014-11-17,168.71,98.12547708941564,12.986382131664993,8.004617728937621
2014-11-18,168.54,97.94201011690603,12.992150322124859,7.904969277036972
2014-11-19,168.71,95.69781034025395,12.985775688589568,8.0564679943314
2014-11-20,167.63,101.48184165843614,13.006978547410949,8.059488384700082
2014-11-21,166.21,101.57125302881762,12.995709541752877,7.948079013321065
2014-11-22,166.86,94.49610590627633,13.019733582437471,7.943093294629993
2014-11-23,169.01,96.68692062291719,13.00753474377584,7.798162570166395
2014-11-24,168.22,96.68237125630161,12.989591399488768,7.64860521109736
2014-11-25,168.27,96.78127451291678,13.004655342043796,8.382102243106901
2014-11-26,168.32,97.90500430772738,12.997364372997273,8.048711428609266
2014-11-27,168.52,97.96361055233585,13.005703297391785,8.027675511685276
2014-11-28,169.05,95.66745839531994,12.997428590690575,7.76459315220659
2014-11-29,168.47,100.96410990404065,12.984739022480163,7.97107245801776
2014-11-30,169.78,95.96787041033883,12.99652756180564,8.109217414587688
2014-12-01,169.85,99.00298166401348,12.998578510220785,8.130682156447195
2014-12-02,169.88,100.93666741212878,12.990057725541467,8.147401244375981
2014-12-03,170.7,96.48153844466866,12.972091449767731,8.103989967892428
2014-12-04,170.23,97.53352019837914,13.004099859568141,7.781678612647566
2014-12-05,170.61,95.9053264273528,13.009814028711311,7.974742993875927
2014-12-06,172.05,106.10717095435044,12.990346615390893,7.928547870314068
2014-12-07,172.45,97.03921578322284,13.008130947727492,7.80579706417688
2014-12-08,172.26,97.86908054673353,13.012870707561918,8.522203078063818
2014-12-09,172.33,98.54186400010897,12.990725663554773,7.7954864863494
2014-12-10,173.23,101.89489197078353,12.999858508535656,7.973689554697444
2014-12-11,173.25,100.95721957011422,13.004985445043124,8.222159349112912
2014-12-12,174.04,93.51030846084522,13.013584127328057,8.242359125313891
2014-12-13,173.65,99.83719355001328,13.008878750478788,7.874277011963824
2014-12-14,174.56,100.64624964328928,12.995574683584348,8.035979876009801
2014-12-15,174.55,98.06620602453107,13.005524270441652,7.940145183186276
2014-12-16,175.36,103.26341042292653,13.012348046076632,8.168429513681394
2014-12-17,176.29,103.72120198372106,13.005385907136214,8.180376672539216
2014-12-18,175.27,96.7548594831468,12.989243821032307,8.136790739811602
2014-12-19,175.69,98.86470932432682,13.005995267529206,8.05498027930605
2014-12-20,175.96,97.74136858252882,13.020648121876842,8.065980172584519
2014-12-21,178.01,98.92634181520394,13.009765904323844,8.139592879109669
2014-12-22,177.38,96.91901233850042,12.984483422431236,7.903132952769333
2014-12-23,177.23,99.35217310821798,13.01431337868973,7.961867305670648
2014-12-24,177.56,91.40818993028954,12.988291649073705,8.053926230297538
2014-12-25,179.63,100.49387974708972,12.991781164854885,8.135208790731532
2014-12-26,178.0,101.75154135858888,13.033392002675539,8.295195999890442
2014-12-27,178.85,94.66055855976556,13.016937995037459,7.801611998997727
2014-12-28,179.13,98.55190986584567,13.00078074703213,7.934504071505241
2014-12-29,179.78,97.90812937661634,13.01273373321969,7.920264126376927
2014-12-30,180.25,101.86195649952127,13.007532941105108,7.834812847721952
2014-12-31,179.82,101.83595769202238,13.004885809009409,8.000935082440144
2015-01-01,180.31,51.51387738927816,13.009674618012333,9.188748432930819
2015-01-02,180.78,51.41483852291271,13.00302727408573,8.948639264690987
2015-01-03,181.86,54.79286830503561,13.012210875842106,9.301122052617696
2015-01-04,182.22,52.92643631953624,13.008559580701828,8.819653131735127
2015-01-05,182.42,51.93160953236296,12.993351831916826,8.84054676342012
2015-01-06,182.19,51.430978011097395,12.999009202041064,8.89584901602192
2015-01-07,182.65,51.93879854111141,12.990609632889406,8.96050571612125
2015-01-08,182.58,55.92010377043712,13.00705068138907,8.842138484220664
2015-01-09,183.95,52.67346574511079,12.977301886005714,8.884007418882184
2015-01-10,183.22,54.147844843241245,13.007391998633679,9.061520194692273
2015-01-11,184.12,51.263050980423316,12.988090856673463,9.081015861727476
2015-01-12,185.21,52.69836999116824,13.01194381314441,8.791591921563679
2015-01-13,184.63,54.389949189703906,13.002791648867614,9.048695819200043
2015-01-14,184.6,50.07855048936112,12.977430652489012,9.063341165485594
2015-01-15,185.23,49.939656882237536,13.001703415317634,9.147411183532308
2015-01-16,185.47,51.36838971044218,13.023121529563202,8.70730210751662
2015-01-17,186.21,50.89441126979816,13.01666822568976,8.695603544982596
2015-01-18,187.26,51.61763261605421,13.003347680081344,9.13712159529977
2015-01-19,186.92,53.50692968027124,13.013851994124073,9.220424971517247
2015-01-20,186.13,51.263409479495124,12.984574018061798,9.035631600422354
2015-01-21,187.11,52.39721434363412,12.992369473066073,8.780783065109047
2015-01-22,188.07,54.747154658723055,13.004208588054114,9.129844094154944
2015-01-23,188.04,53.20678310071975,12.986656453585383,9.084043741366404
2015-01-24,188.86,54.2200345427488,12.989793077889072,9.098510994673662
2015-01-25,187.81,49.64585489203069,12.99058692512174,9.155301223981937
2015-01-26,189.01,53.68065568557286,12.999452232489022,9.094435619309456
2015-01-27,190.65,50.245493816948176,13.002923675444176,8.758462590120654
2015-01-28,190.46,52.99279383991227,13.003147267443111,9.29157241325774
2015-01-29,189.41,54.09426141462991,12.993616271500677,8.94702991445763
2015-01-30,190.58,51.079521760570564,12.996826364228673,9.284351848076431
2015-01-31,190.28,50.23186780509338,13.01777374533945,8.9834406445953
2015-02-01,191.45,50.396671621143284,12.998628945415678,9.105184520950871
2015-02-02,191.12,51.55833053395643,13.0033224413492,9.205804816355991
2015-02-03,192.53,50.86697579513003,12.984795108812396,8.943245608856277
2015-02-04,192.85,54.80789939196736,12.99318146033996,8.963172837516973
2015-02-05,192.18,52.55964541343816,13.020412121114484,8.775614404557976
2015-02-06,191.86,53.156789044684274,13.000488076936202,9.17101728653817
2015-02-07,194.39,54.31613764599914,12.993095231600337,8.73057050629471
2015-02-08,194.76,52.16506336108003,12.991467621763698,9.240915319364088
2015-02-09,194.72,50.0098789694382,13.011432851729545,8.825757775307654
2015-02-10,194.77,51.77971435375307,13.001318198906334,8.923721241500262
2015-02-11,195.3,51.46508940979985,12.999929172115586,9.090540109119477
2015-02-12,195.56,52.15947275430378,12.9806093569658,9.159734306361004
2015-02-13,195.91,54.656295623158066,13.000223096896907,9.440347242539286
2015-02-14,195.23,54.961842261343705,12.997102915312464,8.914070724302272
2015-02-15,195.74,53.412216147346186,12.997367969364493,8.790917177169378
2015-02-16,196.34,51.92932627909481,13.018962831611482,9.074595707843685
2015-02-17,197.58,52.14248319917458,12.96771714775457,8.963100518503138
2015-02-18,196.91,52.52078328660556,12.986767687933725,9.222877685801985
2015-02-19,196.65,54.147829809839095,13.00462167212729,8.808183960268106
2015-02-20,196.24,50.99269584109059,13.000611503498456,9.064480988476964
2015-02-21,198.36,48.610379808494145,12.990591125566898,9.06552389510375
2015-02-22,197.68,50.66671776295999,12.994130432618737,9.21330539825715
2015-02-23,198.16,51.026682692226196,12.99398508125274,8.95432708014385
2015-02-24,197.55,51.640433880960195,13.00191397086358,8.707953076675562
2015-02-25,197.69,53.60609023778629,12.991998297637965,8.656708362393658
2015-02-26,199.01,52.11130775079599,12.996582472423885,9.016005709797058
2015-02-27,197.41,52.67123103440234,13.008487514434922,9.127313741851655
2015-02-28,199.4,51.66202781765646,12.996666853679292,9.205799123988113
2015-03-01,198.36,50.139816006849756,13.003140156654865,8.798119399101893
2015-03-02,198.42,51.91849204772326,13.001249484900846,9.06865987736115
2015-03-03,199.43,52.982464013964844,12.998162566213452,8.78329571171023
2015-03-04,199.97,52.599744277071224,12.995040720250303,9.041078661572685
2015-03-05,200.22,53.239624533401674,13.026277504547119,9.154320029514773
2015-03-06,199.83,51.24946663945419,13.015141638371254,8.91357008602515
2015-03-07,198.95,49.96149843716776,12.99886577368423,8.559829296816236
2015-03-08,200.02,53.013750847814094,12.978033121248359,9.096889310916026
2015-03-09,200.85,51.23443498544607,13.00088006691618,9.187293015340734
2015-03-10,200.47,54.22616928410269,12.985637766616557,9.014142630409008
2015-03-11,200.65,49.326564669010175,12.994886655773582,8.869978095250728
2015-03-12,200.61,52.59200823856266,13.0006446562777,8.788320632156758
2015-03-13,201.01,51.31104260997965,12.978756250632715,8.943412728867422
2015-03-14,200.7,53.86931514250628,13.007732888629691,8.839609642764575
2015-03-15,202.22,50.466067085273096,13.007950444957451,9.036375498166175
2015-03-16,201.35,52.33238183553166,12.997473959003363,8.783585372324866
2015-03-17,202.29,52.512565181783074,13.000582448022303,9.24027324959612
2015-03-18,201.28,53.9868662795449,12.994681184648233,8.893851860436413
2015-03-19,201.46,52.30528708894101,13.00268432640697,8.977268223866831
2015-03-20,202.08,51.14848761793911,13.009084605386205,9.037398810957654
2015-03-21,203.23,54.623920359473665,12.98979645614945,8.991573890456518
2015-03-22,201.85,52.871717217974705,13.018384644017546,9.234074751953122
2015-03-23,202.56,52.31133887155698,13.00017537611283,8.897517783002082
2015-03-24,203.04,52.356285165866375,12.991605160636794,8.787182410509567
2015-03-25,203.17,52.67027942092322,12.990819413745248,9.23889352285653
2015-03-26,202.88,54.71680330626382,12.992318487385939,9.220735883418978
2015-03-27,203.82,52.74498412956073,13.037575751474007,8.781605066927813
2015-03-28,203.7,48.34195610501814,13.028888759489705,9.276263824762607
2015-03-29,204.09,51.22965997957739,13.012913595959398,9.108981475799627
2015-03-30,204.68,52.37930193585486,13.019374079653005,9.168922518253693
2015-03-31,202.71,49.47226957233958,12.996418633720602,8.791518654195013
2015-04-01,204.54,53.169374110013216,12.978798168760248,8.86418562994266
2015-04-02,203.98,52.56477068283449,13.012960372947312,9.33767454926443
2015-04-03,205.0,54.74811439178754,12.977888378358882,8.975315460615901
2015-04-04,204.4,52.135123504697674,12.988458904468184,9.206082882319109
2015-04-05,204.68,49.719069207345285,12.992559199164273,9.227704914813607
2015-04-06,204.43,52.9699888872356,13.010056732639251,8.885189458534983
2015-04-07,204.0,54.5211856852296,12.997696811647963,8.936801253594727
2015-04-08,205.04,54.45175539639743,13.011104799571994,8.968090814551154
2015-04-09,206.35,50.85081535312726,13.000674194385352,9.129871503935655
2015-04-10,206.28,53.76397598681015,12.970190168916126,8.839572375139337
2015-04-11,204.29,48.790419868257715,12.998535695030341,8.928604081801266
2015-04-12,206.5,51.94163748814372,12.97508274222838,9.181220622694239
2015-04-13,205.99,52.577705440943106,13.00244743007876,8.97219388326028
2015-04-14,206.67,54.81250554748529,12.993829608318668,8.808729251465019
2015-04-15,206.75,51.34989254102576,13.001285191211968,8.890775818795785
2015-04-16,207.19,49.18153070904577,12.983097115322044,8.972810508087527
2015-04-17,207.79,55.04045885971908,13.00658243383318,9.306409818308827
2015-04-18,206.1,51.90943148810766,12.983969347484784,9.421721434054264
2015-04-19,208.05,51.72498680952574,12.988673206334674,8.95265560519578
2015-04-20,207.15,50.548387214156264,13.0131845154639,8.726741723114094
2015-04-21,207.56,51.935687772426135,13.000492206953961,8.827932606790995
2015-04-22,207.24,52.111151580941545,12.976235929606439,9.065603959354755
2015-04-23,207.43,53.042118245674345,13.013979003580964,9.129566452200612
2015-04-24,208.17,51.72946813340965,12.985496616799319,9.04666493494476
2015-04-25,208.83,52.07569732116428,12.991768488048358,9.213972348001796
2015-04-26,208.72,49.96664835990383,12.979230718414877,9.28982641279114
2015-04-27,209.0,52.594535524145485,13.002280596484209,9.05064770752193
2015-04-28,209.14,52.05686689979429,12.997287766005291,8.670276903593539
2015-04-29,208.31,51.51324982062855,12.972687033491514,8.919434958768768
2015-04-30,208.96,53.06605400676126,12.998434194240547,8.949681785021456
2015-05-01,207.66,52.52620586409103,13.019272425534819,9.109400407343784
2015-05-02,208.94,55.1331163048013,13.008142501406278,8.824695299557852
2015-05-03,209.88,52.21549714730371,13.012638548580744,8.716907684429405
2015-05-04,210.71,52.14773572420293,12.995939881398185,9.123403553245693
2015-05-05,209.33,53.944038990467824,12.997421783287576,9.19526087243745
2015-05-06,209.77,50.31856829099097,12.991477475752326,9.204570421777692
2015-05-07,211.21,53.203952320308225,12.978520527734801,9.037184180314693
2015-05-08,210.98,53.4019783959825,12.998153384919954,9.174153732837791
2015-05-09,210.72,51.45002231610342,13.0146590323441,8.890394507681938
2015-05-10,209.87,53.30024327233411,13.005367165958999,9.087817935992197
2015-05-11,210.62,53.16118033440389,12.998003499278399,9.308761720312573
2015-05-12,210.83,51.262277517774706,13.004170336089379,8.830866381265515
2015-05-13,211.29,54.17298950782078,13.013482841972781,9.078192110016305
2015-05-14,211.24,51.744238232206385,13.00127407298866,9.172899709166236
2015-05-15,211.84,52.43582783445257,13.006205902242451,9.229971885014072
2015-05-16,211.62,52.62236231294336,12.999072841941945,8.7594744460783
2015-05-17,211.71,50.87521495009621,12.980834808934254,9.022406086946972
2015-05-18,213.6,52.56815126171303,12.984114288654286,8.254594151271156
2015-05-19,213.37,51.55575385282982,13.00479553294356,8.912823760241205
2015-05-20,213.14,54.11450421543667,13.01148289942736,8.898077406898082
2015-05-21,212.6,53.336936159303896,13.01978071819817,9.400603553507743
2015-05-22,213.17,54.33316589562863,13.016079940497505,9.50967218932884
2015-05-23,213.52,52.840581120922934,12.999020808883245,8.97618190868014
2015-05-24,212.75,51.36393705694286,13.017255749222091,8.878253184632005
2015-05-25,212.48,52.18572960259771,12.999203438232993,8.944050638104974
2015-05-26,214.33,51.01081548375712,13.009772433485924,8.896494604669238
2015-05-27,214.54,52.56119211608421,13.008989615301397,8.98343149432121
2015-05-28,213.96,51.429250503949575,12.98233374719803,9.096033929117162
2015-05-29,215.32,51.689458276048825,13.00248160565644,8.648427538592392
2015-05-30,213.66,51.9764526817943,13.003760399767767,8.852782768768124
2015-05-31,215.7,54.00857505912148,12.985127029648085,8.923708996276517
2015-06-01,213.91,52.36135817083681,13.007626604578912,8.967978695205352
2015-06-02,214.05,50.47201845856888,13.001216734060725,9.065338590863478
2015-06-03,216.21,51.338275415353436,13.010806460472171,9.076095404680487
2015-06-04,215.56,54.03442502705769,13.00149228604567,9.353662715589172
2015-06-05,214.99,51.73190749788048,13.005308767156226,9.005173129006366
2015-06-06,215.99,54.03765167280627,13.006568288517347,8.71485706409297
2015-06-07,215.49,54.95736682346472,13.001002647399064,9.066567848971427
2015-06-08,217.36,51.6453206908728,12.988948671188345,8.910170539378603
2015-06-09,214.85,51.229875406796054,12.968751154821046,8.932547463816437
2015-06-10,216.71,51.10496237361537,13.017654621744988,9.130820611410412
2015-06-11,214.77,53.97613129852775,12.990679870772974,9.168309349893534
2015-06-12,217.4,52.47234158682127,12.998442740217817,9.232813840600501
2015-06-13,216.53,51.69086000449906,12.994703549890117,9.111625343199913
2015-06-14,216.49,52.386925825713675,12.992363383756794,9.077347510162866
2015-06-15,217.49,52.97391815104705,12.999609727225497,9.1382537574015
2015-06-16,217.6,50.778501215226264,13.015549544766259,9.059811451824022
2015-06-17,216.97,50.690442738339804,13.002586790752504,9.044487672086463
2015-06-18,217.68,49.45622459849911,13.00834999956432,8.844178260707904
2015-06-19,218.66,52.64392530191734,13.000051350789928,9.122616631246274
2015-06-20,217.26,50.74203423839096,12.988259591154025,9.045495314346232
2015-06-21,218.86,55.04483336580006,12.992796134225598,9.037546958158947
2015-06-22,218.28,52.48371313433998,13.00139153849835,9.02337986834204
2015-06-23,217.37,51.25591479213758,12.999554901273063,8.913968348039374
2015-06-24,219.64,54.22840256943766,13.001677089963353,8.788851579303614
2015-06-25,218.7,53.937840542233886,13.017576845373,8.777325656452794
2015-06-26,218.87,52.91755885402369,13.00433676030101,9.194243798561418
2015-06-27,219.49,50.864150957742616,12.999054129391121,9.367595335930485
2015-06-28,219.45,49.221544486046255,12.994514326217772,8.853022549226203
2015-06-29,219.89,52.32842178024044,13.008826188402505,8.798460456207925
2015-06-30,220.18,49.96719851659942,13.020390822746181,9.03531489143564
2015-07-01,220.1,52.91416265757675,12.99341074427064,8.999532832535296
2015-07-02,220.46,53.46248391761661,12.98072697395277,8.993606367117703
2015-07-03,220.35,48.479325423099354,12.977356594234816,8.979399344769453
2015-07-04,220.21,52.389503856875145,12.987602825491155,8.967309660497845
2015-07-05,220.95,51.41777244487907,13.013107067918732,9.000745122042453
2015-07-06,220.37,51.29148683068053,13.01596876612026,8.964261068533016
2015-07-07,221.56,53.79232393630026,13.014148135540058,9.394426203259506
2015-07-08,221.49,51.408056718022216,12.999341889706239,8.877087150614328
2015-07-09,221.12,51.55112197082,13.018390355510281,8.695764913607945
2015-07-10,222.36,53.90963594007003,13.001932603511548,9.424584920131155
2015-07-11,220.01,49.48760126834941,13.002452609841464,8.631179885578739
2015-07-12,222.56,52.21108225670591,13.009599090732847,8.921659870647474
2015-07-13,222.76,52.917040461984215,12.983702999420375,8.993685924511285
2015-07-14,222.46,49.94591362071235,13.015490622126125,9.030572190156642
2015-07-15,222.92,51.3395865858249,13.012736260629065,8.902307343859684
2015-07-16,222.54,51.656171358432225,12.998314099484505,8.880078084039294
2015-07-17,221.74,53.16941322569075,12.98897524509861,8.994663800608208
2015-07-18,222.26,50.76140027839434,13.035982511914682,8.81399463386176
2015-07-19,223.17,54.162617348336575,12.989141143585696,8.862403302074858
2015-07-20,222.64,51.06074698734044,13.005491146527831,8.934750038239423
2015-07-21,223.38,51.778557024609825,12.998157012006477,8.974248844709996
2015-07-22,223.86,51.44529230651666,12.983507045255617,8.89152278828479
2015-07-23,223.42,50.86640588996,13.006181879525805,8.745022690606168
2015-07-24,223.77,51.50588923693141,12.981779859528555,9.269521391898076
2015-07-25,224.86,53.3141128615516,12.987327862019288,9.110779097958567
2015-07-26,225.24,54.941079899756275,12.995159179717914,8.863841629804206
2015-07-27,224.31,53.468195468419694,13.012196614706589,9.31380837201287
2015-07-28,224.56,52.967002797257685,13.001309866425071,9.120912212847877
2015-07-29,225.88,54.339941070091434,12.981862221613168,9.07311016977776
2015-07-30,224.36,52.82452486554758,12.997991402052172,8.902194366486048
2015-07-31,225.26,53.996135087899624,12.97473492949926,9.189908676056016
2015-08-01,223.29,53.98623710763427,12.969379004648413,8.931605092412353
2015-08-02,224.66,51.16871765339002,12.99560284360797,9.118442819806441
2015-08-03,225.71,53.46126970459428,12.988849330490092,9.151909679289508
2015-08-04,225.71,55.14760366868465,12.996047530940334,9.10148745702702
2015-08-05,224.52,52.21109628444846,12.987048138066816,9.009919339718103
2015-08-06,225.38,49.363679963753015,13.006210572537158,9.113731955230405
2015-08-07,226.31,50.34977250799708,12.994229348889004,8.94946560994849
2015-08-08,226.39,51.45691882165797,12.999352620837756,9.05557325954839
2015-08-09,226.01,54.46971614947079,12.997712584868509,9.181483996190448
2015-08-10,226.99,53.71428149769045,13.005312090933906,9.285084633201732
2015-08-11,227.78,51.74177115674551,12.999993541740277,8.964100440062682
2015-08-12,227.24,53.00083629835884,12.992525634810859,9.011372287498787
2015-08-13,227.66,53.685629002513046,12.990976402221673,9.285993115934842
2015-08-14,228.69,52.5035614160441,13.026469727986349,8.834453056614155
2015-08-15,227.38,54.75494557044466,13.016107618287325,9.29693701316315
2015-08-16,228.2,51.833261789259346,13.02336199644229,8.905157766132596
2015-08-17,228.39,52.88637370370441,12.998614759693355,9.112348462908525
2015-08-18,227.11,51.562855671327895,13.015403641060216,9.426868744919018
2015-08-19,229.51,51.8490775201034,12.988034823909107,8.903466819594874
2015-08-20,227.62,56.57269867028449,12.983381988937081,8.800816737695149
2015-08-21,228.19,51.72766754424709,13.013803457976964,9.059604238821127
2015-08-22,228.91,50.37284736277041,13.012983483448672,9.081541095742098
2015-08-23,228.79,51.52440599595496,13.023540598517815,8.790342381743223
2015-08-24,227.71,51.722347834022415,13.01099020856121,9.276671793368145
2015-08-25,230.59,53.18228789999393,12.993486282324918,9.142055983443097
2015-08-26,230.38,51.85002896728621,13.0113412431526,9.019971934554958
2015-08-27,230.72,52.08079180094516,12.99050810658047,9.120037228950919
2015-08-28,230.5,49.13866946958644,12.990748062649724,8.963139880170653
2015-08-29,231.32,52.04427147862196,13.005235951388906,8.770915234699237
2015-08-30,229.63,50.46350076526491,12.981335928375211,8.945685062055333
2015-08-31,232.25,52.8663529174636,12.972520315919022,9.09977932479489
2015-09-01,230.61,52.88131637904772,13.0219019712007,8.735042569521918
2015-09-02,233.02,48.4875764970017,13.00732817396937,8.949354933594504
2015-09-03,230.52,52.646735203239786,13.001929963893799,8.915751065013918
2015-09-04,232.01,51.21231365990509,13.001386254318348,8.975597886166595
2015-09-05,230.8,49.23708224263965,12.998009020612157,8.864881566949943
2015-09-06,231.99,55.06942237539274,13.010171285996044,8.994398096980337
2015-09-07,232.06,52.955171621680755,13.016593934047513,9.043392152644811
2015-09-08,232.5,50.07584063678544,12.991212577753963,9.089684951321788
2015-09-09,231.61,54.10828838312276,13.023568069232036,9.078055662263699
2015-09-10,232.29,52.17150730395439,13.011816315325762,9.054210941182797
2015-09-11,232.43,51.96548679948107,13.00568008171968,8.864337439793772
2015-09-12,234.23,52.08909022117335,13.000730371776173,9.04520226779266
2015-09-13,232.71,52.493618731832804,13.004509249211365,9.173873021065596
2015-09-14,232.76,52.85831267706457,12.997214329701448,9.110475471684493
2015-09-15,232.27,55.59726915938606,13.003204832828573,8.756459766842724
2015-09-16,234.14,49.75218321312313,13.008005283775157,9.080644149901943
2015-09-17,232.77,52.03868160890147,12.991721244792773,8.931030999081358
2015-09-18,232.3,53.099989619882436,12.985092103173162,8.968830998919358
2015-09-19,233.89,50.59839698644336,12.987230710434499,8.94632202861159
2015-09-20,234.4,53.50033443757055,12.998394326117245,8.998831189444488
2015-09-21,233.86,50.11504497004152,12.99422824893093,8.628571109597123
2015-09-22,233.15,52.33982945172849,12.998475957881643,8.632543179790273
2015-09-23,235.73,56.2291062004013,12.997029635467408,9.01964222725477
2015-09-24,234.54,52.64220521901227,12.994124496275049,8.966756262039425
2015-09-25,235.19,51.58179694624996,13.000744556316288,8.745844779118736
2015-09-26,234.49,55.132274666314224,12.995008475217412,9.015908700648216
2015-09-27,234.11,51.3059634325346,12.995904494319337,9.26306917537941
2015-09-28,233.74,51.76767046494789,12.9826790683277,9.09828261917796
2015-09-29,236.12,53.587439551908666,13.005274578365212,9.128786200305171
2015-09-30,235.3,49.945397805216416,12.991541906524379,8.708104612189487
2015-10-01,236.94,51.57811772679639,13.026731063754157,8.499570198381102
2015-10-02,235.23,53.30604149139338,12.98433257008416,8.842975232358716
2015-10-03,237.89,52.15619447025793,12.987238169949476,8.842377709302706
2015-10-04,236.61,52.89931839778198,13.019239879560452,8.867261934459155
2015-10-05,236.26,51.94406028518232,12.986755853955874,9.10062445727399
2015-10-06,235.96,50.71264118077288,12.97662941774569,9.119259131335536
2015-10-07,237.69,52.40760892389215,12.990340433732435,9.094407830155282
2015-10-08,237.33,49.77408926862906,13.00555945940228,9.303009062113038
2015-10-09,237.95,51.28184912211783,12.983681771016489,9.292270038565812
2015-10-10,236.14,52.922903079310146,12.994861095045499,8.960769066707815
2015-10-11,237.18,52.50200904340289,13.00129598441645,9.06276132492091
2015-10-12,237.9,50.42759620976508,12.99474878976742,8.939110330376726
2015-10-13,237.96,53.3611558916824,13.013890523937716,8.619527585859652
2015-10-14,238.55,55.0215895926381,12.997747735637416,8.919031293223487
2015-10-15,237.9,50.022370624415395,13.022013407884712,9.007950612213833
2015-10-16,238.38,52.77273255261023,13.004182373525705,9.292055742006921
2015-10-17,239.47,52.64985629921351,12.994245403172833,8.777081025255411
2015-10-18,239.97,55.34949930763038,13.008100723492733,9.20849700864053
2015-10-19,239.15,52.478877575575396,12.99165678214383,8.991587467951296
2015-10-20,238.42,53.880848582055165,13.003085690961093,8.806550317613697
2015-10-21,237.96,54.04253953081013,12.99561296773812,9.080805885700995
2015-10-22,238.96,52.150787494542385,13.013316958657729,9.213858594085323
2015-10-23,240.98,49.49387088483573,13.002608651073935,8.972427242617222
2015-10-24,240.49,54.29636050968634,13.006593128592026,8.927884195514437
2015-10-25,239.93,54.90661666214521,12.972883537364325,8.910072243130791
2015-10-26,240.82,51.45487481051439,13.00186017959556,9.021123383402005
2015-10-27,241.78,54.72850653772433,12.995509921962507,8.880689812327304
2015-10-28,242.2,50.72860206038604,12.990074241590175,8.75871715194062
2015-10-29,240.76,51.752865026440105,12.995145188105354,9.422497908119325
2015-10-30,239.86,54.44967323478265,12.999977431969043,9.332755534708896
2015-10-31,241.87,52.86377288668403,13.00776754998111,8.75953570464654
2015-11-01,240.9,54.01935857088775,12.99764495494251,9.209138410322957
2015-11-02,240.64,52.73322619299347,12.981874598187988,8.717612345677953
2015-11-03,241.26,53.29996519914555,13.008842657803406,9.223123905934262
2015-11-04,240.58,52.95713742739984,13.00805577549547,8.956270923844478
2015-11-05,241.62,52.41244151482631,13.00105035438351,8.734296354566869
2015-11-06,242.23,50.69164626860132,13.016166598356284,8.935190851684878
2015-11-07,242.87,51.736220050516174,12.990722737241237,8.9194034074532
2015-11-08,242.48,53.77498484821295,12.997110609910587,9.090775137015873
2015-11-09,240.93,49.62159828774998,13.014426063356241,9.28205308827997
2015-11-10,241.91,51.47009856132502,12.995549126440224,9.409130032220746
2015-11-11,243.56,55.35011439618145,13.004432033522948,9.236931452254176
2015-11-12,242.45,51.67018117591514,12.998208402234017,8.780193437926641
2015-11-13,242.65,51.725782897827315,13.008443950898103,9.052980214395868
2015-11-14,243.5,53.79703383373958,12.998967953604138,8.882201444788448
2015-11-15,243.0,51.015129824160034,13.008508840658374,9.040300637048524
2015-11-16,243.86,52.30773969678334,13.015207118588386,9.076355461421532
2015-11-17,243.82,52.632219240714825,12.989403989992528,8.906920520057561
2015-11-18,242.93,53.21100050990486,13.014849307281336,8.967038042941677
2015-11-19,244.1,53.789573323510936,12.965746153513914,8.97495085741301
2015-11-20,244.75,51.171835943954065,13.033032504109919,8.726127248644556
2015-11-21,245.02,50.735982398378326,12.998607813780573,8.975461784070642
2015-11-22,243.87,55.05090192545633,13.0157811543446,9.066742391546194
2015-11-23,245.37,52.94495722019668,13.009264563542907,9.283242009190962
2015-11-24,243.28,53.31896956171319,13.011171512494121,9.091856532962765
2015-11-25,244.82,51.908135310416206,12.992389457488908,8.963493921151084
2015-11-26,244.5,52.849656023067496,12.998280144749193,9.124405890254025
2015-11-27,244.36,54.00664260907709,12.989438682257656,9.221054990333808
2015-11-28,245.58,53.535305207684125,12.993014267609796,9.051297103631637
2015-11-29,245.81,48.66483757742778,12.995519939857997,9.145778359773503
2015-11-30,245.96,51.95569460238815,12.999878062542342,8.893079483340294
2015-12-01,244.65,53.077512578302844,13.012393919155409,8.864708598792376
2015-12-02,248.14,53.043920964513624,12.992991404376687,9.24383142912968
2015-12-03,247.16,51.849817799862805,12.983900188037705,9.187040126868476
2015-12-04,247.35,51.74410554568348,12.990229871081974,8.859114457725106
2015-12-05,246.93,51.7838042271377,13.0080577227338,9.000862121211785
2015-12-06,246.75,52.6316035347961,12.989678320980406,8.821985395149278
2015-12-07,247.67,51.17172216623774,12.989574822589821,9.005765909222424
2015-12-08,246.8,52.313822439906296,13.013033147799966,8.92398662905115
2015-12-09,248.85,54.898067884898026,13.017566799562912,9.065504722374023
2015-12-10,247.49,51.61971590269369,12.978231597558729,9.103176340618038
2015-12-11,248.4,51.89582569878716,12.981893247956458,9.237459447066968
2015-12-12,248.83,51.88459907107395,13.017156383786133,9.04897745784053
2015-12-13,247.65,49.48399329957738,13.011242129914596,8.648046936173559
2015-12-14,248.76,49.70146434725001,12.99293985150625,8.92036979901674
2015-12-15,249.7,54.320871374283605,13.008016634413176,9.379589971874243
2015-12-16,248.78,53.434218632827424,13.032736465286684,9.340362208175122
2015-12-17,250.03,52.96582305682066,12.995939781812112,9.277203155449671
2015-12-18,249.56,53.47187738742406,12.997959185059377,9.264761388256384
2015-12-19,247.98,51.97923963870883,13.003835969032705,9.036232335899971
2015-12-20,249.59,51.7819626615768,12.99490652512474,9.10827450593424
2015-12-21,250.58,51.502599345043066,13.00836765529853,8.861812432634485
2015-12-22,250.41,52.61610926362992,12.979916492427407,9.185165083881998
2015-12-23,249.68,50.816069293850916,12.979973273562699,9.219237899269874
2015-12-24,249.61,51.56075397268372,12.992197588093523,8.683900570720724
2015-12-25,251.57,51.18052466106609,12.984947093673055,8.889603481049395
2015-12-26,250.95,50.54899524462094,13.021413145755579,8.935618714077359
2015-12-27,250.27,53.2433867185415,12.988837006010494,8.638317613311527
2015-12-28,252.38,52.322950107147356,12.97331866513023,8.810135086720399
2015-12-29,250.62,52.02416760834407,13.008582669949229,8.907240011252666
2015-12-30,251.22,53.661719040576045,12.982558350607652,9.389568063231037
2015-12-31,250.34,50.10776218281615,13.004951607335135,9.276341802512487
2016-01-01,251.82,41.52672991901455,14.021046239568973,16.093183564140674
2016-01-02,251.88,44.997424727255115,13.978810513119926,15.270019569712744
2016-01-03,253.48,41.55335311356995,14.00395149711758,14.855877746138933
2016-01-04,250.73,43.99194225393126,13.990144339275648,16.28690672386008
2016-01-05,253.21,45.03955070858308,14.025465421321636,16.24065212704085
2016-01-06,252.28,43.41442574367649,14.003206010689238,15.851975759606768
2016-01-07,253.93,40.75629648779314,13.975830400998506,15.812105697828885
2016-01-08,252.62,44.229007349511704,13.988532751876278,15.93115709644388
2016-01-09,252.86,44.81097629523246,13.993269851282712,16.151948445759746
2016-01-10,253.3,43.664258869916644,13.97247558561804,15.86607975476484
2016-01-11,253.77,43.47976049773868,13.98747176640901,15.586973231605196
2016-01-12,254.76,45.74328968415707,13.994230792068814,16.068472869251117
2016-01-13,255.1,45.08704197434131,13.997093291038382,16.141902650351426
2016-01-14,254.95,43.50112539392128,14.009612594544153,15.398553707772004
2016-01-15,254.23,45.24154339338977,14.000648590777585,15.580352963586288
2016-01-16,254.2,42.04079631320492,14.000663787643441,15.660389941526791
2016-01-17,254.05,44.063533436231516,13.985779040026678,15.501637691221354
2016-01-18,254.39,41.549825119884815,14.006240047045718,15.525914030975553
2016-01-19,254.4,45.1946098703448,14.00333703974134,16.07938743665253
2016-01-20,255.64,46.717107327930094,13.991645614638752,15.753062633479226
2016-01-21,255.42,42.91895109278365,13.990998552756917,15.718222050816248
2016-01-22,255.59,45.40405180764153,14.017816883375136,15.78576053448706
2016-01-23,255.65,43.518200106072584,13.988813542052405,15.76726703517175
2016-01-24,254.85,43.82826897135712,13.970332983522056,15.999691371207671
2016-01-25,254.1,41.69000229472956,14.017061292704561,15.42736312975319
2016-01-26,253.42,41.938319401354434,14.000294311620001,15.596346234179853
2016-01-27,256.36,43.41133073922249,13.987517587073176,15.215774659662483
2016-01-28,258.37,42.315571162127355,13.979399469201578,15.80107813225071
2016-01-29,255.36,41.57053948280301,14.004943790794613,15.698492632596077
2016-01-30,256.96,41.946401274241396,13.998692573674745,15.843463583252612
2016-01-31,257.26,42.75039135898279,13.98456413845408,15.605922366783895
2016-02-01,256.91,42.341001212016465,14.003442684998928,15.452249152859771
2016-02-02,257.74,43.56063962863768,14.018259456663804,15.578691358248689
2016-02-03,256.53,44.421883335770055,14.009774594249619,15.162198121708263
2016-02-04,257.98,42.30691566872357,14.005899098867634,15.74980026140285
2016-02-05,258.4,43.12931907996497,14.01906145228887,15.352196209531934
2016-02-06,256.44,45.661631343654285,14.028013505517007,16.174809291253254
2016-02-07,258.0,46.358148538541705,14.008657776920064,16.053764246731514
2016-02-08,257.79,44.708205700735455,14.006839527398805,15.7719392441162
2016-02-09,258.93,42.82485931740431,13.987524268968405,15.553845713686055
2016-02-10,257.81,43.43007790923901,13.998421846925217,15.470673718045045
2016-02-11,258.78,43.98428202366046,13.997565664595074,15.852783232630953
2016-02-12,258.13,43.122318068063194,13.999117774712067,15.532060828296654
2016-02-13,259.68,44.625242664649804,13.977105452370406,15.458823008286545
2016-02-14,259.86,43.401679735186526,13.991616044351948,15.343751788315611
2016-02-15,259.2,44.15965416112136,14.00875726785679,15.802004972114341
2016-02-16,258.62,42.66372222721248,14.011627737032269,15.938543373168802
2016-02-17,258.27,44.05846028318271,14.004219590586146,15.097633322247749
2016-02-18,260.71,42.29230959578264,13.993016246956204,15.263401942501407
2016-02-19,260.34,45.00863270476925,14.008985601379415,15.392105853825072
2016-02-20,261.39,43.65997047661879,14.014119027446336,15.771431533874212
2016-02-21,260.32,46.38977926889127,13.971654426009994,15.882751694939186
2016-02-22,260.59,43.84580491576894,13.990474092402334,15.561060352511452
2016-02-23,260.53,43.294484343173394,13.993865304629646,15.627742518226537
2016-02-24,260.34,43.798020740724276,13.995064707362342,15.375211049865257
2016-02-25,261.93,41.576478263158606,13.982910076151898,15.53423608597025
2016-02-26,260.01,42.384877171557285,13.997398618486878,15.438789746453464
2016-02-27,260.71,45.02683668042836,13.990722488139435,15.756372952727201
2016-02-28,261.14,41.72193234252338,14.012961362513433,16.069773083132887
2016-02-29,261.43,43.641670912706985,14.016111859599764,15.949078786172626
2016-03-01,262.42,40.86325628850238,13.996226708933056,16.155491838475186
2016-03-02,263.9,43.9632817486295,13.947434656155282,15.904437421056768
2016-03-03,262.7,44.08048071114601,14.001655581997735,15.857798712279566
2016-03-04,262.61,41.70849320622503,14.002821114893564,15.645648115836488
2016-03-05,263.31,43.46940798114289,13.97414919414795,15.767152971630406
2016-03-06,262.94,41.588034442531765,14.00931752302321,15.544579697775205
2016-03-07,262.54,44.67781642266454,13.997225368268863,15.686312103685198
2016-03-08,262.64,43.11534504436297,14.011340446195284,15.386243477163088
2016-03-09,261.93,40.797203794284485,14.02041700902361,15.432956934196092
2016-03-10,264.53,42.874164878721295,13.994375430729495,15.008788046937681
2016-03-11,264.56,42.90998581338516,14.008393006356032,15.709833405635457
2016-03-12,263.88,45.09616985756334,14.00212211175757,16.187055381683546
2016-03-13,263.85,42.87141581116126,14.00045795852641,16.00855271263013
2016-03-14,264.79,45.15245703393094,13.99033288155268,15.164143897065106
2016-03-15,263.51,42.94828459241012,14.00776942715723,16.08929929563352
2016-03-16,263.89,41.60983508259381,14.00205073257599,15.90244468617424
2016-03-17,265.03,43.843187207583185,14.002023130545568,15.38920863599542
2016-03-18,264.87,42.3420095202751,13.991185224350303,15.35454053894611
2016-03-19,263.44,42.49964496311728,14.024859806460025,15.97983437306148
2016-03-20,265.66,41.55553925185835,13.989809489626113,15.338484657969317
2016-03-21,264.87,43.8375349724787,13.993150915863612,15.261358511284513
2016-03-22,264.36,44.1851055989341,14.011165446281238,15.514930622903144
2016-03-23,265.36,44.788677537037934,14.0016316010792,15.700948981494161
2016-03-24,265.13,43.00543668890788,14.027567267736318,15.705439017329129
2016-03-25,265.85,44.505990022812895,13.964056258507357,15.688013437894522
2016-03-26,265.83,44.18494539367662,14.005352862093833,15.956701492343585
2016-03-27,266.89,42.0880731902905,13.999388164743738,15.331651447831234
2016-03-28,266.15,43.61463481817842,13.976570612333186,14.537897671749286
2016-03-29,265.93,41.24187473774115,13.996140796849925,15.63886493570595
2016-03-30,268.02,44.307975290302174,13.98075078776491,15.579455285855717
2016-03-31,266.74,44.32097251004937,13.996952652438424,16.30273290251426
2016-04-01,267.14,43.514222956231464,13.983860724115933,15.685042725356217
2016-04-02,268.05,43.926228167559756,14.017098216183639,15.849128349482596
2016-04-03,266.98,42.399531324074566,14.013428983586135,15.768641583881637
2016-04-04,267.04,45.948581152194016,13.9821385519393,15.53519689364083
2016-04-05,270.03,44.763120154523165,14.01751701881088,16.078566266033974
2016-04-06,267.71,42.4590311155811,13.97907638295627,15.471664198782493
2016-04-07,268.04,44.127112462528174,13.98841005848518,15.38430542062019
2016-04-08,268.98,42.30219412402647,14.011672527517518,15.639808504699532
2016-04-09,268.01,40.46227668262211,13.995125119586708,15.410538135503215
2016-04-10,269.24,43.30183909355647,14.017542564609615,15.941994259014061
2016-04-11,270.06,44.98847388029315,13.975873703247073,15.30994390287328
2016-04-12,268.64,43.71351726007264,14.02750616067035,15.558887908092576
2016-04-13,269.94,44.37204896861609,13.992446015575844,15.787254236297816
2016-04-14,268.82,42.37677284026453,13.988014908383267,15.585634131156828
2016-04-15,270.31,43.32369620026375,13.976545610704404,15.737109352067481
2016-04-16,270.52,44.21532076581505,13.995578931058777,15.740788481389878
2016-04-17,270.24,45.944471531678104,14.005037490287531,15.462281004037829
2016-04-18,270.69,42.41010547337694,13.984521025916855,15.616637605924735
2016-04-19,269.25,44.55034162674767,13.992784585569913,15.51205414638709
2016-04-20,270.87,42.761367105030885,13.979067780822911,16.08616644673828
2016-04-21,272.17,42.66285412433599,13.996861805888873,15.639218697485065
2016-04-22,271.67,42.925606783868346,13.99647577980982,15.382095067669352
2016-04-23,270.78,42.341395393445886,13.991352403678373,15.8502043859966
2016-04-24,271.32,44.25177025144677,13.977470054990503,15.806875523509223
2016-04-25,271.12,42.32992934253317,13.99964950423423,15.917715767278654
2016-04-26,270.87,43.84989473252775,13.985315728039177,14.922863291553096
2016-04-27,272.14,42.86365064936628,14.023665570209827,14.751984287785623
2016-04-28,271.95,44.11049497066771,13.968178064313673,15.69648994511846
2016-04-29,273.04,44.11944500569481,14.009603775010827,15.178042483757224
2016-04-30,272.21,44.645731860360364,13.988482699787152,15.635393322155018
2016-05-01,273.2,42.23216363954923,14.00223575901988,15.31102153133534
2016-05-02,274.11,42.62633141717701,14.011035121164142,15.74890452128193
2016-05-03,273.11,44.98133992026674,13.981227525456331,15.787262602421052
2016-05-04,272.1,42.92415082804102,13.982893595412872,15.889664916926334
2016-05-05,273.29,45.06284964047108,14.003182567492603,15.749981089890603
2016-05-06,273.34,42.1571841973215,14.0052084092116,15.699919218591596
2016-05-07,273.65,43.91862667938819,13.98179249221811,15.974869243786284
2016-05-08,272.99,44.171282743467955,14.01585768948064,15.852394232079483
2016-05-09,273.61,43.36831811308008,14.007275208819356,15.778732295170991
2016-05-10,273.32,44.73644961628573,14.001098315906647,16.00825680178543
2016-05-11,274.19,42.13646620377461,14.012031886371647,15.454645539353674
2016-05-12,274.32,43.236445652496805,14.00509498640364,15.26016391662634
2016-05-13,274.6,43.65878645563015,14.013876198856552,15.704412295280845
2016-05-14,275.18,42.352775043182405,13.99732806591668,15.892549978145626
2016-05-15,274.72,42.93868623163302,13.999639440874661,15.699630495561301
2016-05-16,275.77,44.892468987394714,14.02036476813991,15.440661775692297
2016-05-17,275.24,44.340340863578675,13.982493515158312,16.23378231974365
2016-05-18,275.64,44.80063203838363,14.006195695168566,15.71376163929648
2016-05-19,274.96,42.18571806321314,13.9860447652123,15.16637198137281
2016-05-20,274.76,45.06776484839482,14.008415927874502,15.293204887499277
2016-05-21,276.16,42.79846385340326,14.004065070601431,15.4369029767714
2016-05-22,276.29,42.99987312317886,14.004020356882886,15.935388969379549
2016-05-23,276.71,44.18768915430456,14.013535933192806,16.247108423863224
2016-05-24,274.98,46.023653976192016,14.005049617010698,15.866612345772795
2016-05-25,276.78,42.35614298760301,13.998346066367189,16.351732103695824
2016-05-26,276.0,44.172504044800455,14.002746956493068,15.753317982237302
2016-05-27,276.45,44.77180528405916,14.002710082314385,15.770610410348239
2016-05-28,276.69,45.253573650583235,13.995425396353701,15.759405743365733
2016-05-29,276.56,43.109316352043216,13.985720634774955,15.711421615228957
2016-05-30,277.57,46.03645678525467,13.979419379590809,15.90996688593228
2016-05-31,278.06,43.33802177625404,14.005173845517861,16.09883974973301
2016-06-01,277.93,41.78459653685384,14.012213423344607,15.103136750207797
2016-06-02,277.92,42.90954455105131,13.975865879623406,15.466463240839628
2016-06-03,277.63,43.868098890304296,14.027082021070694,15.569396034183425
2016-06-04,278.09,42.870813619909754,13.988869420570968,15.423796760875382
2016-06-05,278.95,44.45656281218916,13.99562802477108,15.616814643803004
2016-06-06,278.21,43.49499962046284,13.999098706527237,16.111632043529532
2016-06-07,278.86,41.93953116453961,14.001004893579974,16.10185960247682
2016-06-08,278.23,46.3961361436376,14.010286401733463,15.57951103674775
2016-06-09,279.94,43.322604414325504,14.028974729836609,15.500031321003528
2016-06-10,279.3,42.63519901216271,14.019603465016601,15.572254085054169
2016-06-11,280.71,42.72000966293464,13.99713590358317,15.747050669095096
2016-06-12,279.59,44.76952672018774,14.002539303333453,15.984779174732312
2016-06-13,280.53,45.59367804749488,14.006956697410464,15.449009672216539
2016-06-14,280.38,43.50655912722524,13.996740078482272,15.652851235658716
2016-06-15,279.28,41.0034934900854,14.047970836514297,15.578920733201043
2016-06-16,279.84,40.60685228919869,13.983354521234029,15.785189372677184
2016-06-17,280.47,44.859972123582665,13.984966875850112,15.319011592335357
2016-06-18,279.89,42.57061231479263,13.996639768403245,16.04916233429758
2016-06-19,279.15,43.90256764587956,14.01172347009504,15.760178462388382
2016-06-20,280.38,45.541188424916434,14.007200408338738,15.685141585612318
2016-06-21,282.31,42.19861937586906,13.985196033661621,15.561003500013223
2016-06-22,280.76,46.16678683335462,13.987838233210908,16.11918842475277
2016-06-23,281.73,43.95806724082867,14.005688027752164,15.07111294727959
2016-06-24,281.65,44.475649290273985,14.000319451964133,15.743118470877128
2016-06-25,281.9,44.02731670518601,14.010172027386824,15.515004503291571
2016-06-26,281.61,45.037987406040784,14.0150725484607,16.322211471850053
2016-06-27,282.65,44.82765177450201,13.99069325028232,15.653547038500484
2016-06-28,281.27,43.15791986364938,13.994905735736255,15.494607701385135
2016-06-29,281.68,46.357567297316486,13.99726901475095,15.542392270453064
2016-06-30,282.16,44.789019695719894,13.976802373516383,15.398467565737318
2016-07-01,282.83,43.4057790719787,13.993077638380424,15.858717627845797
2016-07-02,281.66,44.68763103224451,14.008972384394744,15.551845944874614
2016-07-03,281.64,42.8252296910693,14.008743129046858,16.12793216768424
2016-07-04,282.23,41.4072909127439,14.024618382396133,15.353554703753908
2016-07-05,283.47,42.10160171362749,14.003453620130042,15.740845601641754
2016-07-06,282.8,40.40058165864745,13.999185854659226,16.059657641905144
2016-07-07,282.88,41.89905774138389,13.973202517519148,16.008165874265366
2016-07-08,281.92,42.70399400668267,13.981142961678101,16.407988668797245
2016-07-09,284.03,43.48787563946202,14.01758601693169,15.744779313736215
2016-07-10,282.59,43.198930413972604,14.008231061828173,16.11583817060102
2016-07-11,284.42,44.23538200053173,14.002108753338023,15.950619651361114
2016-07-12,283.08,43.15389484397057,14.000518946748388,15.58601109185633
2016-07-13,284.41,45.228592049574566,14.013146976789768,15.584132794408575
2016-07-14,286.07,42.74105851527415,14.012979116312355,15.257334109526395
2016-07-15,283.78,42.57229118473704,13.999774759927256,15.781640859244806
2016-07-16,285.12,43.29846797608263,14.015654673764395,15.891988546576579
2016-07-17,286.41,45.07691980054296,14.003052770813229,15.839569639730675
2016-07-18,284.13,41.92893816638884,13.992603693489118,15.484306693406742
2016-07-19,285.24,45.988863315537415,13.981203369716203,15.8595917456083
2016-07-20,285.42,42.29265154786393,14.003298662010742,15.108604319505606
2016-07-21,282.81,43.07836156467065,13.990894836772474,16.018562791825175
2016-07-22,283.89,44.3237770801975,13.986270306260138,15.728719567095565
2016-07-23,284.0,43.69609288790259,14.010453088687791,15.996794792799419
2016-07-24,285.54,43.67483042714093,14.003841061197623,16.10962321833786
2016-07-25,284.63,43.34519813900157,13.991690976493338,15.25694685475342
2016-07-26,285.1,45.66573862690224,14.000440410009425,15.612978644625777
2016-07-27,285.51,44.54007653878794,13.98613929700007,14.588092299746492
2016-07-28,284.44,43.963302705353186,13.995310054968257,15.408963035359163
2016-07-29,286.57,43.884274487032755,13.990080349451732,15.706196165060875
2016-07-30,287.22,43.80090934897768,13.985210825051897,15.536791054993527
2016-07-31,286.86,45.48176749083235,14.000805416122125,15.863148774347307
2016-08-01,285.78,44.22958238066751,14.007254123880832,15.87529687529295
2016-08-02,284.57,44.485198788814984,13.99816325703045,16.038630604274214
2016-08-03,286.03,43.29122649387958,13.986082138399087,15.621671340117505
2016-08-04,286.95,42.48645628128433,13.99656777613457,15.71520005918701
2016-08-05,286.91,43.697902428204344,13.99519124356153,16.076358134070226
2016-08-06,286.51,41.31037470237888,13.971276465422575,15.68872409126339
2016-08-07,286.47,44.52387898112977,13.9938337881853,15.560050478025259
2016-08-08,287.64,42.77806179657411,13.981398704794742,15.570953632965002
2016-08-09,288.43,43.59915111599147,13.999945702365787,15.694891735171062
2016-08-10,287.7,42.4593797901119,14.035507170942255,15.915466971337795
2016-08-11,287.37,45.86279086251045,14.021167074051524,16.010552990234196
2016-08-12,287.75,41.78820351880186,13.986937142454725,15.502886120192196
2016-08-13,287.17,43.75093473402361,14.006623773733144,16.2079705510418
2016-08-14,287.8,43.896619085152686,13.99501901459078,15.826240357156696
2016-08-15,287.73,44.1191479868363,14.012149201184975,15.254139127787203
2016-08-16,288.53,42.77915670800738,14.00249961533553,15.866348547654034
2016-08-17,287.68,43.115666171542664,14.007395565447974,15.665825688406573
2016-08-18,287.2,43.243235302787255,13.995337057637835,15.896224198464726
2016-08-19,288.4,44.25941035911445,13.978522033253212,15.519461847287635
2016-08-20,289.69,42.792966356178056,14.004926777183686,15.780285983410261
2016-08-21,288.87,44.485114028922936,13.996591064653238,15.941957631940427
2016-08-22,288.55,42.719357734663085,14.005121462008034,16.03784384080588
2016-08-23,288.8,45.570778886208146,14.00095737092229,15.573690602308147
2016-08-24,288.8,43.680998329666515,13.996893538084878,16.42719734855771
2016-08-25,289.07,44.27679743462725,14.00391998226074,15.780753136717031
2016-08-26,288.43,43.731827596437135,13.972986273159831,15.500367568050438
2016-08-27,291.24,43.1271588538819,14.006219465851826,15.701205192146135
2016-08-28,290.74,43.43478152936921,13.998664954602345,15.215917091413427
2016-08-29,290.18,44.85102354353031,13.973979681230299,15.252048339331227
2016-08-30,291.16,43.574284076159486,14.011541392181325,16.643816573476805
2016-08-31,288.86,44.25733781597564,14.004699376717344,15.474817423162998
2016-09-01,290.07,46.108345245251506,13.973518428992236,15.67897979529065
2016-09-02,290.37,46.21637023127791,13.980057361269655,15.515169617225059
2016-09-03,290.53,42.6202200677973,14.014631932338576,15.980453706400361
2016-09-04,290.43,41.58651001288332,14.008190195199417,15.296340714252906
2016-09-05,289.72,40.81675806437742,14.008776241728292,15.753461892252565
2016-09-06,290.9,44.1039939389491,13.99553580510548,15.674947719928658
2016-09-07,290.35,45.30043610630087,14.007730381250582,15.611736837683319
2016-09-08,291.54,41.935827819283716,14.003322652227721,15.560172100892332
2016-09-09,290.88,44.98716171873068,13.997298974171091,15.717807980194124
2016-09-10,291.94,43.95856356300202,14.005424299649329,15.60537670369374
2016-09-11,289.91,44.80837417885566,14.001184767637932,15.685993908669648
2016-09-12,291.02,42.083140618570205,13.991128820862913,15.669612992919836
2016-09-13,291.53,43.908086236784165,14.014849327772076,15.40511747365366
2016-09-14,290.29,46.04219725027301,13.990923411535189,15.307008468042524
2016-09-15,292.81,42.55663422503182,14.000720082761807,16.022479341213675
2016-09-16,292.29,43.99127131924846,13.992233014717065,16.370800169162987
2016-09-17,292.9,42.15341841551265,14.034259412652279,15.616439217401954
2016-09-18,291.99,43.83747532291046,13.991869493660872,15.482335419490472
2016-09-19,291.34,42.63567183504906,14.006891318701316,15.173542894718937
2016-09-20,292.86,43.14517980836166,14.000011752582093,15.738748040517775
2016-09-21,291.29,40.42229795953301,13.996878793072447,16.105715984265448
2016-09-22,294.41,43.445455216234336,13.991118966905615,15.626470472139331
2016-09-23,292.81,42.88427743642895,13.996499585163354,15.980118585745343
2016-09-24,293.62,43.03974151826405,13.99228504759038,15.277810061883333
2016-09-25,295.38,43.70708514586666,13.983677042658606,15.947341010721969
2016-09-26,292.94,41.64040154590916,13.978663044281321,15.429821678396827
2016-09-27,292.58,43.28830407694237,14.005290118567373,15.712870586885703
2016-09-28,291.36,42.2990027870609,13.998703962535295,15.678846653204523
2016-09-29,293.95,45.160577202675114,14.002852471931734,16.032542941647748
2016-09-30,293.27,43.49938567478398,14.000242896353612,16.13865984322112
2016-10-01,294.32,41.02461942636783,13.977441733773738,15.429199629967325
2016-10-02,292.81,43.70348004577518,14.00657261285755,15.400580363368471
2016-10-03,293.35,42.93878907286384,13.997844159223419,15.35453231282445
2016-10-04,293.53,44.1107707029113,14.012599595981667,16.326126220765968
2016-10-05,294.61,42.68532809966136,14.019464923422243,15.650894266767043
2016-10-06,294.19,42.87286084687002,14.01786723191107,15.380739658146753
2016-10-07,294.73,41.81613169345589,13.995579102728364,16.087398830773598
2016-10-08,293.85,45.364541727929684,14.006902520299864,15.894539747970857
2016-10-09,295.09,42.8073448835314,14.01203765552914,15.804637078061027
2016-10-10,295.82,43.059084121760705,14.003297356723841,15.695230817360002
2016-10-11,294.56,41.674169753909695,13.973785122665292,15.591226492806292
2016-10-12,296.24,41.35159857001291,14.02361616837329,16.270836606546126
2016-10-13,294.97,43.31635178586661,14.0003084809052,15.677717584448231
2016-10-14,294.2,41.79663763429381,14.010474808449334,15.409389352180222
2016-10-15,294.63,43.86967610574811,13.992293418832395,15.20172092679929
2016-10-16,296.43,43.134600251986065,14.010344162660912,15.952303230603775
2016-10-17,296.76,43.50452159815275,14.00691485923252,15.645514837995105
2016-10-18,296.36,45.62839427550706,13.991469838657439,15.75979379934998
2016-10-19,297.76,45.29354564460463,13.989024777100303,15.829416326053671
2016-10-20,296.96,42.65382182204594,13.995786645490764,15.319078996192921
2016-10-21,295.44,44.07492560297094,14.006977256092718,15.731319265839904
2016-10-22,298.95,44.68312654149935,14.002341345505245,16.006890431317508
2016-10-23,296.31,41.015328124508926,14.034121544136882,15.737018730125047
2016-10-24,298.38,42.68888399366767,14.014107196982842,15.851683463935547
2016-10-25,296.02,42.80160935078207,14.001939586606413,16.059273591944518
2016-10-26,297.37,43.34882188905522,14.012120009103697,16.017131653966192
2016-10-27,297.86,43.3646337604207,13.987242134575125,15.541738311722174
2016-10-28,298.24,42.54094475813941,14.023639676354307,15.817292290602506
2016-10-29,296.61,42.62746135973672,13.990243728190835,15.933731952408618
2016-10-30,297.4,44.65406285779482,14.008554010053858,15.612242356594402
2016-10-31,297.05,43.17162277014391,14.001450315665101,15.869488147234495
2016-11-01,297.7,45.22480427402599,14.01607751794694,15.922221076194333
2016-11-02,298.53,42.608300762304424,14.007397721501649,14.949865375654824
2016-11-03,298.62,45.19066347804159,13.986576076648914,15.931148527914292
2016-11-04,298.54,44.91212768827245,14.002303238631745,15.65817153657188
2016-11-05,298.83,45.09862512749289,13.993937735124325,15.30109976523741
2016-11-06,300.12,42.67130106660354,13.994976101046452,15.547093487333926
2016-11-07,297.13,41.631381378704205,14.001650204768394,14.901531569547924
2016-11-08,299.4,42.62984149739496,14.013668847862474,15.49791462108615
2016-11-09,298.68,43.005032100190185,13.999473393127454,15.50705591832228
2016-11-10,298.48,43.4805437636591,13.9834368703421,15.923392332114924
2016-11-11,297.97,42.334242047041364,14.028561796812571,15.19013064328344
2016-11-12,298.98,43.363456312493774,13.980461961183142,16.270374874495836
2016-11-13,299.07,44.159531578041346,14.000844564223623,15.852690398270514
2016-11-14,300.05,43.21913084981816,14.001791129170083,15.589178929725254
2016-11-15,299.49,43.84088114423914,14.00938013741748,15.796884651439372
2016-11-16,299.18,40.701767861897295,13.990094262253054,15.601432984179224
2016-11-17,299.45,43.454510159311575,13.970032723500315,15.513195963716184
2016-11-18,299.08,42.20129741616236,14.001881119608997,16.582127331819276
2016-11-19,301.36,44.32456294430851,14.025393960868852,16.632529167620728
2016-11-20,300.89,43.239771998350264,13.987332580710929,15.914149543794105
2016-11-21,298.8,43.14681701853532,13.993715806811123,15.566683465572458
2016-11-22,301.27,45.86168396966285,13.986073555785005,15.64709607128631
2016-11-23,298.48,42.86746391370358,13.988284876513449,15.643195434865966
2016-11-24,300.51,44.45658991086429,13.983145631861746,15.929859549664569
2016-11-25,300.92,43.61331952459085,13.984131205359587,16.11607735815709
2016-11-26,299.78,42.876373669159356,13.99994211648945,15.60273492560046
2016-11-27,301.78,44.69033423596972,14.00856244930707,15.706915238446204
2016-11-28,303.13,43.580856966529005,13.991852860726294,16.133159836494084
2016-11-29,300.34,42.88154207354242,13.990738714403882,15.58971880451095
2016-11-30,301.84,43.37541670450451,13.983339533956864,15.34482041304251
2016-12-01,299.99,41.574366587671825,14.016316368303384,16.252022957701133
2016-12-02,301.45,41.77348480109089,14.019615137038127,15.822504677631112
2016-12-03,302.38,42.518392836280434,14.016084650069596,15.112230417070581
2016-12-04,301.77,41.61031266994831,14.011316526135982,15.124217591144365
2016-12-05,301.95,44.902625119857035,14.01191367986503,15.801497282626725
2016-12-06,302.81,42.52523249460551,13.999208957184544,15.817506154146843
2016-12-07,303.23,43.61870336972502,14.028248538419358,15.34712863549417
2016-12-08,303.84,44.96099104267198,13.9884337761652,15.251060997424707
2016-12-09,303.08,44.63426724128563,13.995344222748056,15.94278744151812
2016-12-10,302.68,42.3399064296311,13.995070746307675,15.327672286631024
2016-12-11,302.98,45.55008814489789,13.985802152843583,16.25695137672014
2016-12-12,302.36,44.84061570919451,14.024068979021871,15.389469475031246
2016-12-13,303.34,45.32978911723013,13.9991967951429,15.359878523968588
2016-12-14,303.51,41.55247585890239,13.975314617174218,15.834293692368924
2016-12-15,303.55,44.5485042119229,13.986935169480065,15.531653232179591
2016-12-16,302.76,44.888723275904226,14.00646534985174,15.800819809494744
2016-12-17,303.78,42.91903003973079,14.008383846049446,15.23256142980259
2016-12-18,303.55,44.373890328246404,13.988984978458294,15.970346120914336
2016-12-19,304.21,45.32194614672218,13.963047805024525,15.778134716011023
2016-12-20,303.59,42.72403235982573,13.996554515270912,16.46488161078197
2016-12-21,303.07,43.925724201282634,14.005899182747735,15.81232707149395
2016-12-22,301.85,44.72686012406755,14.01213081991885,15.339072073380027
2016-12-23,303.18,45.740385905451724,13.974739470465767,16.184224051341808
2016-12-24,302.32,42.12804371670048,14.019021459619974,15.706668741959032
2016-12-25,303.52,44.90792944714052,13.981188744920924,15.65605408484201
2016-12-26,302.68,43.69105405968403,13.992519362826656,15.603476442214282
2016-12-27,305.97,42.468378862518875,14.023805571308447,15.67147091642796
2016-12-28,304.39,44.12627498547018,14.012191178108003,15.903829872379083
2016-12-29,304.72,44.796341715668646,14.014326401917726,16.158859046337163
2016-12-30,304.66,43.863661470034586,14.015977315264363,15.78746925700504
2016-12-31,304.75,43.96792686282014,13.994429329901292,15.478743139879764
2017-01-01,305.12,52.17663822416237,14.007714502101502,16.07806940703269
2017-01-02,304.45,55.44283506902423,14.023393756355118,16.482872771412197
2017-01-03,304.93,52.78387495190255,13.993647324681957,16.257219359912465
2017-01-04,303.77,55.54208775162202,14.01278242988272,16.365777740255226
2017-01-05,305.48,54.32840663255261,13.992163930844587,16.112693577819616
2017-01-06,305.2,53.75871946030721,13.997652603964198,16.461495865796316
2017-01-07,305.2,54.304342143106666,14.014657080999847,16.37028540988391
2017-01-08,304.72,54.971020989684995,14.000221349086507,16.736541631044066
2017-01-09,304.95,54.82800677009429,14.01623072964305,16.856886082856885
2017-01-10,305.54,53.58559193327911,14.005813073972671,16.13832453230713
2017-01-11,305.61,56.88986776633098,13.997507597570426,16.798126135374993
2017-01-12,305.28,55.83966360149838,13.999959763596536,16.75469392721239
2017-01-13,306.94,55.135867261167895,14.020982210804295,16.79554413950149
2017-01-14,304.52,52.561728944416274,14.016608742247085,16.638860858342188
2017-01-15,304.67,54.07567305004951,14.007944201584023,16.317488507453202
2017-01-16,305.28,53.28490934811136,14.008426366963254,16.680667817406444
2017-01-17,304.61,54.419535893247314,14.00874844150347,17.1734842274446
2017-01-18,304.45,54.580341032829644,13.975719741742337,16.333610604698137
2017-01-19,304.9,57.6413327647427,13.990178713310383,16.536885291728677
2017-01-20,306.03,53.39908389728239,13.998332027808642,16.980050720994655
2017-01-21,304.78,52.051818238018754,14.015196456210568,16.549247607572187
2017-01-22,305.63,52.60853118913241,13.997264749309686,16.434490888765563
2017-01-23,306.27,54.40340355319127,14.011964976294033,15.88064103198817
2017-01-24,305.83,52.65718763029346,14.008071106718742,16.36684631354392
2017-01-25,305.17,56.42373030617352,14.009172206631133,16.921730466352418
2017-01-26,305.5,59.19988745959049,14.002197597082848,16.076450875779077
2017-01-27,304.96,52.302147683204424,14.02715454899786,16.169147043847786
2017-01-28,304.43,52.39983741207354,13.98502032817227,16.96177929823286
2017-01-29,305.74,56.1367682698805,14.00341539750308,16.597159037990174
2017-01-30,304.67,51.88962771886869,14.011468498709002,15.953275555657779
2017-01-31,305.81,55.6615368329619,14.000357940859102,16.41167158545129
2017-02-01,305.24,54.66287122856281,13.992726020097615,15.972738033583305
2017-02-02,304.69,55.21146860689456,13.988854172389464,15.993409426550539
2017-02-03,305.2,52.61571456021263,13.997806672701742,16.320727987991457
2017-02-04,305.65,55.84095864395825,13.98843487743234,16.990870273131844
2017-02-05,305.55,52.86506573966515,13.972062000343634,16.516722912285225
2017-02-06,304.62,53.391509130536264,14.017405590873404,16.248743591697025
2017-02-07,304.59,52.08059505930753,14.023287193824745,16.137022269674066
2017-02-08,305.42,53.4276462739273,14.01472195452054,16.284358552955705
2017-02-09,305.56,55.984265589377124,13.983398992483856,16.60201745619048
2017-02-10,305.38,53.52267791058315,13.995722585004234,16.664398397782477
2017-02-11,305.03,52.61220475057434,13.986876619045928,17.354204191154256
2017-02-12,304.48,52.39233705769027,13.993107859257233,16.63015977073788
2017-02-13,304.13,56.08511227166477,14.014305907490726,16.721329440309983
2017-02-14,304.54,55.82704999200506,13.99591631831639,17.27403316333083
2017-02-15,304.95,52.32229339218266,14.007715761386855,16.558864301106652
2017-02-16,304.9,53.08844706304344,13.990618088949658,16.720995384672438
2017-02-17,303.29,54.00220559742946,14.005769163304269,16.294128046208527
2017-02-18,305.92,56.216847385877585,13.99601435171393,17.039281905027817
2017-02-19,305.77,53.482418478070755,14.00241038841905,16.642178122800765
2017-02-20,305.51,53.47915940537282,14.007570617675125,16.619882458698115
2017-02-21,305.14,54.18866413466252,14.000279644316107,16.251075288084753
2017-02-22,304.1,54.80541832138708,14.00369004856705,16.384931658894022
2017-02-23,305.18,54.425409923828674,14.016901616912248,15.919861808365729
2017-02-24,306.44,52.86515495033339,14.026106426712971,16.624932155968718
2017-02-25,304.71,54.89461641556211,14.002330120304244,16.536026616842573
2017-02-26,304.22,52.88604499839174,14.019267617824797,16.698808539532628
2017-02-27,304.63,51.791119154743456,14.004053074321359,16.73039697631755
2017-02-28,305.3,53.28498476495235,13.978566671295427,15.69605602742295
2017-03-01,305.67,56.62882884375702,14.010062493915584,16.48715895540846
2017-03-02,305.4,57.27188281627775,14.00170449654866,16.380936912768334
2017-03-03,304.38,54.43654983174382,13.995100153457381,16.023828094065145
2017-03-04,304.49,50.69676128731442,14.001126702638016,15.94798505734084
2017-03-05,305.99,53.71922332733594,13.964768666648014,16.920974456364092
2017-03-06,304.04,52.46626477663414,14.014194493431662,16.67069862655877
2017-03-07,306.09,51.16351835796774,14.009104845176918,15.910543334327752
2017-03-08,304.78,53.911509597852394,14.010036183452154,16.7378022016265
2017-03-09,304.71,55.54820796739082,14.020046637816236,16.039648165551892
2017-03-10,305.77,55.36050501076908,13.988957295103427,16.93314193973824
2017-03-11,306.2,52.953696286867924,13.995466441645789,16.663007304605355
2017-03-12,304.33,53.03659386520168,14.003350878176201,16.490475313983982
2017-03-13,306.18,52.629132323939075,13.999565757724875,16.596847259143082
2017-03-14,305.49,54.15344079928311,14.023583482170704,16.843761221373747
2017-03-15,305.14,53.30451735020997,13.987025363580612,16.621326252110027
2017-03-16,308.07,56.01822881251266,14.01712760580047,17.06309971402625
2017-03-17,304.63,54.900571180023306,14.000212683695654,16.38188039182316
2017-03-18,306.51,54.56418868070173,14.02914370994724,16.40598037820029
2017-03-19,303.91,55.42608449958144,13.987325057198904,16.97500992863341
2017-03-20,305.75,55.01170803473886,13.998120302176613,16.926346610540467
2017-03-21,304.81,54.60514110933001,14.050113119740304,16.88043049280108
2017-03-22,303.99,54.75625603199583,14.019275183613441,15.907729575448675
2017-03-23,306.97,56.57191652776318,13.992285887211128,16.514829424768912
2017-03-24,305.54,49.54850865205651,13.992164033745988,16.56990998174699
2017-03-25,306.31,53.64972450717535,13.977258128658491,17.23809391164586
2017-03-26,306.53,57.213228509050495,14.020309426254295,16.72712306235819
2017-03-27,305.02,54.187448869888314,13.986702266177005,16.232168724515446
2017-03-28,305.25,53.7223867950147,14.02645112359646,16.08328391897067
2017-03-29,304.78,54.28038967520542,14.00085514119197,16.671348744155726
2017-03-30,306.76,54.007679441394025,14.004883766583543,16.64582289183075
2017-03-31,304.4,52.469372341806825,14.002527755863905,17.0431324733663
2017-04-01,303.94,58.585018030725855,13.990352944347093,16.878603481370124
2017-04-02,304.82,54.780126192277805,14.022371631832478,17.137381933765784
2017-04-03,304.37,54.54814557275105,13.961166937249683,16.923112943734377
2017-04-04,305.71,57.00897662626007,14.005227086439003,16.807112633958663
2017-04-05,304.92,54.87492853494902,14.019172197411708,15.580320542667899
2017-04-06,305.24,52.764753469011225,13.985396766641836,16.289074138926264
2017-04-07,306.81,54.29763964646597,14.012473064134781,16.12108634880548
2017-04-08,305.43,53.86275184180516,14.017528921903901,15.989270578499882
2017-04-09,304.22,55.9214985937264,13.995963703078505,16.212163226297648
2017-04-10,303.83,54.10668484264998,14.026181488294732,17.088054825627786
2017-04-11,306.25,55.03128650561979,13.990067835655196,16.52762320527805
2017-04-12,304.62,52.60970147099563,14.006543045795489,16.295229542588075
2017-04-13,305.97,52.26237957843224,14.014691532977867,16.186411138895775
2017-04-14,304.42,55.3812900955939,14.016669506670272,16.56237677796639
2017-04-15,304.53,54.32579884003242,13.987595196800992,16.720539831560632
2017-04-16,304.54,55.91198810318353,14.002673028243128,16.469111638292205
2017-04-17,304.52,53.90732592934943,13.99881306246377,16.69144747172549
2017-04-18,304.71,51.95138100231334,14.01313349131195,16.512253330071008
2017-04-19,304.26,55.6608998306957,13.983032893052572,16.836125529275762
2017-04-20,304.27,52.58604661762181,14.015265779683318,16.523263577136202
2017-04-21,304.23,54.78672613290185,13.974561880867562,16.5245068019125
2017-04-22,305.6,55.14726426495852,13.99232270077056,15.619953293748749
2017-04-23,306.89,54.77848589977943,13.995841049174084,16.642918484288135
2017-04-24,307.44,56.68647843191397,14.02696223102616,16.941304245084872
2017-04-25,304.55,55.41208274645245,13.994583213225837,16.37518069210276
2017-04-26,304.74,54.92097770887199,13.992357842968769,16.578401326784775
2017-04-27,304.65,50.44718765403075,14.009836241246106,16.35240604770759
2017-04-28,304.38,55.498175931125644,13.983864713023207,16.38241832373475
2017-04-29,307.24,53.00816841170842,13.999819093855578,16.07272534430471
2017-04-30,304.12,54.84897943267248,14.005674906178285,16.438461880343173
2017-05-01,306.58,53.17119102271263,14.0147203426203,16.430879907685387
2017-05-02,304.88,53.44590762987609,14.03025631316326,16.509692284172452
2017-05-03,304.72,55.09346994756458,14.015380174187582,16.936158957846253
2017-05-04,305.29,53.75665113508665,14.010254056289373,16.946579704041707
2017-05-05,305.58,52.07618346689631,14.006739478026063,16.664947898734702
2017-05-06,303.98,56.642973454607265,14.00589270592049,16.714952865335455
2017-05-07,305.81,51.981312346958255,14.002949696719106,16.15780042551157
2017-05-08,305.24,55.500491334360746,13.986780899306776,16.612168889562415
2017-05-09,305.99,53.133943673382184,13.972041995409457,16.586184614147943
2017-05-10,305.88,52.50884148268343,13.985555394319746,16.760360427337943
2017-05-11,306.49,52.550178144732655,14.033663907855601,16.69261512112443
2017-05-12,304.83,54.200312970958436,14.01379646112563,16.92933800036662
2017-05-13,305.61,50.922528750376216,13.993887426629875,16.56864102560199
2017-05-14,305.59,54.51813927731748,13.991342314244646,16.767430536705096
2017-05-15,305.19,53.01395246823472,13.977188299080218,16.65574803812948
2017-05-16,304.18,53.573285244998964,14.01280567610683,16.46837667968195
2017-05-17,306.07,55.02782300323692,13.970210488189023,16.753190177462468
2017-05-18,304.54,53.108700895732895,13.962413752156381,16.300450962295397
2017-05-19,303.82,53.608075841726,14.001302726384807,16.735870910878706
2017-05-20,304.26,56.19046915405487,14.010259418422939,16.48122280449101
2017-05-21,304.36,55.05767635662432,13.999259959429546,16.558649315082686
2017-05-22,304.12,55.934945919795794,14.004153823648036,16.440935975586484
2017-05-23,304.75,53.317453267819594,13.994734623481888,17.041755216141198
2017-05-24,306.8,54.02278336413421,14.010245452173967,16.673904222068334
2017-05-25,305.45,55.63669713478152,13.992755937753849,16.58482587400301
2017-05-26,304.09,54.124618337412954,13.97370110373847,16.698767987981785
2017-05-27,304.74,54.95805138584875,13.999331482686173,16.310565558423068
2017-05-28,306.33,54.25450283096255,14.019818926271602,16.67654301197387
2017-05-29,305.17,50.47253967248932,14.02891059558113,16.063080828893884
2017-05-30,306.38,57.755974656659525,14.010662887558361,16.215638541733846
2017-05-31,305.74,54.740205692005816,14.011878997050085,16.255475370855745
2017-06-01,305.62,51.276440350668544,14.014433391534372,16.194428509250915
2017-06-02,304.09,53.35009757988194,13.994973517545546,16.07995345591538
2017-06-03,306.09,53.3587393597476,13.98496418869672,16.36142901564441
2017-06-04,305.38,53.09894479428818,14.027395709069221,16.169348269370378
2017-06-05,306.77,54.022850338147585,13.98006981430043,16.95174048701894
2017-06-06,305.02,57.383782820334424,14.013358827507147,16.417745641399932
2017-06-07,304.4,52.69482444056769,13.975812167893379,16.27857916254851
2017-06-08,304.08,55.89403466319617,14.007039915339202,16.69449158974055
2017-06-09,306.33,53.80206042527186,13.99671065744919,16.83035742098164
2017-06-10,304.91,57.36406497329447,13.983451107303368,16.328883577840724
2017-06-11,305.63,56.41349268897997,13.972270330221168,16.205644272153357
2017-06-12,305.52,55.62439923237931,13.994339807235047,16.692190022504562
2017-06-13,306.84,54.302345823966384,14.002079506665666,16.479318848384448
2017-06-14,304.02,55.13595148651495,13.966867799252944,16.04173164055772
2017-06-15,304.39,52.6415611275376,13.988272570567343,16.146494584468627
2017-06-16,305.47,54.24685112425334,14.001917157072924,16.358866045152435
2017-06-17,305.09,54.91699569512936,14.012526681981388,16.7965659335233
2017-06-18,305.74,53.874546043398894,13.978456443914942,16.118853954022246
2017-06-19,306.46,55.05478738400371,14.014201180209795,15.997853310174081
2017-06-20,305.35,51.55931077589448,13.989619380537428,16.504707075860505
2017-06-21,304.82,51.61650296555083,14.010981105120221,16.220243772169272
2017-06-22,304.72,57.708191758521615,13.991168916609512,16.911766274217687
2017-06-23,306.63,56.364709717561155,14.016981645259403,16.803430446590806
2017-06-24,305.08,54.1323197912891,13.986168008719172,16.87220037192488
2017-06-25,307.47,54.608470788931406,13.990822732647592,17.002983016634584
2017-06-26,305.76,54.05924180189701,14.003142614125505,17.307819094019894
2017-06-27,306.41,55.67169507093347,14.007806623103194,16.745731335266893
2017-06-28,304.57,53.543518639107475,13.980965958011032,16.37573789935991
2017-06-29,304.62,50.921563390170846,14.006366236551964,16.20291087004249
2017-06-30,305.91,54.806960980982,13.98443754252857,16.484233858033917
2017-07-01,304.72,53.693909069742524,14.009981114773574,16.082234679341042
2017-07-02,306.0,53.992313806626925,13.979639422602416,16.361808496628733
2017-07-03,304.15,56.941185881162255,13.989826404697693,16.454656046071683
2017-07-04,306.71,51.50320127620266,13.977329369185263,16.864543635184265
2017-07-05,305.85,54.89516478612224,13.98916872528705,16.603672948101913
2017-07-06,305.68,54.580884489782285,14.002680851217923,15.815347317691533
2017-07-07,306.01,51.28415519934586,13.998964064526879,16.224025947117955
2017-07-08,305.6,55.2483826800547,14.014499253480443,16.798639924646622
2017-07-09,306.09,57.078181245873495,13.997207795347524,15.827845246346785
2017-07-10,304.72,50.40298131644774,13.997542920985845,16.65838668250939
2017-07-11,307.66,55.378502261289526,14.00241376208275,16.639320152551115
2017-07-12,307.74,54.187251554623565,14.0052666804005,15.77526027420015
2017-07-13,305.78,52.80195321993105,14.040441347619797,16.382954712330193
2017-07-14,306.47,54.0900788752899,13.983420108107294,16.839451612668388
2017-07-15,305.19,53.17906749806203,13.993358040365031,16.927377452095346
2017-07-16,304.12,54.71149559706547,14.007118497805358,16.532026497572826
2017-07-17,304.09,57.62536029920516,13.992291413272966,16.11757409519003
2017-07-18,304.8,55.306628373896004,13.996207833774644,16.071143170011187
2017-07-19,304.82,52.94450576212928,14.014455773468267,16.572624834060974
2017-07-20,305.2,55.553361656445084,13.996453673496934,16.555231512161278
2017-07-21,306.16,53.86519694644996,13.984649389225682,16.203500431531225
2017-07-22,305.29,54.51542456849491,14.008112752045733,15.963906368130889
2017-07-23,306.28,54.772614122174566,14.022847470677593,16.956196199186877
2017-07-24,306.73,55.782954307955094,14.019083619541725,16.477494098239635
2017-07-25,305.79,52.99595561644714,14.028934754348787,16.834337346501044
2017-07-26,305.11,56.57911119752409,14.004684928903078,15.855585373454979
2017-07-27,303.94,54.5119572619221,14.005378225456782,16.47978817978025
2017-07-28,307.8,52.95782286856005,13.995029179205536,16.384662947254487
2017-07-29,305.48,54.01055511445486,13.997364208716922,16.734435460609948
2017-07-30,305.48,54.82077750809836,14.002169407892925,16.445898917511283
2017-07-31,304.66,56.15796394467812,13.983204517520326,16.28557982902819
2017-08-01,305.58,56.58397836038735,14.01789269171068,15.91327487844699
2017-08-02,306.06,55.653700960265176,13.980979185377242,16.08569011217761
2017-08-03,304.96,56.165637017659726,14.004550368941699,16.539026870899445
2017-08-04,306.48,54.48329978393873,14.006311581873142,16.871469715967308
2017-08-05,305.79,54.3273436707013,14.005900973793059,16.537090645848238
2017-08-06,304.3,56.798880547738534,13.996569419517694,16.415259818574437
2017-08-07,305.87,55.086057901924626,13.99215433525693,16.709353686166985
2017-08-08,306.58,52.831869958274794,14.002479797845792,16.240786661239575
2017-08-09,305.03,54.1220716674719,13.992477746520105,16.31379809320964
2017-08-10,305.85,53.177497560799985,13.98009778372941,17.235410219130962
2017-08-11,304.81,54.45466319009569,13.997886490684223,16.968043090576536
2017-08-12,304.86,53.04066771179023,14.013506479957934,16.559521428066503
2017-08-13,304.81,52.06035219994036,14.023146588313894,16.440589944106012
2017-08-14,304.94,54.803215620148556,13.990303795282903,16.737689131768164
2017-08-15,306.68,53.36695806406215,14.042400116383396,16.630200777526824
2017-08-16,305.14,57.94177414846315,14.011807967701627,16.641206391477898
2017-08-17,306.42,53.425637643699645,14.005973214095974,16.121455747523342
2017-08-18,305.36,53.381108728795816,14.021431563174728,16.413742519987387
2017-08-19,306.96,49.52499138142069,14.006185596530578,16.037388786483906
2017-08-20,306.38,54.22422048565414,14.005666908600118,16.21839270509519
2017-08-21,305.83,54.16147593248294,14.01737037451622,15.989109779420176
2017-08-22,305.35,55.846950168525744,13.994872752511608,16.731972368872576
2017-08-23,305.5,59.06547194079076,14.012407948306803,16.384828114793077
2017-08-24,305.59,55.9450198858881,14.010219940889014,16.407222653414298
2017-08-25,305.82,56.04108339153038,13.998754989158892,15.95446932028765
2017-08-26,305.06,51.528756480358105,14.009455108460884,17.1778674973141
2017-08-27,306.37,51.72819942939973,14.005469584645292,16.209726593755068
2017-08-28,304.39,53.56890740315482,14.01979601969381,15.803704238163137
2017-08-29,305.68,52.31758752127176,13.981893137557446,16.73437939711507
2017-08-30,306.19,53.86497739195408,13.982008429131568,15.983195380037982
2017-08-31,306.54,55.35600096417517,14.004779957200629,16.347716833253884
2017-09-01,306.25,54.180322466964526,14.027622189998542,16.324300159244945
2017-09-02,306.16,53.54261447435141,14.010100852582628,15.949947378951409
2017-09-03,303.77,52.320222086741836,14.004889858794083,17.21204705511399
2017-09-04,306.6,54.91139397972148,14.017932318900888,17.00883738670385
2017-09-05,306.41,55.08813479561926,13.999365819432255,16.781788862731812
2017-09-06,305.24,56.14300907235628,13.996454380915743,16.883828519789127
2017-09-07,305.39,51.52027037015234,14.000921034794986,16.871693076461266
2017-09-08,305.87,55.135057585707415,14.016105694691193,16.920993690082202
2017-09-09,306.97,52.281444479370606,14.003163783158994,17.12361753400208
2017-09-10,307.24,54.0365991599303,13.998222528143536,16.835242909665144
2017-09-11,305.78,55.72209546607988,13.992743229270589,17.058778918493168
2017-09-12,306.6,51.93850435844201,14.004295937246551,16.560898130518737
2017-09-13,305.2,53.23853174132426,14.000844567313772,16.09438706990298
2017-09-14,304.76,56.722502647461845,14.017576902981054,17.04155451488366
2017-09-15,304.95,56.195421874077994,14.010319572634767,16.88841946518978
2017-09-16,305.71,52.421646850318425,13.989306350822913,16.87599856424382
2017-09-17,306.19,55.85737893078536,13.999953267376956,16.75649425589845
2017-09-18,305.04,55.34059036356885,14.001649425220522,16.322025609468486
2017-09-19,305.59,53.39660490327217,14.007822627614912,16.31346756361076
2017-09-20,304.2,52.51992153024963,14.000628949386916,16.546442314073637
2017-09-21,306.51,55.43469168210599,13.972540653668869,16.48504484947489
2017-09-22,305.83,51.010034204711324,13.992568808705952,16.429966727574364
2017-09-23,307.16,53.42911759523945,13.987707193614336,16.25527260342519
2017-09-24,305.79,54.22861049232092,14.028820974426882,16.482727966401285
2017-09-25,305.74,52.42434593346526,14.003605886486842,16.65021912237717
2017-09-26,306.51,56.60688695929938,13.994629567501413,16.327362488367598
2017-09-27,305.63,51.37219877836756,14.016325738468838,16.094075421123406
2017-09-28,305.18,55.91964857533868,14.01060988311794,16.270355330515997
2017-09-29,305.91,54.364659822200196,14.013348250108743,16.21366119528475
2017-09-30,305.89,55.21974474763594,14.011264473073123,16.37524843311668
2017-10-01,305.02,52.738976750156624,13.965258293511521,16.393337453142625
2017-10-02,305.35,56.47514072996354,13.993876059085586,16.15990770473983
2017-10-03,306.73,55.274144155300625,13.999642830803975,16.98732616185783
2017-10-04,305.46,53.81920739274972,13.967514702415539,16.65937753424383
2017-10-05,305.55,56.32277830986217,13.998814464433657,16.335154891110935
2017-10-06,305.97,53.742095911971724,14.022354770227711,16.46496577926169
2017-10-07,307.17,54.78779740286888,13.983650262758658,16.6596987461148
2017-10-08,306.06,52.15689804108134,13.99804330554648,16.611900101574182
2017-10-09,305.93,54.90518804519432,14.014635630047716,16.119030262453713
2017-10-10,306.79,50.82779930769952,13.990421907786555,16.289257847654444
2017-10-11,306.74,54.42392785527949,13.990079510141252,17.123943578792996
2017-10-12,306.52,51.32940372006483,14.002811079466374,16.010228658123186
2017-10-13,304.16,56.51849143617647,14.02393114471563,16.716243276011767
2017-10-14,306.45,53.40772960037414,13.98677730590864,16.970899775023035
2017-10-15,305.58,52.97690016732254,14.005822928425859,16.231549828317213
2017-10-16,305.79,56.35517882484428,13.9802671072437,16.23185342069517
2017-10-17,306.61,55.42329703693579,14.000081712485022,16.288593856257936
2017-10-18,305.58,52.48240506395551,14.011044682172123,16.139973275834176
2017-10-19,305.1,54.94053633650022,14.011842565088592,16.87219022631127
2017-10-20,305.4,54.41031424088223,13.98957429399254,16.617908839826026
2017-10-21,306.16,53.25350860403116,13.98729733860313,16.368094117737026
2017-10-22,305.96,53.78048986217856,14.003695291401385,17.000401286562273
2017-10-23,305.41,53.12815102789703,13.99144732340481,16.45520219577268
2017-10-24,305.98,54.8814009117075,13.992575048899218,16.874439269917545
2017-10-25,305.21,53.98879524806744,13.994986598054455,16.541843452565878
2017-10-26,306.39,55.59148863035871,14.012088176513249,16.76074704225771
2017-10-27,305.26,53.198941244833954,14.015769541619735,17.24774901915041
2017-10-28,305.04,54.641676957779396,13.994212212803731,17.337684277370176
2017-10-29,305.2,53.23700463129026,14.00495445698401,16.372311052242686
2017-10-30,306.37,52.72616022115624,13.994839712923426,16.4796059080797
2017-10-31,307.69,55.459400274837876,14.008384239253093,17.522591560523953
2017-11-01,306.95,53.448282599361455,13.994133655346513,16.70831128421344
2017-11-02,305.98,55.07506476575839,13.96584468826983,16.760453310431156
2017-11-03,306.2,51.306373012118804,13.976184418380438,15.692798110151003
2017-11-04,305.66,52.51955827817609,14.017619094055194,16.62202693230444
2017-11-05,306.63,56.45182292232069,13.990720698365136,15.988870621842517
2017-11-06,306.97,57.58908891638096,13.990531405063692,16.625477884884795
2017-11-07,306.03,56.636056654061306,13.987670692184166,16.720322243584747
2017-11-08,306.47,52.24314669149717,13.997925128216528,16.296993616794957
2017-11-09,306.69,53.7272452747447,13.973046295498767,16.88823643148065
2017-11-10,304.8,54.707058655260184,13.991313465261628,16.128085012783018
2017-11-11,305.62,51.495302390332334,14.00284234668075,16.54485872360576
2017-11-12,305.82,56.750675823956776,13.993756157988344,15.752350491608818
2017-11-13,305.74,53.7821724943837,13.983931623402958,16.47751196589885
2017-11-14,304.91,52.23955373035559,13.999515087519207,16.620055794320166
2017-11-15,305.86,54.06883756378264,14.003079856042355,16.284831439403035
2017-11-16,306.19,49.65949103899231,14.029415412403882,16.53698482786351
2017-11-17,305.81,57.042243513043246,13.993608910759995,16.413374657373318
2017-11-18,304.69,52.94959120577453,13.985879768375627,16.048196976157055
2017-11-19,306.14,55.253273945261064,14.023413329405662,17.203385399912953
2017-11-20,305.15,55.57496857275799,14.023236357075776,16.67165582119153
2017-11-21,307.12,53.468859715695366,13.987736623370969,17.0319538401016
2017-11-22,305.88,54.09329690531543,14.012262112115083,15.810375291046993
2017-11-23,306.67,55.2212260963494,13.99462134656518,15.881380020073996
2017-11-24,306.14,54.34911291622367,14.02430751057681,16.30724508874997
2017-11-25,306.24,54.828264546425814,14.017837045848244,16.67675755333105
2017-11-26,305.49,53.77453275712055,13.995886683557261,16.122069250515963
2017-11-27,305.21,52.98517335433689,13.995595952032552,16.124913247292312
2017-11-28,305.0,55.0474651225108,13.994467480070625,16.459302658654792
2017-11-29,305.67,56.48980139022609,14.032199296452985,16.57138020142832
2017-11-30,307.46,52.92543223901077,13.97768040920131,16.993956373324043
2017-12-01,305.18,55.36796858863653,13.98253563438088,16.620598915532504
2017-12-02,306.79,53.77673478325777,13.99737729518252,16.187138322678923
2017-12-03,305.35,52.97590892678635,14.028696743068721,16.87617974315151
2017-12-04,304.68,56.23415298699309,13.993534658460721,16.195755776400276
2017-12-05,305.49,53.14907229368079,14.000514181516536,16.110813873284197
2017-12-06,305.61,56.36179103675133,13.978042624069213,16.284113203881805
2017-12-07,306.25,53.091748173796226,13.97607781744702,15.805769133779203
2017-12-08,306.23,53.87323752040565,14.018970043441398,16.31684440744121
2017-12-09,306.79,53.54221399363162,13.996927495462733,16.354927446513546
2017-12-10,307.86,56.55966663523652,13.997294467138106,16.782718007997296
2017-12-11,305.69,54.72785838317351,14.00799723643807,17.162337473237777
2017-12-12,307.47,53.39709677646168,14.011277465959875,16.449775373829887
2017-12-13,306.65,51.585603745983754,13.977196813654368,16.551697591708912
2017-12-14,304.76,56.4831710733085,13.991519745813159,16.511919626284158
2017-12-15,307.04,54.751659712080965,13.987849218322342,16.377171288758884
2017-12-16,305.65,56.75982681431546,14.001290888017458,16.430042918754886
2017-12-17,305.85,53.20985225353813,14.001312403697423,16.96407182960901
2017-12-18,307.43,51.27972419736828,13.985892602051157,16.082589946351952
2017-12-19,306.94,50.964653316600646,13.99864975788505,16.830210491786456
2017-12-20,306.65,52.382520531401546,13.997834058111557,17.136801260337947
2017-12-21,306.02,54.94119127274164,13.996129452565057,16.27384024331785
2017-12-22,305.06,53.821404081970655,14.007603464908406,16.568110342885667
2017-12-23,307.17,53.66195259577045,14.011755807202738,16.789025943597455
2017-12-24,305.23,50.82915823409243,14.033854550501978,16.564455121888987
2017-12-25,305.54,53.16930916568706,13.989071279840681,16.18369812530869
2017-12-26,305.51,52.951896220722226,13.984392134363867,16.242430307652015
2017-12-27,304.76,51.488497194712444,14.004396306541258,16.23859189759399
2017-12-28,307.18,53.25240008174022,13.99965742510813,16.57289853198281
2017-12-29,305.91,53.54768837664509,14.018414484312775,16.28688683474803
2017-12-30,306.96,49.34614675462899,13.984069501696613,16.459012695337446
2017-12-31,307.09,54.73609504584076,13.995427079147877,16.45583023644689
2018-01-01,306.18,72.29421907917981,13.98784025252458,12.172487890435004
2018-01-02,304.6,73.36106462914745,14.013336995804242,12.222259087255235
2018-01-03,306.45,73.47795810919416,13.994090418825733,12.26198292227167
2018-01-04,305.75,74.97004707119207,14.020494687690704,12.330824629553122
2018-01-05,305.6,69.17628450444786,14.012300570428982,12.268343566168172
2018-01-06,306.45,70.2181094274226,14.001008826216962,11.940011763759959
2018-01-07,305.8,70.50224438544936,14.015110053734528,12.078754919134065
2018-01-08,305.18,72.08324574455976,13.9829553736228,11.59885634354019
2018-01-09,304.89,66.48271746191193,13.994099443897168,12.319520065178434
2018-01-10,306.33,72.19763057559591,14.006934250167681,12.208711464782578
2018-01-11,304.33,71.17394469702906,14.015445600166201,11.755510858904962
2018-01-12,306.0,71.35418288787847,14.009320576737696,11.961478828444541
2018-01-13,305.61,73.14808614085591,14.028224642200247,12.048267857754578
2018-01-14,305.01,70.74015787348277,14.02156136678512,11.88094852971753
2018-01-15,305.41,76.90136194291976,13.985927153694238,12.208784501128775
2018-01-16,305.09,72.72895398181929,13.99603374861088,12.31924013148677
2018-01-17,306.88,76.56384349607278,13.990298869805574,12.390377593484144
2018-01-18,306.95,72.51450632217593,14.019629236560764,11.730900744579465
2018-01-19,307.13,69.33220043508503,14.025502923381065,11.907365150329674
2018-01-20,307.18,78.49705418184718,13.986743739799302,12.325395491722771
2018-01-21,306.95,75.23576875688877,14.028458198278235,11.845842062226863
2018-01-22,306.61,71.4354626298955,14.01029289545692,12.553372636965939
2018-01-23,304.96,72.32872814639221,14.001963852969675,12.3776645286346
2018-01-24,306.01,68.81838212173274,13.992125896775836,12.582935360870852
2018-01-25,305.51,72.94077720579715,13.986270182082992,11.95545941678799
2018-01-26,306.65,74.99889890590508,14.01286107747397,12.42228992237915
2018-01-27,307.1,70.10640606457275,13.986847649510933,12.016352095235064
2018-01-28,306.32,71.04282505552968,14.010684219465398,12.341176663792924
2018-01-29,306.11,73.1850778466719,14.009220786688134,11.64343896544129
2018-01-30,305.34,68.91031559239805,13.979088911070553,12.369289066348355
2018-01-31,306.32,70.48879600007052,13.980836659872802,11.81800480961145
2018-02-01,304.52,65.79985807704385,14.001829857246566,12.101868168248702
2018-02-02,306.8,69.47675584516796,13.98524257079008,12.125488685781818
2018-02-03,306.06,71.57550580534505,14.005776604241131,12.34868014230851
2018-02-04,307.07,69.65504271753785,14.022088821540644,12.282645259228
2018-02-05,304.51,72.98127987802707,14.020677932863864,12.133714103269428
2018-02-06,305.71,71.4016021058891,14.00564565948015,12.019922335708651
2018-02-07,305.46,72.71356599540421,13.999973924421326,12.439899902452986
2018-02-08,306.16,70.74449070377054,14.010978597332512,12.437476049007644
2018-02-09,304.96,70.88787928934873,13.98619707632858,12.476703740286828
2018-02-10,304.22,70.2953944504821,14.011524183268651,12.049355629427335
2018-02-11,305.71,71.0187725509516,14.001740132672456,11.909099471172281
2018-02-12,306.04,75.19036476045673,13.99663973025324,12.09080722010639
2018-02-13,306.83,71.66649520026404,13.989984994848273,12.621167601455612
2018-02-14,306.23,71.53077903081476,14.010330937407291,12.261144760654926
2018-02-15,305.47,71.45566972613102,13.974861734811256,11.821822025740632
2018-02-16,306.45,69.55938981361912,13.984934219551723,11.946021411302445
2018-02-17,307.84,71.36441366251984,13.972534704159697,12.325625008272043
2018-02-18,305.21,74.60318637561997,13.997519619671717,12.192321785718875
2018-02-19,304.92,73.00583842391391,13.998959779999144,12.419159132469156
2018-02-20,306.13,71.52642141292917,14.006633736155864,12.302719685386922
2018-02-21,306.01,68.57029407302261,14.007046692645696,12.021220286123363
2018-02-22,305.56,70.42938155851209,13.993510801835884,12.075390968383113
2018-02-23,305.38,71.60693937944579,13.960540225636263,12.489311556709517
2018-02-24,304.98,69.18853266950623,14.01954243444525,11.746402481522459
2018-02-25,305.55,72.29000854830343,14.005689748896275,12.270580861073046
2018-02-26,306.38,69.49655985977712,13.995553237848894,11.88414442908678
2018-02-27,306.23,71.64943704299081,14.008899053428397,11.830330546930055
2018-02-28,304.44,68.43220765928422,14.001373638099537,12.238458863592772
2018-03-01,306.16,71.0878970669228,13.985413839327908,12.055952253509126
2018-03-02,307.55,72.83329531237972,13.995346912183917,12.136862412186483
2018-03-03,306.02,72.40893398233428,13.980786447946278,12.116816283689877
2018-03-04,306.36,72.40170885512921,14.015851325152747,12.242263834406751
2018-03-05,307.16,72.6330140907084,14.017720733471236,12.270453463739168
2018-03-06,307.51,69.42087213767145,14.007210891472372,12.388997979572286
2018-03-07,304.29,73.00394131746756,14.008811115401842,11.701276054348599
2018-03-08,306.19,71.74184230507417,13.993366268959749,12.506856083528714
2018-03-09,305.79,71.4355249255899,14.006951697786532,12.445449520108092
2018-03-10,305.8,77.18670035872738,13.985689586485428,11.938608847043469
2018-03-11,306.57,72.41397572093383,14.007668929960245,11.823763707008492
2018-03-12,306.02,74.05338819528183,13.98343482203609,12.258539774917958
2018-03-13,305.79,74.71366515098482,13.984412796521308,12.001714625091253
2018-03-14,304.51,69.08106341027187,13.995702650109564,11.952621232839233
2018-03-15,305.26,70.83215907775498,14.007898386318605,11.95836798917504
2018-03-16,306.24,71.9748339169847,13.99515227586299,12.492458995731823
2018-03-17,305.79,72.53751852066232,14.000605857338451,12.176837667704119
2018-03-18,305.31,73.89318136004518,14.010674523080503,12.284986339941522
2018-03-19,306.82,72.73839832120112,13.989591175349275,11.942485458501872
2018-03-20,307.38,70.82794091213192,14.03195414695411,12.19483114034661
2018-03-21,304.15,71.48263289524132,14.008313093376016,12.14796537109442
2018-03-22,305.7,74.01646477977077,13.987166591803945,12.356366165051911
2018-03-23,304.69,73.9620030095813,13.99554186262389,12.15165161644803
2018-03-24,306.46,71.9139092786709,14.013242280664956,12.246053006618594
2018-03-25,306.2,72.71972075544308,14.007729776499074,11.904340251110971
2018-03-26,306.34,69.56036246183568,13.996723979796451,12.036240529638217
2018-03-27,306.94,69.41010211999925,13.983703191723153,11.657384411627019
2018-03-28,305.55,68.2227173542611,13.998677380386308,12.053575418401113
2018-03-29,308.38,69.64123993443005,14.00375967205068,11.965044171500352
2018-03-30,306.21,69.1539713001179,13.997015552569891,12.658411176778948
2018-03-31,304.55,68.9788531699635,14.002650441963208,12.075360529069519
2018-04-01,307.26,71.75251451601167,14.003859300031912,11.92667565109456
2018-04-02,306.31,67.85320541157809,13.973148794575168,11.936430821423746
2018-04-03,308.06,70.99504327575468,13.997660221443889,12.327027561471558
2018-04-04,306.1,73.45885653083792,13.99011732002382,12.20619235268205
2018-04-05,307.63,72.93577771372397,13.966202584432084,12.241657768950885
2018-04-06,305.99,71.74086589277844,14.000017469774548,11.963607587018155
2018-04-07,305.78,69.64923290453868,14.010702178033096,11.88108954141769
2018-04-08,305.93,72.27034679828175,13.98125803989429,12.02845259596069
2018-04-09,304.28,72.59415184211778,13.990143181885031,11.88653820003139
2018-04-10,305.85,69.89115892202332,13.991822204145597,12.332221497534436
2018-04-11,306.96,73.02885342617736,14.00790769849396,12.139139605967578
2018-04-12,306.61,69.19008855280426,13.985879969459507,12.372455054993722
2018-04-13,305.67,74.23012108247268,14.014359319424138,12.086356404684185
2018-04-14,305.1,72.26955787981021,14.036702776086852,12.193530164964391
2018-04-15,306.51,72.94225492808575,14.015527565268506,11.977144831612938
2018-04-16,308.48,71.32211090806683,13.992112611488208,12.106660080254121
2018-04-17,305.2,70.12290657183698,13.98319259136361,12.195317281034374
2018-04-18,307.97,69.11791987796032,13.992705157606762,12.108503009816717
2018-04-19,306.5,72.17870473420304,13.988278950279241,11.833941339477072
2018-04-20,305.6,67.01812550683302,13.986424759555954,12.26559446327478
2018-04-21,304.6,70.58121378775934,13.97743912051186,11.924506209418935
2018-04-22,307.25,73.05273700901985,14.002237390927498,12.177071109465544
2018-04-23,306.97,70.36967472942747,13.999827312557374,12.161130452814737
2018-04-24,306.91,70.42978393774163,14.018423840305692,12.219634838087975
2018-04-25,305.92,69.8257645911706,14.00799300280071,12.004302664992665
2018-04-26,305.02,70.76274290847601,14.011537289531601,12.678202340516949
2018-04-27,306.86,67.98486512890922,13.999131322740087,11.67340672600613
2018-04-28,305.97,75.48346053774598,14.004959968386673,11.970798154426303
2018-04-29,305.72,72.93886876210281,14.017352041665145,11.823513132285477
2018-04-30,305.43,71.76887809515631,14.020592217228137,11.762896391539872
2018-05-01,305.62,68.09209613600923,13.991457810656744,12.213845479262854
2018-05-02,306.47,70.32698147454417,13.978748515145808,12.111187815453087
2018-05-03,308.3,71.18128989771304,14.024602167710583,11.56946893853301
2018-05-04,305.46,68.63761049025788,14.016963388823273,12.041840529589233
2018-05-05,305.33,72.78330138598878,14.016078098282746,12.508355048889142
2018-05-06,307.1,74.88750066831366,14.013466313253762,12.25843467777145
2018-05-07,307.83,70.04588197082404,14.015717663650708,12.344599912972777
2018-05-08,306.82,73.22237162780279,14.009035672573233,11.9295750253091
2018-05-09,306.35,73.6868109396929,13.978750441481264,11.982458934366852
2018-05-10,305.07,71.88457306444919,13.987419304886497,12.320634120417356
2018-05-11,305.74,72.0316679166769,14.003703989394646,12.240983884564308
2018-05-12,305.03,75.86286624668162,13.99833884325066,12.606710365056514
2018-05-13,306.85,68.72080678520848,14.013573874220567,11.81583119238502
2018-05-14,306.18,70.16344962362972,14.03141240862515,12.25671990647452
2018-05-15,305.76,71.82464044198433,13.974221547571354,12.202379875713167
2018-05-16,305.57,69.26626393875334,14.006577336047027,12.3479041531123
2018-05-17,307.87,72.53449812097902,13.982555879490953,11.780928376432994
2018-05-18,306.61,70.94250700358617,13.989357340811962,12.022011586064332
2018-05-19,306.0,73.47155152291396,13.993651753428944,11.899129021628866
2018-05-20,306.06,73.69857367860484,14.01168994999079,12.319116699911335
2018-05-21,306.27,70.2902200653129,14.014518259726827,11.905113301913572
2018-05-22,306.81,69.10635331530676,14.012342135267682,11.532502604068513
2018-05-23,307.38,69.29416018467707,14.01025633461736,12.00866805926817
2018-05-24,305.36,73.12329739451431,13.995754865799146,12.057757536237013
2018-05-25,306.83,71.26712170682536,13.98747862155592,12.13751926918135
2018-05-26,307.57,68.34982843638159,13.980999047447837,11.981835845783372
2018-05-27,306.03,69.6709366755994,14.015871573493037,12.00185216344978
2018-05-28,306.01,73.29478423918502,14.00381365200985,11.860456523340755
2018-05-29,305.85,73.55940267270887,13.998208942591264,12.314787961910698
2018-05-30,305.91,70.17665985701075,13.982682808043464,12.75007882034618
2018-05-31,307.07,72.38897791024237,13.988834154186872,12.211758956729854
2018-06-01,305.21,71.48938358581543,14.006550013876565,11.841823489916402
2018-06-02,307.09,72.46233631195717,13.983063834854583,11.752785272883356
2018-06-03,305.74,69.76976731000401,13.997008382917214,12.069482419672571
2018-06-04,307.1,69.19614825037824,13.990430677669007,12.19265764175668
2018-06-05,305.85,66.16110920320126,13.994292923232575,12.031956355604274
2018-06-06,306.23,69.86133585431567,13.995943139168729,12.568103839929307
2018-06-07,305.79,71.81802921814963,13.988278561386059,12.476050773448968
2018-06-08,307.42,73.41813697443521,13.983677620878746,11.750031029664296
2018-06-09,304.81,68.67215986548598,14.002039564056211,12.095462111541211
2018-06-10,306.57,77.86431319848603,13.990424854156531,11.891156962917417
2018-06-11,306.53,71.15837899024635,13.991109373789218,11.99255965604886
2018-06-12,306.74,71.95969444602994,14.006986971736904,11.86406831253332
2018-06-13,306.28,73.79625971410637,13.956003325969487,12.403782737860928
2018-06-14,306.62,72.36710211799658,14.009413540623813,12.148737535348122
2018-06-15,304.05,70.6692334076725,13.98497285691184,12.286436329055288
2018-06-16,305.2,68.58050936158524,14.005363630147862,12.452472370789872
2018-06-17,305.38,71.08419050316525,14.005217581927756,12.206896213224303
2018-06-18,305.98,70.7693119218784,13.997585246274573,11.93117139808719
2018-06-19,305.75,71.19777854905793,14.007553002406143,12.401499218151086
2018-06-20,305.99,71.69236001621451,13.999823370319273,12.326239480033367
2018-06-21,306.4,72.6922491512556,13.991733341421916,12.325668836319323
2018-06-22,308.22,71.6568770576327,13.993881885580407,12.283511594065805
2018-06-23,307.36,72.61692444400447,14.00247690011456,12.034367817821138
2018-06-24,306.19,71.97800541128363,13.988998338312724,11.987720370480137
2018-06-25,305.93,69.29457199300323,14.019282482368165,12.218696879230144
2018-06-26,305.85,69.63193849191751,13.989725380548366,12.19771487931899
2018-06-27,304.6,71.4016859296398,14.001172083836009,12.130845081098062
2018-06-28,305.1,71.60447206054155,13.997727734203368,12.235160079794689
2018-06-29,306.11,73.06969063616678,14.007464791687003,12.125083703496337
2018-06-30,304.33,70.36534412691883,13.97721970442076,12.300738647564444
2018-07-01,305.57,73.58917577778574,14.002008516603478,12.053190191470947
2018-07-02,305.61,73.60926014983552,14.023576913616381,12.291207047773941
2018-07-03,304.92,74.2051548794109,13.964879721563378,12.501798419054417
2018-07-04,305.92,70.7043731351185,13.991226866284858,11.723794026772744
2018-07-05,307.5,73.22438777251622,14.00996166647667,12.156920202919254
2018-07-06,307.33,69.56811807559892,14.016332308479043,11.501201609416144
2018-07-07,307.05,72.99068150499701,14.006324288006368,12.17279396669488
2018-07-08,305.61,73.99380629890321,13.978148494138308,12.48458413593388
2018-07-09,306.75,72.34871608053368,13.99611725659319,12.31750184083499
2018-07-10,305.17,73.18283753109898,13.991302983427202,12.211496427063757
2018-07-11,306.61,72.61186153846292,13.993309085997545,12.274771997230634
2018-07-12,306.62,70.66345276019345,14.002865392110047,11.78124906315562
2018-07-13,305.78,73.10090417708945,13.993392725268038,12.29057113751159
2018-07-14,305.27,71.27229916506944,13.99520683058202,12.137134247308378
2018-07-15,306.68,70.34927808921194,14.002529713156944,12.276236941148174
2018-07-16,305.94,72.94645940775543,13.982783486594839,12.03624850871182
2018-07-17,306.97,72.15244845757483,14.012415983024542,12.197545262364136
2018-07-18,305.64,67.28175235622263,14.000982951328467,11.841529628782366
2018-07-19,305.83,71.82426883861982,14.00100870653102,12.538405011033381
2018-07-20,306.47,74.27942608389931,13.996055616218504,12.446083186747718
2018-07-21,308.27,69.91403534182399,13.99668579773956,12.015780980482619
2018-07-22,306.41,69.61242285438914,13.995923260133889,12.417233693808427
2018-07-23,306.11,71.26408129268755,14.006398922758187,11.546076890040405
2018-07-24,305.29,70.4789182801254,13.999668423693878,12.230213782519039
2018-07-25,306.57,71.53010159915185,13.991128703563005,11.764476609342262
2018-07-26,305.41,71.89977151074918,13.991462880911973,11.787592020509722
2018-07-27,308.1,74.00145203743787,13.978354180712838,11.808853024454809
2018-07-28,307.76,69.13760413157301,13.991703891008271,11.959719422399512
2018-07-29,306.09,70.0723633286652,13.979750294496913,12.488075870764677
2018-07-30,306.38,72.37587738740444,14.007811129053716,12.35671219061637
2018-07-31,305.55,68.71457942616784,13.988417501530165,11.990018359442026
2018-08-01,306.61,68.77721250088457,13.995006580475279,12.35959383735471
2018-08-02,307.83,69.7884765852409,14.001925080760707,12.099604112846654
2018-08-03,305.23,73.16201582630266,13.992951990333445,12.411377190317431
2018-08-04,305.95,71.49544713365118,14.021901436672795,11.828632694278884
2018-08-05,305.5,73.03568886698935,13.99112338963945,11.651390021172928
2018-08-06,304.65,71.27891871396146,14.002125783251847,12.171895713976019
2018-08-07,305.68,70.37268389904955,14.002111958264084,12.089919778616979
2018-08-08,306.75,72.67003595703163,14.020741849178988,12.07520276017887
2018-08-09,305.68,70.56776938287645,14.002701200583413,12.083025455143208
2018-08-10,305.59,70.48577803253279,14.03606973122589,12.233833343957695
2018-08-11,306.35,70.36209793779348,13.996282151313048,11.482318833313537
2018-08-12,305.34,70.70281768548811,14.011442190023269,12.329988272397136
2018-08-13,308.1,73.62238306995933,14.023529559369011,12.229400389576707
2018-08-14,306.34,71.83483049530396,14.01327117005355,12.089203090970457
2018-08-15,306.06,68.9558590434624,14.011545010009373,12.23191341111028
2018-08-16,306.46,73.89505916680616,13.992301388773154,11.873778747328167
2018-08-17,305.91,73.75878631206652,13.967176117731825,11.871258845397135
2018-08-18,306.05,69.08641275398227,14.00784773497402,12.127901980330844
2018-08-19,306.67,66.83700445183796,14.00708812636584,12.100115496732721
2018-08-20,308.31,76.89169831772443,13.99512313446939,12.335877283860903
2018-08-21,306.18,70.79397539418679,14.016003062137331,11.842523482212709
2018-08-22,305.98,74.78547114172403,13.99010320218346,11.963807399840137
2018-08-23,306.14,68.42576550639689,13.975265784113502,12.46920864246443
2018-08-24,306.34,73.32436956152982,14.015101193612283,12.167278462852305
2018-08-25,306.55,72.00123889675451,13.99001882891672,12.101042143443545
2018-08-26,307.38,72.99884299774479,14.000548172375582,12.040363150373453
2018-08-27,306.19,71.36080235587302,13.999270802307743,11.457839665019172
2018-08-28,306.12,66.70501649745404,14.005757859799356,12.04060668747329
2018-08-29,306.72,73.77863521851434,14.012675728240165,12.180237195174733
2018-08-30,305.87,67.7659570996743,13.99419744853607,11.682588071432944
2018-08-31,305.15,69.70503588016037,13.994633954056697,12.081774001096381
2018-09-01,307.13,74.45810817518961,14.007614050629746,11.952247250597877
2018-09-02,306.67,72.3982829117535,14.011627035900446,12.235385550717695
2018-09-03,306.38,71.94416166989053,13.984845064122776,12.068687949625504
2018-09-04,307.27,73.6588201496772,13.985844312951324,11.943801490731705
2018-09-05,306.05,69.83399435496707,14.00225353676729,12.078123331139597
2018-09-06,307.98,72.05095937278325,14.01830975200509,12.402107695419968
2018-09-07,305.79,71.95712131691677,14.017187569479841,12.038300852931162
2018-09-08,304.81,70.06975660391257,14.001508472986893,12.092129520726846
2018-09-09,307.26,71.56731048118537,13.991975291422994,12.489347920578927
2018-09-10,306.73,71.64118950962111,14.021174775031074,11.973266675076749
2018-09-11,306.61,75.3872793760304,14.013190235992566,11.843183191865712
2018-09-12,307.02,69.73334663090222,13.98160389097373,12.00067781928004
2018-09-13,307.72,71.08360841484038,14.001648815624083,11.936170812339393
2018-09-14,305.47,67.36446346127101,14.008563195135705,12.233024590911732
2018-09-15,306.45,68.39497513756606,14.01791883478681,11.916266465685544
2018-09-16,306.65,71.19465032407999,14.019805966717717,11.785043032418377
2018-09-17,306.27,73.377029123076,14.034033715166316,12.041742590784445
2018-09-18,305.55,72.73769030119095,13.994620653094206,11.92651020115827
2018-09-19,306.45,72.29902466146594,13.971290911453444,11.818311443586145
2018-09-20,306.19,70.842753238007,13.989178081139249,11.734025404779182
2018-09-21,307.18,68.96235219517719,13.983765490488624,12.188710037273387
2018-09-22,306.45,69.11175065512143,13.984495851582102,12.36467693844939
2018-09-23,306.4,74.53964848289202,14.00177779200371,12.255682017752392
2018-09-24,306.39,71.40386318902347,14.00015107340609,11.740153322206124
2018-09-25,306.93,69.41874768098758,14.002416823059706,11.882648162415594
2018-09-26,306.05,70.40721234762637,13.982622855999761,11.83664745765619
2018-09-27,305.79,71.75616889265328,14.009187446609394,12.200797567636554
2018-09-28,305.49,71.92052174346846,14.002111599664946,12.679790968423791
2018-09-29,305.64,68.31601403314066,14.00694298641284,12.377804391802727
2018-09-30,306.52,71.96767871060764,14.011246466782707,12.138992766185098
2018-10-01,306.28,69.69226479991701,13.985389944176683,11.790261625338719
2018-10-02,306.53,68.43971956996052,14.019090486923652,11.87050274348572
2018-10-03,305.91,70.6012467688635,14.003429622085582,11.901504894457752
2018-10-04,307.49,67.88623961090993,14.004830292971846,12.22235437565599
2018-10-05,308.25,69.10278390538853,13.97514060023613,11.708699376503024
2018-10-06,305.0,74.58009803221206,14.02786909157626,12.087740157249522
2018-10-07,306.41,71.9088132115509,14.002886642172099,11.646308673000938
2018-10-08,307.24,69.15457254133533,14.037065420593251,12.256697402607712
2018-10-09,306.69,70.43680357569285,14.017969414134612,11.963322063401609
2018-10-10,307.32,68.79911683364662,13.992117438788226,11.916727831593361
2018-10-11,307.87,72.7815703687321,13.991684756249228,12.141454719341638
2018-10-12,305.97,66.94995962022341,14.009083968578931,12.147973888487613
2018-10-13,306.45,69.78596498637738,13.988044212021999,12.043324612065616
2018-10-14,306.15,71.44824953785611,13.985912569497804,11.704542273161726
2018-10-15,306.47,72.20221868689411,14.009944866253164,11.964465222922708
2018-10-16,305.73,72.2384078724202,13.98809829484817,12.269245510049762
2018-10-17,306.92,70.15236164145544,14.019158233823031,12.26441263979166
2018-10-18,306.18,72.98972231763501,13.964195034623657,12.195355065454716
2018-10-19,304.37,71.40069519844924,14.02668697501041,12.257315622404052
2018-10-20,306.74,75.98743935068217,14.000933742438237,11.881710554861987
2018-10-21,306.61,75.01208950087974,14.014502676137216,12.143473019114294
2018-10-22,306.43,72.040459349954,13.98028379395922,11.996754134521517
2018-10-23,306.18,72.72700683734887,13.9923293277724,12.2727351761338
2018-10-24,306.64,71.82128786950183,13.995104141273236,11.684552217856591
2018-10-25,305.54,76.25597063163191,14.002675193690182,12.34793643017525
2018-10-26,305.63,68.38973159902656,13.964847349843218,12.239634034006619
2018-10-27,305.26,72.88649065821143,14.003428954012586,12.08749581751626
2018-10-28,306.79,73.68562659070436,13.98349417966414,12.010957573774666
2018-10-29,305.78,72.53008794101113,14.017023184160013,11.92919752600478
2018-10-30,307.83,69.03027366722432,14.013780312828052,11.697530206732376
2018-10-31,306.58,74.68644989264297,14.016589977987271,12.443053937428374
2018-11-01,307.56,68.57971546243478,13.996654087913381,12.195685623784545
2018-11-02,307.61,70.97963246852694,13.98819953568796,12.266348545653642
2018-11-03,308.35,72.46371476599255,14.000555741551509,12.485201027861578
2018-11-04,305.74,69.78488518679224,14.001062349727269,11.800946537126938
2018-11-05,307.4,72.74472957325654,13.99598958967022,12.103317183888596
2018-11-06,307.57,70.8325617513052,13.997943032361071,12.132154628536798
2018-11-07,307.2,70.97087844183015,13.997644255258699,11.849679327028197
2018-11-08,306.3,77.83397204295602,14.021022224160223,12.259811955413653
2018-11-09,305.69,71.6012082333339,13.976713038879417,12.209785248764513
2018-11-10,305.9,69.91983933536311,13.983055972666639,12.258956950111212
2018-11-11,305.04,72.79097669736177,14.013165335476781,12.286698982790622
2018-11-12,306.32,71.19434996102086,13.97791124506886,12.221170008123124
2018-11-13,306.51,74.04889356780487,13.999642276476077,12.416994109806062
2018-11-14,307.89,67.60890733559108,14.004810449207879,12.09032729905313
2018-11-15,307.16,72.73470535002762,14.011062887276166,11.889145623842573
2018-11-16,306.25,69.78211417730498,13.957929923948045,12.281843542689082
2018-11-17,304.63,66.12309896287171,14.033078742907625,12.132997043688675
2018-11-18,307.12,71.09419016628888,14.00157564925751,12.048124528934235
2018-11-19,308.05,70.833047323597,14.000284543606393,12.159041476905493
2018-11-20,307.63,70.65747637846329,13.988164869069562,11.856939934086881
2018-11-21,306.08,70.28419007349956,13.994489178609813,11.872269860626778
2018-11-22,307.81,73.6351212179811,13.999593193491025,12.205086831021182
2018-11-23,306.75,69.28945506927991,13.996681920236904,12.44901015335406
2018-11-24,307.17,73.80879627813572,13.996429060880198,12.030397340960072
2018-11-25,307.9,70.30046833047709,14.000672995484072,11.898152391858758
2018-11-26,306.7,71.44525436164331,13.99926945227867,12.178301888153
2018-11-27,307.38,69.73844534178065,14.005372011569195,12.551607554917645
2018-11-28,306.74,69.05921387090623,13.993168813708097,11.809372420310432
2018-11-29,305.98,72.85496471267722,14.007755695639956,12.238162437186798
2018-11-30,306.83,73.37065482699423,13.97960840424505,11.680418947309105
2018-12-01,306.37,71.51072130191959,14.004947466887895,11.960515047672313
2018-12-02,307.67,69.97639723256395,13.969141830489475,12.048759933524684
2018-12-03,305.93,68.65666836834149,13.989236550242808,12.179225410790313
2018-12-04,306.15,75.16987311796632,13.9875733311514,11.964385133755314
2018-12-05,306.43,73.71079549337108,14.020507917665354,12.383622398479606
2018-12-06,307.74,71.25711757810035,14.043630297587505,12.19104581339067
2018-12-07,305.13,72.80613219428584,13.997630707546076,12.309757284295388
2018-12-08,305.42,72.28617228624589,14.00448149070219,11.990142993780886
2018-12-09,306.28,71.88543852845697,13.988090728660906,11.891131108961234
2018-12-10,306.35,72.31868047253784,14.01557513578497,12.1302988903373
2018-12-11,307.02,70.78637126112827,14.004984182346911,12.07712182269531
2018-12-12,306.65,73.40582873059361,13.996496300179695,11.681546376292117
2018-12-13,307.38,70.35557992567755,14.015263203712852,12.140750570002744
2018-12-14,305.31,68.90429599184979,14.015011130119902,12.004244424202838
2018-12-15,307.03,76.25520257540646,13.985287119519143,11.90296995386127
2018-12-16,305.93,69.96629489044041,14.026430077262527,12.089176535585374
2018-12-17,308.53,69.55986394924618,13.985306996355376,11.70864790855787
2018-12-18,306.15,73.52653207068761,14.027614506579482,11.818131660431398
2018-12-19,306.79,71.55089232485533,14.012498102033453,12.349463333685371
2018-12-20,307.07,71.07851447244002,13.970666697601493,12.034848489556763
2018-12-21,306.67,72.19352474091174,14.018124097574765,11.876261932794481
2018-12-22,306.27,72.56978205903987,14.00357597803335,12.146275938058219
2018-12-23,307.86,73.62644338584528,14.000422829001085,12.239069761733782
2018-12-24,306.88,71.07158454668331,14.004044702951596,12.025974711343377
2018-12-25,307.85,71.37818748437316,14.019955835139607,11.905899410036577
2018-12-26,307.8,66.98800919484647,13.993331363395823,12.046267834785688
2018-12-27,306.44,70.97845005703235,13.981408844637379,11.986462111478382
2018-12-28,307.93,72.93675169092742,14.007231608751486,12.239895527476477
2018-12-29,305.04,71.04882186346548,13.99283877212094,12.785332886033444
2018-12-30,306.52,69.55069025908436,13.995181788035202,12.20162413857071
2018-12-31,307.05,69.12531341622748,14.030226319944626,11.832542397892809
2019-01-01,306.62,62.954152769427374,13.533842571490123,10.89212553006179
2019-01-02,307.41,65.15748186496592,13.501373674863201,10.959440125773591
2019-01-03,305.28,63.99548736520354,13.511816089834728,11.394690842670501
2019-01-04,306.97,66.11466978492273,13.4866824620824,11.673445212441132
2019-01-05,306.78,71.53189648489459,13.487509781585214,10.850712262669866
2019-01-06,307.39,66.82199890610268,13.504880998077695,11.827351552707373
2019-01-07,306.08,63.50003426306673,13.51313659541517,11.295842568421476
2019-01-08,307.03,64.73119295853839,13.504830083118224,11.541813314257256
2019-01-09,305.36,63.021379660934194,13.498277897307371,11.343779177997227
2019-01-10,306.8,65.2866618254057,13.499139479459346,11.691989317263864
2019-01-11,305.54,65.30443578689648,13.498604158564776,11.576585196977716
2019-01-12,306.29,62.603215454595855,13.473543633185376,11.33819248034023
2019-01-13,306.78,66.95243882512617,13.476894240097744,11.355856161374295
2019-01-14,306.65,61.21775371684087,13.478133189148808,11.159511679865652
2019-01-15,307.01,64.01898532326398,13.501774001478534,11.216620817086396
2019-01-16,305.5,63.84226698842931,13.50465933073221,11.462049288449602
2019-01-17,307.48,64.64331568385062,13.503425984760655,11.306317626181858
2019-01-18,307.26,65.73751575724083,13.491994449768711,11.529343619076691
2019-01-19,308.1,63.902196249748975,13.491517702708432,11.32870101002059
2019-01-20,305.76,67.08767508901464,13.492276434694055,11.639960594320282
2019-01-21,305.01,63.53683463771215,13.507297019142642,11.068182815631978
2019-01-22,307.75,65.1971519773283,13.488723710639901,11.35068152271958
2019-01-23,307.87,68.75728551846709,13.519638998460765,11.56857514141658
2019-01-24,306.82,63.00405909329039,13.50003599534109,11.718597839999228
2019-01-25,307.44,62.96911796742225,13.520567473068503,11.502899789805822
2019-01-26,308.84,66.0555707025424,13.512846033150526,11.30551590440502
2019-01-27,307.25,67.17588718138751,13.48480991031126,11.326542705016163
2019-01-28,306.52,64.74218645311423,13.501312352672905,11.473953179685347
2019-01-29,305.76,67.98866082054938,13.490373089274554,11.549771741680559
2019-01-30,305.43,64.23608528454426,13.4941303210233,11.37288278378373
2019-01-31,306.83,63.08062529508566,13.4878474597756,11.227054542245511
2019-02-01,305.81,64.16518218927703,13.4976434508761,11.57214358602512
2019-02-02,307.61,63.68035382940279,13.487478585215996,11.462972641089088
2019-02-03,305.61,60.77269820578322,13.51887599119709,11.222950551869241
2019-02-04,307.31,62.514468814579125,13.520695274013718,11.462302225338844
2019-02-05,308.4,62.705802145643865,13.515065004693366,11.13852748077029
2019-02-06,305.58,67.97161390885614,13.499802180902636,11.577793569981555
2019-02-07,306.54,61.46682427353614,13.499537083939291,11.205284647133169
2019-02-08,306.25,63.319997401100366,13.516697508743686,11.557547882242883
2019-02-09,304.89,64.35620051164693,13.496508942213719,11.407761928547522
2019-02-10,308.11,64.72906035805136,13.517171471997402,11.650657041117372
2019-02-11,307.15,61.869393094260495,13.490765856729553,11.731170944210914
2019-02-12,307.92,62.09430101094273,13.477384560184724,11.034778531745436
2019-02-13,306.61,70.75091820345666,13.510847736739082,11.184235356984898
2019-02-14,307.49,64.96466204638949,13.509179875439687,11.331856294208768
2019-02-15,306.71,63.18667283263209,13.506777800095243,11.659396764716496
2019-02-16,305.22,63.374785614237304,13.459484291690485,11.741298364050571
2019-02-17,306.0,64.65026774130256,13.49026102534592,11.023489831134402
2019-02-18,307.74,64.4237980014601,13.501888599918571,11.322856875500218
2019-02-19,307.38,64.36412916301244,13.48136599650896,11.329592343770733
2019-02-20,306.87,69.72465922213394,13.506611675792653,11.47435407637103
2019-02-21,306.92,62.61992806328556,13.489914409196944,11.219890936920612
2019-02-22,304.77,65.93748056043215,13.506843068305972,11.649975536102012
2019-02-23,306.3,63.914586541255524,13.51572461455057,11.107792761158722
2019-02-24,304.62,64.17504756671656,13.504850955201485,11.350575267099222
2019-02-25,306.81,62.72230185973858,13.516416777658078,11.956182439140315
2019-02-26,307.26,62.308789428468316,13.514471723535399,11.443802976058052
2019-02-27,306.5,64.8311602891896,13.509122532614123,11.247998219473788
2019-02-28,308.62,64.74836252102499,13.511239316557113,11.392045185808108
2019-03-01,305.37,66.8364783943083,13.498138587728262,11.372003179548454
2019-03-02,305.81,63.506241130914745,13.502831318225649,11.393581802737575
2019-03-03,306.67,63.491990024950994,13.5079990395809,11.084111862029829
2019-03-04,307.31,62.381667130599425,13.489578403880092,11.633661518870333
2019-03-05,308.69,63.619694095323254,13.493870371247073,11.372742255287886
2019-03-06,307.46,62.5544078238095,13.48737580123152,11.180339481342324
2019-03-07,306.51,65.34242154732641,13.491391360522536,11.567429896823253
2019-03-08,307.22,62.96177244186194,13.490050852148542,11.024974581981432
2019-03-09,305.78,64.4129595328689,13.519193854790359,11.364640656904701
2019-03-10,305.36,67.04577517533666,13.501027781459152,11.71311340947331
2019-03-11,305.14,63.266405128635064,13.49131465488518,11.616579811587709
2019-03-12,306.39,62.298177575159066,13.49287962658134,11.787646734055807
2019-03-13,305.41,62.525305244857734,13.523419521555969,10.930233802267157
2019-03-14,306.56,64.37315746196636,13.522298967313365,10.993032824461098
2019-03-15,306.03,64.08180234989058,13.489400232030265,11.059307630018475
2019-03-16,307.84,64.15226987933659,13.49945393284879,11.835197075790347
2019-03-17,306.98,65.41427265498403,13.489809122889199,11.200316843077903
2019-03-18,307.02,63.93560108157538,13.504756964629943,11.345996210091263
2019-03-19,307.87,62.55879131378088,13.506888496757655,11.767309718796996
2019-03-20,305.41,64.1363781751836,13.489963666169379,11.885105306073125
2019-03-21,305.89,65.16864460926627,13.488390460395648,11.695614663141711
2019-03-22,306.16,65.19224544726099,13.491571755787476,11.417106255738062
2019-03-23,306.46,68.0291235540861,13.4998722599502,11.582861279124364
2019-03-24,307.17,62.52454574122974,13.489230791544673,11.867794770296888
2019-03-25,305.09,61.88331053689636,13.499914149877151,11.294668356942807
2019-03-26,306.61,64.66285985389919,13.504541977884431,11.622001237080447
2019-03-27,306.06,60.6987126175468,13.505032392280965,10.943941179197164
2019-03-28,305.42,62.991891634784,13.481100702709114,11.434657171339378
2019-03-29,308.14,64.35658491652782,13.477076288227355,11.044764271056357
2019-03-30,307.38,59.74612115979763,13.514148537145973,11.356240114592168
2019-03-31,305.92,65.23107341186126,13.51185889533727,11.505859301369814
2019-04-01,308.71,64.65676941146573,13.497453837378327,11.462269168410936
2019-04-02,306.19,62.012756325732106,13.481559561034349,11.618941147310386
2019-04-03,305.66,62.49289910767489,13.495551294842313,11.159830965601376
2019-04-04,307.31,61.629158873249885,13.510268402846142,11.494018109387154
2019-04-05,304.85,64.25949930145525,13.522701882472047,11.337974170113089
2019-04-06,305.65,62.66857111908092,13.512387126988468,11.64184724924812
2019-04-07,305.89,64.9345351544902,13.497806886086915,11.448694910093094
2019-04-08,307.05,65.288478648974,13.48856372028262,11.449056730751476
2019-04-09,305.51,59.59323067053124,13.501917285231226,11.353091406496645
2019-04-10,305.14,67.13779852026066,13.496218605326504,11.213528011072068
2019-04-11,306.8,68.48751584148157,13.477416107020943,11.508857636439842
2019-04-12,304.12,66.25841554253056,13.505085348326318,11.185152157195269
2019-04-13,306.96,65.37363787199392,13.499862270881332,11.606934818706208
2019-04-14,304.77,63.85093497817809,13.491643188308998,11.55499334885495
2019-04-15,307.04,61.24149644515844,13.502705661510573,11.439407887154493
2019-04-16,307.26,66.11406256274987,13.516911847943998,11.421368464652899
2019-04-17,306.41,60.468251833781856,13.505425958441641,11.540836741303986
2019-04-18,307.75,64.42136427495267,13.479656149370184,10.925822623087056
2019-04-19,305.31,63.815387480671866,13.488584185379237,11.290028688151846
2019-04-20,306.87,64.44234209805892,13.509102133904078,11.718789768458578
2019-04-21,307.53,65.40637990142193,13.489285387953544,11.504451849551494
2019-04-22,309.04,62.95314947654614,13.483274180128236,11.571618781719005
2019-04-23,305.5,65.11210257225757,13.505619979619114,11.693840860864823
2019-04-24,306.27,62.872009092801704,13.505453359701399,11.585306081797855
2019-04-25,306.62,62.19568759849217,13.496402689011319,11.428785200409928
2019-04-26,307.42,63.13503067113181,13.5023852456183,11.082976614815731
2019-04-27,307.36,66.49097567696566,13.488650647470067,11.050916742456865
2019-04-28,306.41,61.51201505022618,13.500942067111719,11.219280113032607
2019-04-29,305.23,63.16483492839272,13.509597452550063,11.60146379919664
2019-04-30,307.48,63.37402802501462,13.510102468430377,11.829174111057396
2019-05-01,306.24,64.60575529244815,13.499901159128756,11.601107590599952
2019-05-02,307.46,64.00804797644598,13.49520474897211,11.447102931609946
2019-05-03,305.54,63.85864548726375,13.509972621945403,11.497947543595336
2019-05-04,306.47,61.27936621681525,13.48050482499674,11.597167455664422
2019-05-05,306.06,65.41271778181206,13.485165897387153,11.798866452211453
2019-05-06,306.81,69.72999581969952,13.494157668023739,11.43112226617909
2019-05-07,307.73,61.21423720838871,13.512383200064747,10.92148768116085
2019-05-08,307.28,63.48012459454538,13.517364699469084,11.232368264645624
2019-05-09,306.68,64.64325617380594,13.491537359325747,11.529212793003667
2019-05-10,307.04,66.99277598523571,13.50496893183776,11.47979021439546
2019-05-11,307.09,63.21560853566895,13.481295363139154,11.47601959662986
2019-05-12,307.73,63.33680213163297,13.524662282184662,11.385561766413145
2019-05-13,307.06,59.51199113434619,13.505066270927552,11.065090078728636
2019-05-14,306.53,63.0239690599597,13.503442738454792,11.396975597300521
2019-05-15,306.64,66.57700326126121,13.502576593906984,11.87433565465582
2019-05-16,306.61,64.87098680460535,13.506498024000924,11.63567164085686
2019-05-17,307.84,62.32037553849853,13.506647504887107,11.533435186396098
2019-05-18,305.18,65.96887690408839,13.508495635989483,11.183838808861397
2019-05-19,308.04,68.12386733201843,13.481398093357233,10.904244392953897
2019-05-20,307.82,66.02558714541685,13.4782379491733,11.378743330723449
2019-05-21,306.63,61.78731043490836,13.47519684237045,11.680486039607215
2019-05-22,305.63,63.38590775083127,13.49066466468156,11.59266631338167
2019-05-23,305.74,61.62160834888488,13.516920180296859,11.866695803572169
2019-05-24,307.08,63.31809287716593,13.504202331768827,11.273658845177255
2019-05-25,307.39,62.962467087001656,13.501431025522779,10.962998319555687
2019-05-26,306.87,64.77221244698798,13.524941205400859,11.20575843663331
2019-05-27,305.85,65.5326728187578,13.510991790228564,10.998712513521442
2019-05-28,307.05,61.38239662720102,13.486063563530696,11.66532178507247
2019-05-29,306.36,63.74094580093494,13.482120999401287,11.50168555010518
2019-05-30,307.6,65.39852425087557,13.487388147247916,11.351406602312164
2019-05-31,306.67,64.0507428053646,13.480615314993694,11.792999643697899
2019-06-01,307.24,63.634787607277694,13.541386976889308,11.395040140491792
2019-06-02,305.35,65.71761026101656,13.490284060631675,11.266607691469403
2019-06-03,304.83,63.345484506585045,13.501886345144221,11.236218842102527
2019-06-04,305.72,66.11865541394258,13.493456578228459,10.95384727941661
2019-06-05,306.99,62.64127598996126,13.485346580720307,11.242361910083542
2019-06-06,306.1,64.19219531784142,13.48911246807972,11.111466391453163
2019-06-07,306.65,64.62790060841364,13.49988819471557,11.025775117562526
2019-06-08,306.97,63.57530208769107,13.482775695836823,11.494655367053147
2019-06-09,307.14,62.125720400439064,13.509740128707657,11.526356412585425
2019-06-10,306.4,63.36928244871168,13.50290331476069,11.46576375918308
2019-06-11,306.06,64.00127393153001,13.513336966782,11.147436160385052
2019-06-12,305.92,64.1720291539312,13.507137524353586,11.385896876395009
2019-06-13,305.48,59.49492712306269,13.505922961325435,11.149197919627786
2019-06-14,306.63,63.42247874804974,13.474225804718348,11.265165327223007
2019-06-15,306.35,63.24775786212971,13.485281004084186,11.31288234433243
2019-06-16,306.3,62.19530091051375,13.499939044580533,11.196740770996621
2019-06-17,307.23,65.2707267385389,13.50635337514569,11.158646178972674
2019-06-18,307.6,67.51503542928027,13.474943788463648,11.167491416844808
2019-06-19,306.38,64.68526770218389,13.505117299389017,11.40599529666765
2019-06-20,308.11,67.96830952170232,13.511259453722264,11.616649346961196
2019-06-21,307.28,67.46196640659454,13.503042567874468,11.642223544237622
2019-06-22,306.75,62.58502505847848,13.48995794424344,10.916805007581383
2019-06-23,307.66,62.04432757509734,13.480976428794955,11.560614402044283
2019-06-24,307.38,63.425607351239,13.497120975682236,11.746416195142741
2019-06-25,307.5,62.432440738582216,13.525001318577416,11.29881471951618
2019-06-26,307.32,62.68598194367732,13.518540193066464,11.112580179329838
2019-06-27,307.18,64.4152295926928,13.511449992566314,11.369868425628471
2019-06-28,306.96,63.53686954632141,13.49504643622504,11.478521133607899
2019-06-29,307.26,63.37213271644983,13.489385642681986,11.426065426345833
2019-06-30,306.59,65.13017472780679,13.490492440812535,11.564884288203434
2019-07-01,306.74,64.03560260519276,13.508654273363659,11.883235617573103
2019-07-02,306.35,65.07808967916077,13.504437827531483,11.01978173828484
2019-07-03,306.77,64.14772681390663,13.5234272207958,11.59967150033268
2019-07-04,306.87,67.4327094862518,13.481137158470943,11.368232744831802
2019-07-05,307.08,62.827318062743636,13.48946812665347,11.925073255976079
2019-07-06,307.29,63.41322241976712,13.507442801631713,11.465776994017723
2019-07-07,305.85,64.10029609964705,13.506438481469802,11.433857723285849
2019-07-08,307.28,65.4596021704511,13.514339992090806,11.401008185257075
2019-07-09,306.45,64.46211482836937,13.503530212987975,11.668898175514219
2019-07-10,306.02,67.94907191659517,13.506383281341842,11.212196311751942
2019-07-11,305.94,62.73281550435877,13.496910765842436,11.391309061754189
2019-07-12,305.42,64.45734573306578,13.542013539269984,11.48900616570817
2019-07-13,306.81,65.98538764308802,13.517293386839077,11.716364384626676
2019-07-14,306.13,65.60329917585676,13.506602303446806,11.207648024873778
2019-07-15,305.14,65.4291672615398,13.484294655523138,11.503245299986737
2019-07-16,305.28,64.91497515028935,13.510380482628786,11.089356982010646
2019-07-17,306.92,64.60430962243942,13.523777575485992,11.113089384476378
2019-07-18,307.18,66.66305111664224,13.505955301366313,11.294129912450384
2019-07-19,307.97,69.33375342867514,13.480874967296398,11.642480536442788
2019-07-20,306.63,63.547057797324385,13.48312668095119,11.453342576127405
2019-07-21,306.75,66.30905993531229,13.490463913597301,11.090361146256555
2019-07-22,305.64,60.34894932878211,13.509680055658356,11.273840412712381
2019-07-23,305.73,64.96028179187383,13.530126387518777,11.587320915797369
2019-07-24,306.06,65.35797259187956,13.500661162392943,11.656741895841105
2019-07-25,307.73,67.256253258908,13.485753713725286,11.735291106666349
2019-07-26,306.46,64.6755583864482,13.50252947762638,11.23864872716486
2019-07-27,308.04,67.34000070795949,13.507114843000172,11.180280819099703
2019-07-28,307.12,66.91185081800892,13.506231952443851,11.44289955854039
2019-07-29,304.81,66.05322196724873,13.490986848185173,11.170665410071125
2019-07-30,306.82,63.30004447600079,13.51530619219207,11.255973213738816
2019-07-31,305.43,62.48486808459585,13.523746781988589,11.190109477359492
2019-08-01,306.15,63.645986741036964,13.491238469357619,11.867147370407718
2019-08-02,305.24,64.3492490781452,13.50966231349239,11.886627202767684
2019-08-03,307.33,68.575162171835,13.494019277159653,11.418136169738242
2019-08-04,310.49,63.40545130777789,13.491318726623833,11.353762315324824
2019-08-05,307.47,69.5792026980585,13.497897458725895,11.167151276119371
2019-08-06,305.87,65.84131598872617,13.49552205690704,11.797680273541989
2019-08-07,308.49,64.1636832425285,13.512238533498005,11.425896935549362
2019-08-08,306.07,68.43021705838218,13.501296364208022,11.260292900410475
2019-08-09,307.76,64.64917672269252,13.506381762180592,11.836994246106249
2019-08-10,308.1,62.28279585165029,13.493096143661276,11.20773605129166
2019-08-11,306.83,65.30059801293702,13.476825561818552,11.388641245320468
2019-08-12,306.86,64.96275566310392,13.494510088159005,11.658283192339411
2019-08-13,305.59,64.85490651322924,13.524429122111975,11.19216787217442
2019-08-14,304.72,61.737270844917425,13.501106354331355,11.567936960643907
2019-08-15,307.25,65.28562518813646,13.500099752425,10.669964409934483
2019-08-16,307.36,64.97991811741625,13.517259903200323,11.492437968111672
2019-08-17,307.48,64.19731874267919,13.503223895844505,11.48371225039234
2019-08-18,305.24,63.71466081037662,13.499159412186005,11.16272381203304
2019-08-19,306.08,65.03970869749452,13.481025829912749,11.438295328906099
2019-08-20,305.48,64.31179858187467,13.498258266194915,11.039454517844046
2019-08-21,307.1,64.62888501770242,13.495120810194152,11.5930420696758
2019-08-22,306.79,66.37923968212186,13.49393519918388,11.081971122832979
2019-08-23,306.89,63.444978422082805,13.479001758221425,11.4090903129049
2019-08-24,307.06,64.250970704837,13.532702126945846,11.600161974933027
2019-08-25,305.71,66.77129242418316,13.515403800387606,11.2435486438321
2019-08-26,306.72,62.9618651102778,13.487407506426182,11.619611768594845
2019-08-27,305.96,65.9244052909671,13.518131302274854,11.176159403102831
2019-08-28,307.82,64.82586127707944,13.494994198683292,11.576663001723748
2019-08-29,306.25,63.21409922407373,13.502704515855056,11.14172479957987
2019-08-30,306.67,65.59296043080066,13.511967206789926,11.514801489076735
2019-08-31,306.8,63.89913551883035,13.484853777585558,11.484102092162798
2019-09-01,305.71,62.76277121208228,13.502088605430087,11.452289753532563
2019-09-02,306.21,64.60996975057562,13.470157922959066,11.770001589914333
2019-09-03,308.61,59.470498873615526,13.495875008817912,11.444671256339337
2019-09-04,307.74,67.86018027740346,13.514003741478094,11.567277760467297
2019-09-05,306.74,64.01127497874451,13.514337564905482,11.471080156027178
2019-09-06,308.43,65.7386987365003,13.495694872276168,11.16959488299811
2019-09-07,305.67,66.10143220926244,13.493976494985658,11.335048845416782
2019-09-08,306.16,66.111500466895,13.507230177622338,11.450524938271528
2019-09-09,307.94,68.22483715301622,13.49305852926749,11.037599525004667
2019-09-10,307.41,62.961527572193,13.494114615629579,11.533203832778394
2019-09-11,306.5,63.346089062494116,13.516605218313575,11.256449625499233
2019-09-12,307.43,63.289979389793416,13.486115995287767,11.163740144066061
2019-09-13,305.96,65.82996913681275,13.479113087471275,11.394186631142112
2019-09-14,306.44,63.00313631966521,13.475773133354704,11.24595896427013
2019-09-15,306.99,64.66936898315012,13.501067024803227,11.254015029398891
2019-09-16,307.21,62.778702528982954,13.494748967768425,11.541554987037411
2019-09-17,308.03,66.08120450824848,13.509616570831893,11.286440088123058
2019-09-18,307.73,60.581796701036595,13.490430564809074,11.381854429719711
2019-09-19,306.08,64.84124006333273,13.51293028364336,11.363442702726639
2019-09-20,309.54,62.48358236017068,13.494529005108829,11.520722146585829
2019-09-21,306.6,63.13777621538942,13.501207886784215,11.543399048927288
2019-09-22,306.96,66.8412771953722,13.514890873810515,11.16409236570961
2019-09-23,305.78,66.02911134775567,13.500440798244687,10.989714202818504
2019-09-24,306.66,63.66103727271923,13.478317905442369,11.215875961331886
2019-09-25,308.43,63.075655528370326,13.508965858348747,11.06309258934185
2019-09-26,307.64,65.54998999765121,13.493327213117356,11.295862057275125
2019-09-27,305.91,64.69975641199397,13.50147461889309,11.78205046246879
2019-09-28,307.12,62.20453117525352,13.51818375675529,11.434809831483154
2019-09-29,307.88,64.03090535088565,13.494390213098848,11.319958842940935
2019-09-30,307.42,68.20468267680144,13.461581980705521,11.764813261794542
2019-10-01,307.63,63.778313976160106,13.515709816106307,11.426421885078161
2019-10-02,307.6,64.7942410704637,13.511785234590342,11.171929352186263
2019-10-03,306.55,64.21057020542888,13.501150099230449,11.430281163598265
2019-10-04,307.42,65.93464073100458,13.496523823533195,11.73101982090878
2019-10-05,306.7,66.17276724824355,13.496175692249214,11.272507294423722
2019-10-06,304.54,64.58387919877977,13.503785772088333,11.849092203333862
2019-10-07,306.61,64.33992789917443,13.504900190738322,11.154977702104656
2019-10-08,307.32,65.21183245616075,13.475421880538814,11.166726256810353
2019-10-09,307.02,64.86921154105887,13.501531575822069,11.560705384889209
2019-10-10,305.65,62.75313375109839,13.51200340018136,11.05790020331961
2019-10-11,308.88,69.33520306478556,13.508112294829662,10.98652747613396
2019-10-12,305.98,65.35291468786467,13.52151494600435,11.386598017678963
2019-10-13,307.06,67.2045827924748,13.501507322727738,11.330788285542798
2019-10-14,307.02,64.99384075149304,13.500205667422204,11.231596422371693
2019-10-15,306.48,64.29592010878943,13.492667399243622,11.476381665603142
2019-10-16,306.13,66.40548681404393,13.514593760517378,11.6431063181621
2019-10-17,306.77,68.7088981186078,13.497255583698466,11.083063626886092
2019-10-18,306.36,63.08324070569905,13.484836446354075,11.27427487875583
2019-10-19,306.87,62.0404156213819,13.48219002013672,11.855180329186314
2019-10-20,306.26,63.88863834398807,13.48529873282556,11.579729149997764
2019-10-21,307.11,64.72775928766943,13.489671581677625,11.389874465383096
2019-10-22,307.36,66.76856490918956,13.530735278090212,11.299062643498763
2019-10-23,307.34,63.79796493632745,13.51014961605928,11.342612848492397
2019-10-24,307.4,64.79597221217955,13.501419218408026,11.305510841965987
2019-10-25,305.81,60.75236339182982,13.507374435165806,11.617047604993754
2019-10-26,307.71,66.09418450334836,13.484229139769448,11.300142614824807
2019-10-27,305.96,65.10822483303086,13.50562540874408,11.821983175159826
2019-10-28,306.63,65.72557907093096,13.507152729721422,11.280217553739366
2019-10-29,306.95,65.57224357008711,13.500376793637221,11.802005302776728
2019-10-30,306.03,66.14833943440226,13.485030126202279,11.480574447957133
2019-10-31,307.92,65.12366422634862,13.486170790492425,11.672213688616896
2019-11-01,306.59,66.68295970434475,13.49085687254311,11.22412554994892
2019-11-02,306.01,64.50525901630692,13.493959962527043,11.27580410575611
2019-11-03,308.27,63.20116952346471,13.479177793949514,11.054588128380948
2019-11-04,307.84,61.87702331139923,13.472153633319353,11.132503874471343
2019-11-05,306.1,63.387420333285306,13.484688719241284,11.416504220115778
2019-11-06,305.91,65.27010805661219,13.513432907213858,11.632314759993687
2019-11-07,307.95,63.5265384662608,13.493110142772313,11.684558853642535
2019-11-08,306.07,62.03612855389952,13.494006750483,11.618418554414584
2019-11-09,307.81,63.48307255934642,13.488730559539041,11.25457204286849
2019-11-10,307.68,64.25067118453342,13.497112421130552,11.335722358242435
2019-11-11,305.68,66.65569174626236,13.49110047413003,11.203924655873271
2019-11-12,306.45,64.68253154543801,13.511206605067823,11.585556347143925
2019-11-13,307.04,64.39670701632112,13.505546769442983,11.699163754566113
2019-11-14,306.07,64.77058336628734,13.517969608787466,11.328071364165325
2019-11-15,307.41,64.28275915266312,13.505043296742485,11.438868120564422
2019-11-16,305.87,64.32690212130997,13.527824832691998,11.324590320821137
2019-11-17,307.43,65.9338356466564,13.49305820831201,11.149227312113316
2019-11-18,306.92,65.26019577465239,13.4874802347478,11.317427774201487
2019-11-19,306.53,60.678460474046375,13.515919987482835,11.148509435325902
2019-11-20,306.48,63.8147798601795,13.488644856491282,11.278233933227614
2019-11-21,307.45,62.44665967794309,13.48484408887113,11.516795806181463
2019-11-22,305.55,67.84192128220718,13.463115081448358,10.943626683647802
2019-11-23,306.14,61.45685040101186,13.510754011171748,11.368171911312514
2019-11-24,308.49,63.28885316423447,13.499059562597651,10.972531648539107
2019-11-25,306.53,62.25120887343321,13.514857087218074,11.743504344489134
2019-11-26,307.51,62.96602109080548,13.49863728131685,11.378997640580447
2019-11-27,306.14,65.48016313671711,13.488218868556622,11.277761099680907
2019-11-28,307.56,67.73962967688392,13.494775542983874,11.394606580228045
2019-11-29,308.25,63.982308615774876,13.505434673771287,11.159220197850827
2019-11-30,305.92,64.0577269699871,13.50700807931395,11.345107465626016
2019-12-01,305.69,62.241830910578415,13.504251132557831,11.7010618346802
2019-12-02,306.76,62.80083702837916,13.500440129342868,11.471063655129056
2019-12-03,306.59,65.94133228423203,13.492587344587644,11.224230063668676
2019-12-04,307.54,66.80218734948934,13.506784253180795,11.391008496824524
2019-12-05,306.03,63.54814222390799,13.493939256434167,11.218430719995164
2019-12-06,306.73,61.43007697167605,13.504065824815727,11.527061106019882
2019-12-07,306.92,68.18833258285255,13.469977047569067,11.934802454521309
2019-12-08,305.6,60.529820059236144,13.511038433668842,11.712746130933558
2019-12-09,307.39,67.66464396830102,13.49958041373647,11.209677982114915
2019-12-10,307.91,62.70649184843134,13.514833767132354,11.12898088173858
2019-12-11,306.38,63.10171891490376,13.49448966813107,11.179146390869414
2019-12-12,306.61,65.49145191950977,13.490374342102015,11.097540080115845
2019-12-13,306.4,61.340504162868584,13.50411244189194,11.662661078233333
2019-12-14,308.38,66.75484335339523,13.498656946505566,11.563251430054187
2019-12-15,304.91,64.33459169960474,13.501058981901856,11.169848899883252
2019-12-16,308.41,65.18246359171863,13.502748621346921,11.611214244905266
2019-12-17,306.07,61.71388431906897,13.497106268823948,11.565459865070366
2019-12-18,307.53,65.93330287089853,13.518398907981922,11.27341120801614
2019-12-19,306.81,65.86506074709759,13.523945837763723,11.413844207139146
2019-12-20,306.98,63.522005422813535,13.49075476201165,11.678994506032897
2019-12-21,305.58,65.0549673836902,13.485137596516388,11.310225363930758
2019-12-22,308.27,63.269870720332335,13.480168244396314,11.159044863266054
2019-12-23,307.12,65.15887048150151,13.500457554926339,11.463110437272334
2019-12-24,307.2,60.34664435449403,13.494134885662433,11.514436659310702
2019-12-25,305.96,62.22088771694529,13.502170625624132,11.89314806420076
2019-12-26,306.96,65.0473495629232,13.50313642806431,11.54874593617215
2019-12-27,306.11,62.74935371486563,13.530338971880912,11.32033846230322
2019-12-28,306.41,64.61142815197584,13.516814048058984,11.21480487656117
2019-12-29,305.91,60.242031304926314,13.497596081161689,11.605752725344718
2019-12-30,305.47,62.37012593577523,13.516068556797556,11.57817173233877
2019-12-31,306.92,63.41558652648914,13.489145653083026,11.508466246919248
2020-01-01,306.15,42.227545037884916,11.489376524485184,13.291521008045088
2020-01-02,307.41,41.370473127870945,11.505218458940577,12.968139876588317
2020-01-03,306.23,40.968302534313985,11.49106886340447,12.973024344459974
2020-01-04,307.11,43.941189386363135,11.503801261914544,13.560268537109595
2020-01-05,306.1,41.01114642438104,11.496663380013107,12.734434568299356
2020-01-06,306.09,43.469055981726136,11.506204800243598,13.663195680993468
2020-01-07,307.04,39.09443370851447,11.491230240706058,13.131173235380833
2020-01-08,306.76,43.2301194922584,11.518178585155537,13.271945517064491
2020-01-09,307.33,39.14254305518543,11.51483838221108,13.635895946085476
2020-01-10,307.25,41.90205681906825,11.502338135109227,13.23612145818304
2020-01-11,305.57,41.198248941545216,11.484190930922114,13.080514503269839
2020-01-12,307.93,42.260077766058046,11.510123030509584,13.438128952004687
2020-01-13,307.35,40.46119239704241,11.49455883709757,13.308206421483277
2020-01-14,307.65,41.00919727217688,11.498517994127058,13.127934587159753
2020-01-15,306.81,41.02247735191194,11.50105190709528,13.710213461530067
2020-01-16,306.81,42.97770218619431,11.489845928175674,12.994818864984813
2020-01-17,308.2,40.29135560120076,11.50991278685936,13.396346371761496
2020-01-18,307.42,41.92927047052441,11.490706683061862,13.305841681169582
2020-01-19,305.51,42.72583203688017,11.488276885079271,13.012348515213759
2020-01-20,307.9,42.790606433766314,11.496159336679668,13.393418424313985
2020-01-21,306.8,40.006792312619424,11.483002090584097,13.248284455143063
2020-01-22,307.12,42.01369606518724,11.504170645346207,13.2338583084815
2020-01-23,308.12,38.87796157528988,11.504060588511773,13.477165277040347
2020-01-24,305.74,43.904582904450116,11.505317234955442,12.959333146255696
2020-01-25,305.16,40.20203917723594,11.477313723556112,13.016996170263715
2020-01-26,305.91,42.002999779681446,11.504598170604691,13.179107758739788
2020-01-27,306.15,42.380962960395074,11.529565132466814,13.152676289466694
2020-01-28,306.79,45.62201464946626,11.494086852525326,13.051674803301065
2020-01-29,306.49,40.98933167349582,11.521709776719844,13.04652487523495
2020-01-30,306.61,41.706766360043524,11.494703436390015,13.516975041494195
2020-01-31,308.2,40.722678388570976,11.494806237664621,13.344430441314225
2020-02-01,306.47,42.22164760935838,11.500815799111773,13.316583071046411
2020-02-02,308.23,42.44725986733203,11.484943130332145,13.39804700268828
2020-02-03,308.42,38.73088125712108,11.472480803600844,13.56984174912709
2020-02-04,306.71,41.93953032547786,11.500756497227998,13.345342613860108
2020-02-05,307.46,46.50976141823188,11.519994188138464,13.305587981292257
2020-02-06,308.44,40.543181970621774,11.502405265955266,12.959091100850642
2020-02-07,307.5,40.742897814042706,11.49529687363345,13.227346077782109
2020-02-08,306.98,43.06836031020683,11.499928134286028,13.167209110222945
2020-02-09,305.63,44.22136081643184,11.489267972179634,13.754056191264926
2020-02-10,307.33,40.26272935398562,11.50350809098152,12.68484541702865
2020-02-11,305.88,44.11206406330967,11.480494737653439,13.670889009147977
2020-02-12,305.67,41.53656066580027,11.491015024597571,13.657988536163964
2020-02-13,307.25,42.74486053360666,11.514546633170456,13.586605153735361
2020-02-14,306.01,41.018128628970636,11.500623385331814,13.465784205332286
2020-02-15,308.42,43.69326856512437,11.47221590769213,13.198040791077828
2020-02-16,307.49,42.0003974958002,11.519947526109648,13.23824485065835
2020-02-17,307.64,42.829518363456984,11.513072439772886,13.436310070104453
2020-02-18,306.35,41.00420027488482,11.499318080341213,13.626657346696724
2020-02-19,305.63,42.6552873628479,11.474210852886301,13.626642764608812
2020-02-20,308.42,41.2164486665853,11.499540277541925,13.094883404582669
2020-02-21,305.48,42.27684935073573,11.527972515768383,13.340753647693843
2020-02-22,307.21,38.60261957805075,11.508779674185227,12.98578450158708
2020-02-23,306.36,39.89347451975275,11.498094652559457,13.185195994286541
2020-02-24,306.93,41.56571250722296,11.485457136408693,13.612966171308573
2020-02-25,306.99,40.20616746168718,11.52772276857628,13.637789077144443
2020-02-26,306.91,41.81311036725428,11.495676892382468,12.858780723037718
2020-02-27,305.7,40.2116831786982,11.515559367572694,13.050542451114802
2020-02-28,305.63,41.2203685782492,11.502725890775116,13.104947025884899
2020-02-29,307.85,43.08272118823981,11.513330771036031,13.63804494946574
2020-03-01,306.89,42.603671483410054,11.49028729365611,12.936210154482282
2020-03-02,307.81,41.861293942440625,11.501323115221103,12.786819557718935
2020-03-03,307.2,42.12029187287727,11.504039051844593,12.936474288711963
2020-03-04,307.75,40.711832170145954,11.488928517430317,13.180309598421202
2020-03-05,306.64,43.12518374723234,11.502146230486323,13.21003829364234
2020-03-06,308.41,43.15373444225336,11.488926226918771,13.265167722701426
2020-03-07,307.01,41.22622011419892,11.479627508851339,13.362457785552209
2020-03-08,306.8,43.08148237735974,11.504722583908626,12.970087160270273
2020-03-09,305.69,41.9829309749357,11.515639649415432,13.1341076670605
2020-03-10,306.3,40.6617574564675,11.490828496965689,13.21117961675651
2020-03-11,306.73,41.550017697837625,11.511714536079094,13.316929796137305
2020-03-12,306.07,43.50328758960707,11.486936607807161,13.281109544291946
2020-03-13,306.43,39.51487721971175,11.48844918847358,13.570221949694208
2020-03-14,306.27,41.897459004976575,11.489859515520552,12.893970710980016
2020-03-15,307.12,42.74456753679493,11.483687654489257,13.3308031932838
2020-03-16,306.9,40.2480285317709,11.499810434356835,13.332648546931232
2020-03-17,306.52,42.35976556097345,11.500740173603116,13.214121695194168
2020-03-18,305.9,40.346411042982474,11.500375505609005,13.080231061120697
2020-03-19,307.0,41.680650865070945,11.511115831448343,12.700652474730393
2020-03-20,359.13,41.74565372419514,11.501848524382646,13.137582638883769
2020-03-21,360.91,41.47338123664136,11.492362010232666,13.179542406349375
2020-03-22,361.99,40.67509028503215,11.498776258182614,13.500745460630021
2020-03-23,358.97,41.18301408144113,11.505030463426133,13.428968439624192
2020-03-24,362.23,44.028737130697834,11.475143751540687,13.399726526812195
2020-03-25,359.45,43.138215457208716,11.493962534531294,13.089295418658716
2020-03-26,361.18,42.41482733851938,11.508665142397453,13.378293419455872
2020-03-27,361.48,43.10610174545974,11.489768926425384,13.247035885484525
2020-03-28,362.39,42.747011665514314,11.499032994557236,13.354704142070814
2020-03-29,363.15,41.15810693831597,11.483128229434412,13.553797269025411
2020-03-30,363.31,41.008180105209945,11.489942090795283,13.219280078403129
2020-03-31,361.11,42.45169105011329,11.50933891772404,13.752231890687776
2020-04-01,363.45,43.62577453107965,11.500609924600184,13.460547575002085
2020-04-02,362.46,42.422087449146225,11.513885169982577,13.50266675529383
2020-04-03,363.18,41.51093368505758,11.493181554000312,14.111539447207438
2020-04-04,362.78,43.79896800171587,11.51792417547191,13.285576355957563
2020-04-05,363.89,42.37777463382463,11.498276757346042,13.420662921379867
2020-04-06,363.12,40.446776372430534,11.500847854856303,13.443825682523565
2020-04-07,364.27,41.4631428267896,11.476136100029874,13.582436336821948
2020-04-08,362.35,42.14095186704248,11.49877188364451,13.046431270123875
2020-04-09,365.29,42.772872056637205,11.489892439764573,13.001482534674984
2020-04-10,365.17,41.31584842653079,11.475611735210562,13.170542854268893
2020-04-11,363.81,42.68642401923699,11.53725384439583,13.251575026267677
2020-04-12,365.16,42.36351402667801,11.473326989857977,13.52196253343672
2020-04-13,365.8,41.0967241392495,11.498502861188168,13.528428059387675
2020-04-14,365.58,43.84228885263953,11.484153767221848,13.11133516623166
2020-04-15,365.55,41.305437491004824,11.491031460555424,13.022062326347848
2020-04-16,367.26,40.639427566439686,11.478500520877182,13.409427370281513
2020-04-17,365.2,42.46471402112869,11.501376470071435,13.18817109647825
2020-04-18,366.11,41.48673045614818,11.519818623055382,13.040026077918169
2020-04-19,365.78,41.590371998257865,11.509521000519413,13.756289014468578
2020-04-20,366.81,40.35596770164882,11.493966426556597,13.696389011240178
2020-04-21,366.44,41.36933592153805,11.491469815381592,13.76475800942361
2020-04-22,367.39,40.55668402137708,11.492733162465715,13.579265344247032
2020-04-23,368.52,43.56355714576857,11.509287773607564,13.106610200307863
2020-04-24,367.99,41.27104707558925,11.500030954537502,12.951938363143555
2020-04-25,368.25,40.33789701322815,11.504712613291419,13.060827415928769
2020-04-26,366.17,43.20243259712362,11.506507800786258,12.927028879107011
2020-04-27,366.5,41.85764336845794,11.509833782780548,13.125492668836193
2020-04-28,366.59,42.62553538061302,11.511928632672605,13.699426802148336
2020-04-29,368.7,42.60080068513386,11.504679485246136,13.032538000191622
2020-04-30,368.08,41.078625435683776,11.501954244255222,13.289381938408459
2020-05-01,366.94,42.875571410626875,11.495753310457395,13.703473538831398
2020-05-02,367.27,43.369965592769375,11.500389915992926,13.396112096505117
2020-05-03,370.73,42.69050520057088,11.499276540438887,13.388553141821777
2020-05-04,367.26,42.94069045352726,11.49380046759762,13.568757975303916
2020-05-05,369.87,44.90559503309372,11.510871058043994,13.174497229008248
2020-05-06,369.25,41.27296595786337,11.47632609184405,13.622040214897842
2020-05-07,369.27,40.428272976109724,11.484535092509718,12.979941797834746
2020-05-08,371.54,42.360426692047724,11.504097664817666,13.41697755297418
2020-05-09,369.59,42.21342267514224,11.499706222667578,13.367387145322457
2020-05-10,369.31,43.076308686548025,11.507071688454749,13.08274038279644
2020-05-11,368.77,40.7210691742237,11.50645134808915,12.942930778590823
2020-05-12,369.98,42.947006292465325,11.495558934671228,13.547507112333193
2020-05-13,372.75,43.42244109296809,11.507787616615458,13.476370723455895
2020-05-14,370.69,42.96913730642756,11.487203189274728,12.982643231288648
2020-05-15,371.7,40.52928862034291,11.514599071217985,13.155159742965642
2020-05-16,372.62,41.32967555089025,11.500194530714168,13.189787941827952
2020-05-17,372.59,41.51168108966437,11.492299208902416,13.159715042202135
2020-05-18,373.63,41.177821827246746,11.505938800693693,13.566031056866969
2020-05-19,372.33,39.73573174420955,11.504084171509842,13.21638836394281
2020-05-20,371.47,40.585685882887816,11.490920098251475,13.109581758221164
2020-05-21,371.34,42.721985411588335,11.494361068615286,13.358361246171224
2020-05-22,372.25,43.495476614639436,11.494367152456833,13.098224914764849
2020-05-23,373.15,43.16098597272047,11.52260272913749,13.634687019037226
2020-05-24,373.52,44.04419966476541,11.495770550529244,13.36566530653937
2020-05-25,374.96,40.77532490163642,11.49193264402073,13.347572862273992
2020-05-26,373.84,41.06733850493139,11.50369565300183,13.22203142355745
2020-05-27,374.66,41.64656717730264,11.489594813352754,12.844299356835116
2020-05-28,373.18,42.706903548121176,11.501567868379457,13.11008049315422
2020-05-29,374.84,43.70460600957803,11.502296256093562,13.283836586460101
2020-05-30,372.65,42.327547291825844,11.50091161130426,12.995248724491567
2020-05-31,373.79,42.83601085529343,11.49325330280658,13.155757548778196
2020-06-01,375.36,40.2285016031764,11.490591800859516,13.070884036365817
2020-06-02,376.59,39.973788730738086,11.491494288273925,13.402528930003545
2020-06-03,376.17,39.80847256340343,11.499888509954754,13.471873284658834
2020-06-04,376.37,42.37062913028606,11.487891214229588,13.4952082351501
2020-06-05,375.87,42.58081587541884,11.498160691422969,13.10113570080213
2020-06-06,377.88,43.7764268700922,11.512793242831348,13.692377576565372
2020-06-07,375.26,42.42885039593582,11.520757718213789,13.181157762227043
2020-06-08,377.15,40.39797417768629,11.474289468691781,13.38708236212337
2020-06-09,377.25,42.3951399664794,11.481423487555038,13.02640151224039
2020-06-10,376.54,44.44715845808117,11.516310288908958,12.978230864635913
2020-06-11,376.96,42.329142937221995,11.518392180806687,13.486874606407053
2020-06-12,377.68,42.64525172608668,11.527381706152505,13.036333333408393
2020-06-13,379.31,43.12504531938236,11.484791923500515,13.650251855526106
2020-06-14,376.97,41.03802351430732,11.514052550550511,13.676640947358683
2020-06-15,376.8,39.8483875015794,11.511305979953688,13.426279619549371
2020-06-16,377.65,42.97091638321974,11.483408226811738,13.246206971979941
2020-06-17,380.06,42.956541026938524,11.49300178696804,13.30096643492021
2020-06-18,378.57,41.20421547101683,11.485672173401959,13.310597336456116
2020-06-19,378.36,42.6137520228992,11.495367859902208,13.459329834905118
2020-06-20,382.18,40.88121704274463,11.497948907775081,13.215105480064821
2020-06-21,379.9,41.60776020991129,11.48460739130706,13.808906193069623
2020-06-22,379.11,42.93858119458332,11.511585290394702,13.192703662000872
2020-06-23,378.91,41.48563848293936,11.496564423557329,12.928898983354001
2020-06-24,381.05,43.78728000216846,11.48115619627469,13.30557751991873
2020-06-25,380.78,42.40868074331309,11.507979966320995,13.231068331477388
2020-06-26,379.63,42.91853221782107,11.507214005548052,13.038926368892314
2020-06-27,379.49,44.09336152491758,11.503008519021046,13.397423003421636
2020-06-28,379.51,43.33004899216755,11.513202848435364,13.095104712043328
2020-06-29,379.7,43.11394350659514,11.49293522137991,12.881822381223458
2020-06-30,379.6,43.783953393469545,11.514193055558335,13.185733315279819
2020-07-01,379.09,40.71537066711663,11.49826961027387,13.08133935928706
2020-07-02,380.51,40.76385548427261,11.484292209289785,13.491626935203358
2020-07-03,381.37,42.74871332739138,11.4779772758228,13.21364924392525
2020-07-04,382.64,43.981148768092346,11.485414793172376,12.98832477841712
2020-07-05,379.8,40.732118519179565,11.50042706713218,13.727745796227337
2020-07-06,383.35,42.067310524857,11.495435143350363,13.234375719709794
2020-07-07,381.83,41.287117047523935,11.509413932075898,13.034265968077687
2020-07-08,382.85,41.6093910542088,11.481445291705448,12.872090460542022
2020-07-09,382.95,41.434756768353026,11.500796934986413,13.54483125487361
2020-07-10,382.03,42.657441442124224,11.489372309033103,12.864861418738245
2020-07-11,380.88,41.822747096003155,11.494542580763834,13.492489760684688
2020-07-12,383.73,42.64948902933789,11.499529919583713,13.375563072333476
2020-07-13,379.83,40.55998145650777,11.507234644005976,13.29655221423008
2020-07-14,380.72,40.68350816803271,11.497211402502314,13.214266526857944
2020-07-15,380.82,43.36017930963734,11.481467572607613,13.157223888867478
2020-07-16,381.62,42.14222863948708,11.506880599446403,13.568624264129541
2020-07-17,381.85,42.39532207089008,11.500917190627996,13.249697074258737
2020-07-18,382.96,41.06772861725335,11.489844495830871,13.1894269791589
2020-07-19,382.77,42.409118146623065,11.508084513863361,13.188491548785153
2020-07-20,381.37,42.09488073679016,11.497569861138693,13.270493716232911
2020-07-21,382.84,42.85613277269889,11.496276945958247,13.40339442252643
2020-07-22,382.22,42.013980764252324,11.517906293703057,13.107455875259777
2020-07-23,381.56,42.47123255355016,11.489786811396458,12.654047883408808
2020-07-24,380.78,39.14886700065635,11.508203881019801,13.4190586829063
2020-07-25,383.29,42.162435951016015,11.501349048858616,13.691501223125258
2020-07-26,384.79,42.864533578056964,11.519182863953143,13.384468311765641
2020-07-27,384.74,39.67163474818774,11.508143666586625,13.073119611701983
2020-07-28,382.65,39.652673626753135,11.530438839671104,13.255049062800003
2020-07-29,385.92,42.865389756212636,11.508784813805894,13.289953350420726
2020-07-30,384.2,43.239880431549345,11.516550199389222,12.830373522694332
2020-07-31,381.7,40.22965041480611,11.502467244411736,12.94332234712821
2020-08-01,382.59,42.66071657816732,11.500679316435233,13.076995495254803
2020-08-02,384.48,41.726745699803615,11.482858787376898,13.393955185146943
2020-08-03,385.59,42.87389156498234,11.531268544536049,12.903277855177004
2020-08-04,383.69,41.33893516782392,11.500901143385386,13.235688722777626
2020-08-05,383.58,41.69792351747471,11.483232743998288,13.0187689568155
2020-08-06,386.11,40.92835320417096,11.489685777804379,13.172354078570397
2020-08-07,385.48,41.13575441047952,11.511080597951379,13.116868357359548
2020-08-08,383.92,41.170752204707526,11.50765249719929,13.229457691571557
2020-08-09,384.14,40.97328333704742,11.51551449643733,12.962068357519367
2020-08-10,383.64,43.09462632666996,11.496832933342573,13.257991128371671
2020-08-11,385.37,41.845290123112825,11.505836249188567,13.038177596035942
2020-08-12,385.37,42.22814746796353,11.511279757061308,13.259073427116103
2020-08-13,382.51,41.06022498072896,11.51929241545715,13.268240863449897
2020-08-14,384.73,41.57492263705103,11.507186853819954,12.994485962858567
2020-08-15,387.62,41.461005351039404,11.50947732635813,13.317279270680759
2020-08-16,382.99,42.91322466714778,11.514960872791919,13.425853353728787
2020-08-17,387.19,44.239264985091545,11.501777040928296,13.1436643544055
2020-08-18,384.06,42.89393399525108,11.50502100182107,12.788573167803538
2020-08-19,386.23,41.40669042056163,11.492053074342303,13.062275610350623
2020-08-20,383.53,42.515361078013306,11.477425267590002,13.42770368846652
2020-08-21,384.95,40.59123360393451,11.510845951639793,12.752423641694767
2020-08-22,386.23,42.05651618899099,11.516985930114934,13.341601613199067
2020-08-23,385.16,43.66235229177639,11.496507045343398,13.403846006805736
2020-08-24,385.26,41.32746719664414,11.496109060820034,13.607703513883921
2020-08-25,386.03,41.81630785404334,11.494226126882,12.755853384497263
2020-08-26,386.96,41.35227664874651,11.497774862216982,13.376068807083792
2020-08-27,387.27,40.7118648420772,11.512518585249369,12.887198624721513
2020-08-28,387.91,40.9117686749867,11.515812316648645,12.75726061529676
2020-08-29,385.78,42.406435360451695,11.51689490133522,13.054215812838489
2020-08-30,388.92,42.84757119580972,11.50036482415697,13.214803704246599
2020-08-31,387.34,42.83150860254461,11.49989973797528,13.3262421819821
2020-09-01,387.37,40.50351060203118,11.49352602564641,13.220907159031507
2020-09-02,387.13,40.920007038685725,11.50027326283884,13.171623105347589
2020-09-03,385.44,44.32949213862718,11.490684141630073,13.581080527486561
2020-09-04,386.96,42.72618928415539,11.496939641605321,13.414060119718432
2020-09-05,389.0,41.051633965829126,11.490821702421293,13.776613021094995
2020-09-06,385.95,42.25540135269415,11.514320324361035,12.991977515654268
2020-09-07,387.42,41.32657412220114,11.495548364116665,12.60557610172518
2020-09-08,388.3,42.74728740434077,11.51119000820223,13.007905971840973
2020-09-09,387.04,40.48575249210734,11.498807176199849,13.745675352320015
2020-09-10,387.52,39.99861412148946,11.494020704803278,13.432101165510051
2020-09-11,387.98,42.33890460792726,11.500813492445872,12.871024297393843
2020-09-12,388.62,41.76456624098992,11.502941568863182,13.185833825904048
2020-09-13,388.8,41.38655800416093,11.504729202187999,13.492318688699457
2020-09-14,387.88,39.73049667979636,11.478769897284648,12.923651054298162
2020-09-15,388.63,43.322634866468476,11.501450210507851,13.564005149893605
2020-09-16,387.5,40.10444935822757,11.498939775619796,12.846768274679723
2020-09-17,387.46,42.953111139337835,11.48974565278605,13.315017879652608
2020-09-18,390.27,40.71448079594989,11.51351580920322,13.363471422792244
2020-09-19,387.54,41.76986067712586,11.515282489817903,13.537653912885505
2020-09-20,388.04,42.876550821229095,11.496578062212233,13.473772068532314
2020-09-21,389.09,41.904296185929766,11.485460649668921,13.404507858988904
2020-09-22,387.68,41.84473411489848,11.495197693533344,13.16095744460222
2020-09-23,389.11,41.110948665201704,11.525445801813303,13.016356215579785
2020-09-24,389.15,40.25471367221479,11.510226338444932,12.958592490923317
2020-09-25,387.35,42.3628135135379,11.492004500828497,12.888332348689339
2020-09-26,388.42,41.89904247534236,11.484805410094697,13.557741964946711
2020-09-27,387.32,40.82935292951799,11.501243162766961,13.14178624403449
2020-09-28,387.64,39.14312097308285,11.486012845889787,12.96066255720207
2020-09-29,387.72,41.567716856302084,11.496950695468366,12.951445696882683
2020-09-30,388.0,41.71009853597577,11.497400911797344,13.599233271178113
2020-10-01,388.62,41.62767465461352,11.489921233557673,12.97223705983652
2020-10-02,389.94,43.25403286956315,11.49378564454003,12.722912299139447
2020-10-03,387.95,39.822234486824996,11.512639301221066,12.951194880756516
2020-10-04,389.75,43.961047602244754,11.494442933409468,13.747811137638308
2020-10-05,389.64,40.92493258829068,11.502716407118667,13.02266391520401
2020-10-06,387.7,42.611498012065674,11.499014997909393,13.06566210648237
2020-10-07,388.65,40.838087384769175,11.481701283542195,13.014217983430504
2020-10-08,388.04,43.08956006735474,11.495858837788694,13.349611218612479
2020-10-09,392.51,43.32880482903569,11.496040177563792,13.028365635653282
2020-10-10,388.43,40.78864237523092,11.47997909267287,13.150034816704249
2020-10-11,391.41,40.66008716659238,11.500059179601894,12.885480026630667
2020-10-12,390.13,41.9064254237183,11.50253525116053,13.776334533567988
2020-10-13,388.29,41.50165527974359,11.499156662053252,13.383666117554004
2020-10-14,388.59,42.330091724953654,11.499748810844197,13.101780697533885
2020-10-15,388.74,41.30049936758892,11.49151583133806,13.233557589123397
2020-10-16,390.75,42.744657564230366,11.502842611707981,12.961275459360037
2020-10-17,392.76,42.22066110158499,11.516183777432653,13.010222418251702
2020-10-18,390.86,41.98119890158956,11.505000056786722,13.27518014751503
2020-10-19,390.6,43.17778732940938,11.514764108841577,12.874310458214634
2020-10-20,390.33,42.39772401983288,11.486213826463793,13.62854962261124
2020-10-21,390.02,41.207990013778925,11.509300651719442,13.477338051198467
2020-10-22,392.31,42.04632398635233,11.497790236588171,13.335727924412694
2020-10-23,393.31,41.546619535987105,11.501098438811784,13.21818693992828
2020-10-24,392.31,39.35202365439425,11.510852806390705,13.124647071203048
2020-10-25,390.35,40.9739062556616,11.508203062046393,13.148194121758417
2020-10-26,391.75,43.47498835204149,11.48903053518467,13.724103004613342
2020-10-27,392.11,40.57978689251241,11.484315418682733,13.128861211248958
2020-10-28,391.09,42.160938244534314,11.508384751317086,13.011756783512714
2020-10-29,391.07,40.925075822040725,11.502048101715875,13.056070407696312
2020-10-30,392.51,41.435807598779675,11.507967710193228,13.485755858625234
2020-10-31,392.48,43.25918946625128,11.500356298216351,12.993140657336115
2020-11-01,392.72,45.5677037546622,11.49121731552653,13.10821672688921
2020-11-02,393.39,43.58836013583847,11.505071302641058,13.127777925434485
2020-11-03,390.62,42.433953795095256,11.503504717532577,13.192688214056146
2020-11-04,391.37,42.9361603024124,11.503736569246476,13.46362534359047
2020-11-05,392.78,43.443518001148014,11.496320243400751,13.185659362842928
2020-11-06,395.14,41.650031871583586,11.501188186456977,13.194406241663723
2020-11-07,391.49,42.17565821813321,11.513364459480385,13.346954006401306
2020-11-08,393.29,44.24408045466261,11.503752383303617,13.483784016333791
2020-11-09,392.04,42.38260840751862,11.51838889243936,12.96212803045137
2020-11-10,392.49,41.781329205842844,11.500094938636709,13.212889779229302
2020-11-11,393.26,41.190242946498536,11.502309727948203,12.87919678945079
2020-11-12,392.63,41.92276170450294,11.512047742040549,13.390856608185274
2020-11-13,395.53,41.32006797140854,11.503287734551387,13.458419173272258
2020-11-14,394.95,42.98222143991769,11.488759600495635,13.294172023192484
2020-11-15,392.08,39.93362197694568,11.509006842379351,13.38023201430408
2020-11-16,396.01,39.34112440870113,11.495582766870164,13.183031463375794
2020-11-17,393.7,40.84659046807412,11.50908233746825,13.251817979664779
2020-11-18,393.52,40.41193833370769,11.499452517961208,13.324592284712587
2020-11-19,391.35,42.32507930315291,11.512277551694496,13.605896617611531
2020-11-20,394.96,41.73387061765426,11.500304472810933,13.31291906405326
2020-11-21,393.77,40.752726990045645,11.502677268213064,13.848294598093009
2020-11-22,394.48,38.81349070934761,11.512753869729103,13.567393745279105
2020-11-23,395.82,39.7788370757393,11.515402444063994,13.07427086101072
2020-11-24,394.76,42.52789569047403,11.494011438209322,13.32976663012631
2020-11-25,396.56,43.809114468722136,11.496594111873547,13.141271815970338
2020-11-26,394.57,40.82665393313002,11.503957126176353,13.541129144648997
2020-11-27,394.12,42.50163078233353,11.503529906394686,12.757391054386849
2020-11-28,396.12,41.82669450775798,11.510713773531371,13.695019197650113
2020-11-29,394.98,42.749984343529775,11.501820877216215,13.12628561492729
2020-11-30,395.94,42.56124533527167,11.47755046114765,13.556741090437516
2020-12-01,395.8,41.133331873989945,11.503489815405176,13.069830098515187
2020-12-02,396.05,43.5393354373247,11.496411013769917,13.176721324422948
2020-12-03,394.12,42.16509188856746,11.51284367136511,13.008579872600453
2020-12-04,395.61,43.84818861325519,11.522347298736005,13.513022386204575
2020-12-05,397.21,41.0726964041238,11.511897654410337,13.072063149165402
2020-12-06,394.19,41.71362657892228,11.486072333832004,13.030435659663006
2020-12-07,395.16,40.654648486772345,11.489851275052416,12.651336924788003
2020-12-08,395.38,41.90740173774128,11.50322429132776,13.411457733964538
2020-12-09,396.88,44.35812895069701,11.50408305430335,13.293071276250986
2020-12-10,395.81,40.02531597645493,11.509763212800353,13.214107347057901
2020-12-11,394.94,43.66778176449908,11.50989758130155,13.28790358209778
2020-12-12,394.92,43.20168128188278,11.493598899229154,13.397240849413935
2020-12-13,398.26,41.26499269707772,11.505294182595351,12.923938485498168
2020-12-14,394.41,41.641278975769374,11.488252677303992,13.591054237529038
2020-12-15,394.25,42.50785571016043,11.486829685519643,13.25590933950209
2020-12-16,397.26,41.84194830588297,11.492343101665279,13.107429145063865
2020-12-17,397.41,42.98426305140881,11.49285993079573,12.999025913328003
2020-12-18,396.56,41.53828484067319,11.496684986827688,13.553628834617639
2020-12-19,395.69,42.112585858375624,11.515018036944088,13.577364905568611
2020-12-20,396.21,41.134324246511234,11.498566071430767,13.492965517526569
2020-12-21,395.92,42.91483799501821,11.49324183675929,13.032529779333723
2020-12-22,397.7,45.098906329497744,11.530676269859725,13.45554062964317
2020-12-23,397.27,42.57288377156129,11.493446465395756,13.669184304650265
2020-12-24,394.2,44.03747863439801,11.489185649705814,13.34129866871123
2020-12-25,398.47,43.484825076197495,11.50647502965646,13.412561473242166
2020-12-26,398.08,42.28422353738168,11.492890395567292,13.649439908513184
2020-12-27,397.42,39.094837905763384,11.496748812137353,13.175597196063169
2020-12-28,396.42,41.46612394574416,11.498408657769502,13.247449525718944
2020-12-29,399.24,42.83339481926288,11.515657685796253,13.56729035765064
2020-12-30,397.93,42.70086369553208,11.484631529462675,13.04382610691799
2020-12-31,397.8,41.02035842237523,11.506840243376033,13.023842017420785
2021-01-01,398.17,69.15277434063258,11.50043999730021,16.281871026333672
2021-01-02,398.09,68.93710247460164,11.496535865484722,16.735059401961113
2021-01-03,397.87,70.91567370981475,11.504534138790293,16.849121275840105
2021-01-04,397.79,71.04118773335615,11.500015577257093,16.800032941472285
2021-01-05,398.13,70.93695861129235,11.508682145853617,16.83768910932209
2021-01-06,399.15,70.05074829549655,11.496407248481376,16.680486952613077
2021-01-07,400.05,72.42679073163676,11.519289836556704,16.77891867882182
2021-01-08,400.79,67.70795506851309,11.505287937427877,17.048724860251063
2021-01-09,400.66,70.43080305349636,11.495110930614794,16.434185040311167
2021-01-10,399.34,72.2025324866528,11.505322770197,16.699676305656613
2021-01-11,400.57,70.32981305046627,11.486731303892885,16.840652492694733
2021-01-12,398.86,68.21297469734542,11.49334029790342,16.782404706923533
2021-01-13,397.9,72.37152403221366,11.521761189125385,16.98717643172428
2021-01-14,399.3,70.19721582464788,11.480840579206985,16.387515106082322
2021-01-15,397.32,72.34542943767343,11.50685802923607,17.149321921576725
2021-01-16,401.25,72.22902784656158,11.493034887685246,16.99885925957935
2021-01-17,398.37,69.60848497905738,11.48666473124088,16.957172672335833
2021-01-18,398.98,70.17476345891522,11.498695990265107,17.524158118651886
2021-01-19,400.99,71.97590366112549,11.477623899783364,17.49932059643606
2021-01-20,399.42,68.28848736925985,11.48236800307505,17.347074996863725
2021-01-21,398.83,69.6866991777689,11.50631160503809,17.01328678825855
2021-01-22,400.33,72.0070409371694,11.499938614452114,17.15668918025442
2021-01-23,399.61,72.80545112344757,11.512818010887061,16.946148923215066
2021-01-24,397.93,68.75708097259097,11.502552353821097,17.119664481193126
2021-01-25,401.04,73.23674727631877,11.49134255427977,17.255025128846256
2021-01-26,401.22,69.28524010952412,11.51286354742231,17.023530681517123
2021-01-27,400.8,69.9716441316462,11.504556922349192,16.700306040421758
2021-01-28,399.21,67.3969041488982,11.513481212292895,17.23175064667734
2021-01-29,400.07,70.44755026355487,11.504401772712374,16.592280952277346
2021-01-30,401.57,73.28297842856513,11.496254861846088,17.0841517241927
2021-01-31,400.51,68.27374067347084,11.499417149337885,16.964862037383867
2021-02-01,400.35,66.6245724864186,11.49436234176011,16.71821254941736
2021-02-02,401.32,67.71193389229119,11.485160739186956,17.460196843914307
2021-02-03,400.92,69.43945879121601,11.516188756394167,16.48743278812388
2021-02-04,401.35,68.54194557531108,11.51604846932148,17.53698622348518
2021-02-05,400.47,70.37221978620155,11.493293546307688,17.341869782127397
2021-02-06,400.09,69.927176749494,11.50642665072883,16.750466255474986
2021-02-07,401.86,72.55270588919473,11.495883365793576,17.01577206379259
2021-02-08,400.17,74.04515505415594,11.53457076841965,16.878338061077613
2021-02-09,401.0,71.41749259493541,11.487750327524434,16.801655583645715
2021-02-10,399.53,68.82082314935353,11.488325394376918,17.239149786674876
2021-02-11,402.37,72.21781325206716,11.500152746386489,16.65958365314622
2021-02-12,403.69,66.2120541807335,11.490431756801655,17.201262481022372
2021-02-13,401.82,69.8930773052265,11.505770184802362,16.727057282572698
2021-02-14,403.18,71.89976275253625,11.504776693773557,16.862882730890064
2021-02-15,399.9,69.52796014956441,11.490972323623744,16.99354072495908
2021-02-16,400.94,68.75577725388217,11.508932952354924,17.186789194943113
2021-02-17,402.53,70.19265956928456,11.476872970188833,17.15507870820323
2021-02-18,401.84,72.80522337069874,11.510053169618473,16.9794703585023
2021-02-19,404.13,71.4217554305182,11.495475800615678,16.67477865149562
2021-02-20,403.63,67.69937213376524,11.517303310034155,17.145141736882596
2021-02-21,401.92,75.52915868417901,11.481354731187563,16.722070230658154
2021-02-22,405.42,69.58197164964363,11.501882052491997,16.525771819959843
2021-02-23,400.5,70.75400715130053,11.497052019913413,16.91412141322877
2021-02-24,401.99,65.38699359861464,11.505889615046428,17.087065194025556
2021-02-25,402.33,73.45332610885926,11.497378636768635,16.622066897440533
2021-02-26,402.71,68.61695921384377,11.512054140014548,17.29428405218094
2021-02-27,401.86,69.37944514790046,11.50105246401713,16.97131110288632
2021-02-28,402.9,67.52199587843552,11.484109925712154,17.08962497916132
2021-03-01,403.37,67.80722369056004,11.500543597151117,16.961232165356456
2021-03-02,404.2,70.1013610524194,11.502092655755064,17.227495898626916
2021-03-03,401.58,72.42305853688866,11.501391402609393,16.904969082309364
2021-03-04,403.24,72.45190651135026,11.501856723600058,16.79391106336648
2021-03-05,402.13,75.61397306372713,11.488857170392421,17.16123585951334
2021-03-06,404.01,71.23349419063527,11.506013422737382,16.695243065378712
2021-03-07,401.83,69.38462722321529,11.498876701083725,16.582113965271557
2021-03-08,403.61,71.02664416799233,11.484041533578266,16.888992174478826
2021-03-09,400.4,70.55867402072741,11.492146013134551,16.092400361050995
2021-03-10,404.58,74.28835911377318,11.50105386015419,16.394539602820824
2021-03-11,405.41,74.36521376871214,11.4963942028506,16.9939784053101
2021-03-12,404.67,71.4761243883523,11.49120759780824,16.890301736279504
2021-03-13,404.74,70.28579821444572,11.490579858318775,17.09874330849989
2021-03-14,403.36,71.42611087695201,11.510406686013685,16.832399125499908
2021-03-15,404.57,69.20744370479932,11.474480469398932,16.84251379671157
2021-03-16,403.19,71.3701113073079,11.505730512612647,16.79775780169113
2021-03-17,406.16,67.35202866007594,11.48426269504404,16.548063301212984
2021-03-18,404.86,69.96669841729765,11.505536746832437,17.153587385383485
2021-03-19,407.71,68.6780075965085,11.49954503863892,17.26317949923883
2021-03-20,404.77,70.58777479530849,11.496287843464245,16.38749436689202
2021-03-21,405.79,69.99179198018622,11.487111529932026,17.10368292747371
2021-03-22,406.7,69.33148982484215,11.513924915857078,16.704620530223643
2021-03-23,405.16,71.27626706623967,11.497811481412787,16.921606397266764
2021-03-24,405.25,70.52893611039946,11.48754291540015,16.87770088558671
2021-03-25,406.98,69.1037734689929,11.493685789657128,16.528960470269944
2021-03-26,406.8,71.67756004069189,11.501316365704294,17.106284677506327
2021-03-27,405.73,69.99395248903706,11.47820845810979,17.03581645367118
2021-03-28,404.42,68.16711051939095,11.496763456935415,16.420479571701772
2021-03-29,407.36,72.92700571860796,11.490853469511615,17.293228117627145
2021-03-30,407.1,70.36576016211664,11.498554408222494,16.479204382985642
2021-03-31,407.98,73.11854065153007,11.478959707118387,16.96233244574896
2021-04-01,407.02,69.64285573827259,11.514929901018053,17.078413037991396
2021-04-02,405.19,71.24836984154396,11.501249952492955,17.030253581288765
2021-04-03,409.75,69.16120020216405,11.490142181896617,16.57190614796842
2021-04-04,406.62,69.22295066262438,11.504951544040782,17.18668783787892
2021-04-05,407.5,72.74213489220188,11.503623697595161,16.98570194530224
2021-04-06,407.2,72.83304499174446,11.49938012176847,16.94466804892652
2021-04-07,407.68,69.11891048109658,11.504181212250808,17.244788408561767
2021-04-08,407.74,70.43867023826893,11.509020733568931,16.461570165909546
2021-04-09,405.3,72.28690712732977,11.517341407155554,16.901675112393217
2021-04-10,406.19,71.48581810612843,11.486550201271296,16.823965036956874
2021-04-11,409.39,66.66663155896423,11.490059268877191,16.84739947252298
2021-04-12,407.93,69.96591306311927,11.487928310360655,16.871729353977134
2021-04-13,406.02,72.12403778139485,11.50960904691881,16.558799032659675
2021-04-14,409.51,68.29919810214223,11.498826269498963,17.116404532310202
2021-04-15,407.7,68.82250861872394,11.510613950328414,16.8390828984119
2021-04-16,407.27,72.04966395408343,11.493088982939053,16.3348377471585
2021-04-17,407.19,71.5888472603546,11.513048873907282,17.007726674924584
2021-04-18,407.39,70.02668862782112,11.49537551847068,16.818093362905657
2021-04-19,408.74,71.55364369007734,11.485536227678077,16.256772608646912
2021-04-20,408.82,71.9368156865409,11.504831734587508,17.241507612099305
2021-04-21,408.85,69.21528285652394,11.486114723428205,16.883034910411205
2021-04-22,408.63,71.4595669653534,11.497406879219703,16.766022899799975
2021-04-23,409.61,71.09027270765716,11.52457109194001,16.76940493955524
2021-04-24,406.61,72.90257291912968,11.494679260640076,16.866503619928555
2021-04-25,408.15,68.1966926870414,11.496241770859445,16.922237313160135
2021-04-26,409.06,70.15336330334641,11.492840396695028,17.27079730009401
2021-04-27,409.53,70.14698202927161,11.505965830336127,16.78931985300292
2021-04-28,408.68,69.99996007357522,11.497393105115249,16.92259613854262
2021-04-29,409.01,70.2777880219381,11.516213552723366,16.940321657835494
2021-04-30,408.25,73.2583992945054,11.490639657331878,16.802980589584916
2021-05-01,407.92,72.08109233824321,11.48412906801499,16.69246029667242
2021-05-02,410.23,68.74970199673584,11.513846670756472,17.294588175496486
2021-05-03,409.9,69.53111943181364,11.490858531132496,17.65296845117013
2021-05-04,410.09,69.37917294432862,11.5089799331526,17.154994906972867
2021-05-05,408.79,74.33084988624728,11.501672303647718,16.249975184453103
2021-05-06,409.66,71.60190029340058,11.51527782975494,16.61928461060056
2021-05-07,408.13,72.62928208518603,11.495053982065295,16.338508567628356
2021-05-08,410.55,68.01639875449645,11.497255153345805,16.41105021261773
2021-05-09,408.96,67.50114427614069,11.51024831583901,17.288087502848317
2021-05-10,410.16,72.52997819384328,11.50632207567807,16.856437857794038
2021-05-11,408.2,74.44666557012597,11.497863572829926,16.930602317085373
2021-05-12,411.85,69.96576386028981,11.504037229834596,17.091860680930836
2021-05-13,411.59,69.4753781563355,11.486433909067685,17.51597369777502
2021-05-14,411.04,71.91951123437646,11.499676147578729,16.553686287798126
2021-05-15,408.7,70.8427332069929,11.50388736067231,17.201906054171722
2021-05-16,411.36,72.90718659262731,11.524252999741561,17.168657465958415
2021-05-17,411.71,68.18980694977131,11.501068067714975,16.951132884381117
2021-05-18,411.67,73.40603145780591,11.475385346653967,17.027859783857743
2021-05-19,410.03,70.00636392676363,11.5021228321207,17.095231185922085
2021-05-20,411.31,69.64204468858551,11.504268740807436,16.549161333824856
2021-05-21,410.89,70.5924890824692,11.492450122899978,17.12663465718179
2021-05-22,410.79,70.7781262277924,11.495055362944324,17.336523452002666
2021-05-23,412.98,69.66095653347698,11.511697918329318,16.44595707415989
2021-05-24,409.54,67.3105299733294,11.507406166089458,17.011154034781487
2021-05-25,410.49,71.27443817309323,11.483920836600175,17.881850934392332
2021-05-26,410.85,67.95934871580228,11.514647281990284,17.221908767291623
2021-05-27,411.52,67.96734625288492,11.499634598136918,16.903586379426727
2021-05-28,410.16,71.86147877506016,11.51240987154631,16.92613626021254
2021-05-29,410.96,70.67613251258958,11.501579110932584,17.295179035246314
2021-05-30,410.67,67.19901020154062,11.503279630654175,16.697883544542872
2021-05-31,412.98,67.93025469212145,11.484428916849795,17.220292761547537
2021-06-01,413.09,69.24007538577868,11.497513899973947,16.509539489412244
2021-06-02,410.8,72.1867809505156,11.489223364019425,16.677665283645652
2021-06-03,414.0,71.07872699381986,11.479469880912825,16.816661588439022
2021-06-04,413.38,69.04357901445623,11.509961106334782,17.478641545344964
2021-06-05,412.14,71.04161435783904,11.513478263124092,17.343605830991145
2021-06-06,412.21,69.10317932076556,11.501920685375708,16.738766170698856
2021-06-07,413.46,70.15524338190941,11.493212244734604,17.065873443053615
2021-06-08,413.25,68.63348106118961,11.496173665645964,16.59200961050496
2021-06-09,413.18,68.04677230355045,11.477581422325272,16.972363132725288
2021-06-10,414.94,71.4767691678849,11.505277377697066,17.29249219885088
2021-06-11,411.77,69.1818533158116,11.491048981797228,16.836302726111537
2021-06-12,413.94,69.80159835644099,11.497877215152453,17.00231681081877
2021-06-13,415.82,73.26614992610784,11.49774407459707,16.635755931837064
2021-06-14,414.98,72.27080510078433,11.52064955311572,17.225830419741254
2021-06-15,411.43,71.15866694391364,11.52028520160023,16.640663336579788
2021-06-16,413.49,71.05302996719867,11.511468962429891,17.264730014320147
2021-06-17,414.04,72.49895907998658,11.503481644350972,16.300743236658093
2021-06-18,415.88,72.41586210032817,11.470133594627821,16.496825092210845
2021-06-19,414.76,69.33288849216223,11.493093066364363,16.3792494025947
2021-06-20,412.74,69.68308781575317,11.488366614702935,17.08310198184106
2021-06-21,415.57,75.16655203526297,11.484577077888991,17.10818530495257
2021-06-22,414.71,69.40040065193928,11.48934369009999,17.139018646768122
2021-06-23,413.27,70.84306492658236,11.493819471971866,16.836632402402408
2021-06-24,414.28,76.56570971738574,11.491906570784497,16.705754735364202
2021-06-25,415.49,70.10051193293036,11.48697988486898,17.182409517275524
2021-06-26,415.07,68.47368617427328,11.49415077130815,16.901517737912293
2021-06-27,413.28,69.58491837946812,11.488403384892626,17.37948515674768
2021-06-28,416.68,71.70444697150828,11.509087096764972,17.05009785414402
2021-06-29,415.49,68.70466754323046,11.511408467551668,16.39115746095023
2021-06-30,416.83,73.30616713181236,11.50208867762096,17.407071895724187
2021-07-01,413.51,70.97482534397327,11.500382046367202,16.67812618313558
2021-07-02,415.83,72.39392745710495,11.483253177718286,17.247081651352755
2021-07-03,414.48,74.41873688804064,11.511250898502732,17.480910813991457
2021-07-04,414.52,70.23358429414016,11.48209383668513,16.934822374627775
2021-07-05,415.24,70.72493960191355,11.484965771637262,16.50552840569606
2021-07-06,417.24,69.34308008792749,11.503692716144878,17.12077259546431
2021-07-07,415.43,70.26692446263135,11.524417004329738,17.128588418342197
2021-07-08,414.6,72.05274311998515,11.511237250347923,17.023716460077956
2021-07-09,416.68,66.58937973304303,11.506485022743984,17.192438715602346
2021-07-10,416.58,70.47918247965889,11.496259255613431,16.96623510414742
2021-07-11,416.1,68.98783817741327,11.510342851332403,17.220251005551464
2021-07-12,416.28,70.0356125852003,11.483730714024448,16.460185415930148
2021-07-13,415.87,71.79435894073123,11.500633360502086,17.928361415848713
2021-07-14,417.58,69.253019185286,11.511105731418889,16.911470158040334
2021-07-15,415.4,68.31605154962124,11.498881484613806,17.036412520853606
2021-07-16,416.66,70.8016719312394,11.51740805420869,17.544431989493134
2021-07-17,415.27,74.27244075891561,11.49605954359206,16.402692901710022
2021-07-18,414.71,67.98025400914676,11.485972659511399,17.07374345652194
2021-07-19,417.85,71.55666990590733,11.52434904560767,16.875623084833048
2021-07-20,416.19,71.54535561530479,11.512518196989044,17.21814955752116
2021-07-21,415.29,68.48917217157837,11.510940163851103,17.042134243686228
2021-07-22,419.02,68.60789117769849,11.486736063775181,16.82669672453943
2021-07-23,416.61,69.62937328211333,11.508799591591005,16.92722174306338
2021-07-24,417.33,71.44246713820661,11.495217054271118,16.805289730395383
2021-07-25,415.7,69.55077569433922,11.493441255285461,16.98499273731263
2021-07-26,417.23,68.27842847098646,11.482324786611771,17.08297385502483
2021-07-27,417.88,75.41531568104672,11.498185497752871,16.672221411188964
2021-07-28,419.47,71.54448157865339,11.492881504406373,16.991189434024676
2021-07-29,418.02,69.70395753225804,11.509370727382885,17.338804134510667
2021-07-30,416.93,70.2259120182134,11.52069760262696,16.631819074165
2021-07-31,419.2,70.01565333048471,11.478559163889534,17.17579093948332
2021-08-01,419.01,71.96834331586294,11.492898874144535,16.637377607361962
2021-08-02,419.0,72.79868417730347,11.49946456324384,17.318180903504693
2021-08-03,420.51,70.02926498813275,11.494602554884558,16.966856349622642
2021-08-04,417.6,71.84785371895536,11.47760222092327,17.176366162934304
2021-08-05,415.84,71.75681241536954,11.490611618325458,16.80373555507676
2021-08-06,419.43,70.86545275848863,11.497946483578271,17.158947116930083
2021-08-07,420.23,74.37165482318147,11.515013268890673,16.787545070689127
2021-08-08,419.76,70.16497816015351,11.520278575858388,17.155510024730248
2021-08-09,418.68,71.69223538769076,11.500449926153498,16.84182772808793
2021-08-10,420.1,69.89506426407293,11.503844199691246,16.933887636808592
2021-08-11,418.33,70.68905290151196,11.494654601643973,16.372540671918316
2021-08-12,420.14,72.28991120784329,11.520047225606822,17.239584799289265
2021-08-13,417.2,72.18014841044855,11.508039840613028,17.643622324978825
2021-08-14,419.24,73.41854152988277,11.51435220089586,16.536689039026882
2021-08-15,419.75,69.11500796878143,11.495089337890954,17.476134345525487
2021-08-16,419.81,73.08860050424863,11.49478100849254,16.753858313089783
2021-08-17,421.6,70.82375783982575,11.5092985024935,16.948243717384553
2021-08-18,421.15,72.06849246867759,11.498834986002189,16.67619818998327
2021-08-19,421.93,73.52188034283303,11.477443171216574,16.708623334154083
2021-08-20,419.19,72.34039727487394,11.502558814498581,16.962498140247817
2021-08-21,421.16,73.0387330313335,11.47939784789365,17.481335647195646
2021-08-22,421.26,66.60604122639003,11.525554700587467,17.079626537205694
2021-08-23,420.92,70.26502040698995,11.484551099156072,17.0099289631303
2021-08-24,421.07,73.40525116406299,11.488405244365223,17.697293982830974
2021-08-25,420.48,69.64160004794772,11.500416701903218,16.85329878318738
2021-08-26,420.14,72.56852917383965,11.49200942678707,17.09093320164239
2021-08-27,420.69,70.39424263285737,11.500322036680247,16.756441889919827
2021-08-28,419.8,69.92855561050308,11.495599648745962,17.20597476053203
2021-08-29,423.54,70.88339326825732,11.498969931871976,17.345642269982193
2021-08-30,420.18,69.68529848491559,11.510314813756459,17.36178788500711
2021-08-31,420.65,72.10596545594068,11.50777885389114,17.188244915858125
2021-09-01,422.63,68.21739288740916,11.486416329286914,17.37858995471559
2021-09-02,422.08,68.18053914879735,11.499576235017459,16.459495330843108
2021-09-03,423.22,69.13840721746652,11.510175273446043,17.197469995107983
2021-09-04,423.44,69.29973113044285,11.499900924067251,17.35417152912929
2021-09-05,424.07,71.17888275053322,11.477253005434996,16.605393606465906
2021-09-06,421.78,71.58378991770535,11.498531263510158,16.12597089361447
2021-09-07,423.32,68.46348864927897,11.49395610600447,17.13839864230442
2021-09-08,423.1,72.5865450844997,11.501045611850014,17.416497949029495
2021-09-09,426.14,75.84297261611304,11.523854253831136,17.20599224557199
2021-09-10,421.75,72.08238036688392,11.495943783787634,16.944791187804842
2021-09-11,421.8,70.69589257007883,11.508983357712678,17.016711047775512
2021-09-12,424.39,72.26242454336231,11.48827301006713,16.728419464413708
2021-09-13,424.72,65.80302134406509,11.511773740210774,17.276062585953586
2021-09-14,423.08,67.21289276466399,11.508090371114143,16.444860628256272
2021-09-15,423.58,69.80467544791114,11.508324832033765,17.133180248772323
2021-09-16,423.76,72.25209118764138,11.505744557672648,16.890260114510237
2021-09-17,425.51,73.77481914584907,11.495732993943465,17.320941908083775
2021-09-18,421.93,68.1280305144166,11.498261881507181,17.396975216651732
2021-09-19,423.1,72.05738399498547,11.50159901210105,16.95950343373813
2021-09-20,423.97,68.0539821240986,11.496635184989055,17.022988827357715
2021-09-21,426.93,70.86279392269198,11.484773334933822,16.467657082929122
2021-09-22,422.57,69.62394008404968,11.491244393856146,17.073997336700895
2021-09-23,425.29,68.96706205373792,11.493601760437151,16.74829474756428
2021-09-24,421.0,73.68773731697004,11.513199465553082,17.069061972745377
2021-09-25,425.49,69.30240095815464,11.504033482758613,16.911849078253212
2021-09-26,424.63,69.23195140017154,11.510372810696273,17.620439538222808
2021-09-27,426.34,70.69334516934818,11.494391006021798,16.713899019239825
2021-09-28,423.9,72.21008011309087,11.489077743327472,16.640442135761344
2021-09-29,427.87,72.34292345887181,11.498384762047314,16.778015742928982
2021-09-30,423.29,69.87750494983845,11.507024392952946,17.824016445392598
2021-10-01,425.4,69.39722035381845,11.506047795870158,16.633068229619973
2021-10-02,424.32,68.07875352578687,11.49831983571276,17.39051175454913
2021-10-03,425.74,71.69746470566896,11.493143195375469,17.258895013643578
2021-10-04,426.08,70.12407788119728,11.50111758830764,16.868195319121355
2021-10-05,424.8,70.31864915752426,11.502868510291744,17.618096597099033
2021-10-06,427.27,70.11217036553066,11.501826793630368,16.467027751234117
2021-10-07,424.78,71.9625345426099,11.507291265648181,16.57775390243437
2021-10-08,425.65,70.6338372694783,11.528398765913384,16.751299799195788
2021-10-09,424.76,68.7437305968521,11.502987936762505,17.079576832836235
2021-10-10,426.52,70.56321271935883,11.513015083929876,16.912903007834554
2021-10-11,427.47,72.19115075088833,11.497211338363236,16.94384666045564
2021-10-12,426.97,68.9846707638742,11.50109118251867,16.710460011613037
2021-10-13,427.21,71.85843992198147,11.499130556589664,16.5903829604559
2021-10-14,425.83,71.04690295863826,11.459137479791238,16.79536038045624
2021-10-15,425.45,70.93304784420141,11.507498925736893,16.54946823897103
2021-10-16,427.07,71.40334453683289,11.499507765706566,16.97756298482706
2021-10-17,426.39,70.73747062592541,11.500935152098526,16.12129006529887
2021-10-18,426.84,71.4842136750154,11.512791682736584,17.30596355112244
2021-10-19,426.14,70.94619574308797,11.489469870875379,16.757949759562514
2021-10-20,426.1,73.27261533383256,11.497967645853349,16.93476723466977
2021-10-21,429.07,70.39362886984381,11.485871922191043,17.32446869596733
2021-10-22,428.02,70.82110916031105,11.518114197741005,17.56177253571783
2021-10-23,428.6,73.40907659920833,11.52023683667595,16.9290618806069
2021-10-24,427.05,72.40979421933976,11.510100555506298,17.27580675682212
2021-10-25,427.9,71.27431120790298,11.505255365662103,17.46033655401617
2021-10-26,426.78,72.4582074348012,11.507192732768022,17.01343523886819
2021-10-27,428.95,73.1268694879894,11.48889968787227,17.11912046116171
2021-10-28,427.76,70.99678348802813,11.511694435387339,17.26594733935691
2021-10-29,428.41,74.12121311514501,11.484098202499172,17.11388442906716
2021-10-30,429.67,70.0843979346899,11.497145269874881,16.258976084606253
2021-10-31,429.43,68.6029106816604,11.500668697813007,17.465546260637055
2021-11-01,429.7,68.89157846911614,11.497332926766457,16.91671790978954
2021-11-02,428.17,70.83897262061394,11.490993275375347,16.128938761861313
2021-11-03,427.95,70.52766814614333,11.49788346978257,17.199694968438102
2021-11-04,427.76,69.42795033710215,11.50089946542616,16.999651982796166
2021-11-05,428.42,71.21157994669905,11.514869657547358,17.539249810985456
2021-11-06,428.89,71.67242364120071,11.502029487453338,16.837425655313453
2021-11-07,428.45,75.63559292688907,11.500200796676543,17.015109522342037
2021-11-08,430.12,71.33436013890997,11.512273984667836,17.021811255781152
2021-11-09,426.6,70.03813741052456,11.476406694446784,16.916174113087024
2021-11-10,428.76,73.44069582854804,11.495450972931563,17.17116177866835
2021-11-11,428.48,74.03346633471452,11.507526044622121,17.071609188265015
2021-11-12,429.54,74.92594614486958,11.503464832537983,16.91706645494609
2021-11-13,432.01,67.23358827612046,11.517988564290981,16.943734142435662
2021-11-14,428.27,71.70987445683585,11.500517313631098,17.249013736622164
2021-11-15,430.4,72.25780137161603,11.501936605865932,16.603494693031653
2021-11-16,430.03,71.2968666207507,11.516829208124172,16.90587016214501
2021-11-17,429.92,70.9281107419881,11.498919207003128,16.754334838162826
2021-11-18,431.34,68.99917144092842,11.525935947807424,17.061852137791295
2021-11-19,431.15,72.40933578583982,11.493117797830923,17.167194824561292
2021-11-20,432.25,69.77199580177748,11.509570646538801,16.68165356309265
2021-11-21,431.91,71.02446276851633,11.502175583192521,16.663449174344013
2021-11-22,428.08,68.9709364833298,11.492391300555195,16.70132000879518
2021-11-23,433.63,69.51078484635896,11.514460124015702,16.622977786500233
2021-11-24,429.49,72.1059428824278,11.492426974890678,16.412377825244292
2021-11-25,432.82,71.18882240715688,11.500725968662731,17.010155033467694
2021-11-26,432.19,70.02009880197144,11.504507540262688,16.77948858901513
2021-11-27,431.0,71.8426790555525,11.49388850320811,17.334617456982873
2021-11-28,431.43,71.63965890841293,11.508145487479506,17.411990541976483
2021-11-29,432.27,69.57340159972514,11.499719402625573,17.355798882623972
2021-11-30,430.36,73.36931479155075,11.50062995323143,17.68567284045255
2021-12-01,432.32,71.68986800971113,11.492363446727605,16.926734107094838
2021-12-02,431.18,71.71813979137886,11.498124614498002,17.06348517368404
2021-12-03,432.36,71.75651579734499,11.509065133025496,16.913108085490254
2021-12-04,430.54,68.7412037778322,11.512366872110977,17.098709682239495
2021-12-05,433.28,71.20099116105445,11.503536427014671,17.015502176935097
2021-12-06,433.61,72.80521625715828,11.492343949456464,17.095547247177965
2021-12-07,432.25,72.31920205224333,11.496625768627657,17.52535150563868
2021-12-08,432.92,67.79877233376013,11.492823701174268,17.051913397164938
2021-12-09,433.84,68.78366263476691,11.50409605967498,16.400387793027765
2021-12-10,432.46,72.31829542297393,11.51414847573562,16.684031511177068
2021-12-11,433.06,69.63379814448855,11.500258286814763,17.289581792927862
2021-12-12,434.07,72.69791207505003,11.50400373892048,16.90229463720351
2021-12-13,433.19,70.03281492175364,11.50307601961727,17.14031402480303
2021-12-14,435.06,72.49387168165644,11.492285580470393,16.600862811279047
2021-12-15,433.52,72.73543447207213,11.481848964321781,16.434947240588503
2021-12-16,433.42,71.624967107586,11.504700496102148,17.013581049413542
2021-12-17,434.68,72.70673491506723,11.49472045817859,17.410198404559285
2021-12-18,434.55,71.58597439424585,11.503464343094693,16.862965826957762
2021-12-19,434.41,68.12758918702242,11.50066517078878,16.65564473627557
2021-12-20,434.13,70.41461246551664,11.492314911650373,16.46104381061009
2021-12-21,434.25,67.10056445215403,11.510945488037018,17.516047795759132
2021-12-22,434.52,69.12221572091808,11.496999557841727,17.25809445001632
2021-12-23,433.79,73.29276263175623,11.511827715557878,17.246150242510335
2021-12-24,435.77,69.19881967967142,11.489646479983355,16.55079469731796
2021-12-25,433.76,71.22584678690265,11.480462271364408,16.834394728941653
2021-12-26,433.99,69.92812638207599,11.494366025408642,17.831300548085967
2021-12-27,433.64,70.26175691655538,11.49231480377965,16.692010999093203
2021-12-28,433.93,72.85500998332795,11.493317989840126,17.45290344114729
2021-12-29,435.42,68.50449068494127,11.508366402743828,17.400998461985473
2021-12-30,435.92,71.45192626084618,11.495295976346688,17.045374258911348
2021-12-31,436.07,72.87985530793924,11.498155507191242,17.179157285660942
2022-01-01,436.62,101.57209145943168,15.484674590715766,18.329715131283233
2022-01-02,434.96,96.47424460539095,15.490911464267898,18.704837476153415
2022-01-03,434.91,108.3378486636135,15.474745577073238,18.50766946902306
2022-01-04,434.96,100.6598884519402,15.50437956441197,19.034490817388345
2022-01-05,434.19,107.32794589999588,15.522968904578173,18.51906749454573
2022-01-06,437.73,102.29917381813051,15.50990073818228,18.796082973717784
2022-01-07,437.42,99.67234158593953,15.503881692026022,19.139018979041687
2022-01-08,437.44,95.94333649862173,15.48266030728225,18.452678500223296
2022-01-09,437.38,99.11916859159398,15.489151611267038,18.867988360895094
2022-01-10,435.36,100.44395494828193,15.47137969773866,18.700346097385488
2022-01-11,435.0,99.62283609394763,15.49399218126032,18.096870098980904
2022-01-12,434.8,103.14601412293787,15.488868932088971,18.209101925557704
2022-01-13,436.39,99.526146595128,15.499454273411686,19.08349894634464
2022-01-14,436.25,98.38654216782795,15.516431862902564,18.945243342670146
2022-01-15,434.8,106.5749418748125,15.48656438968259,18.376323086099514
2022-01-16,434.44,94.9092266261314,15.515996197120554,18.608171181703355
2022-01-17,437.41,101.71803565861208,15.519650277468873,18.74842209119273
2022-01-18,436.03,103.15728121484749,15.499357646988917,18.944519811373212
2022-01-19,436.02,102.64000525096331,15.502803116396876,19.31583642460011
2022-01-20,435.54,95.80224657670314,15.47937632079163,18.914125930070366
2022-01-21,436.31,97.56350323311052,15.510438666418151,18.840391899393413
2022-01-22,436.72,99.94696109776015,15.497619960875856,19.242920871343422
2022-01-23,437.37,98.95140314575838,15.51686868632391,18.8751529666861
2022-01-24,437.93,103.45001359984158,15.518754744629385,19.266810743488712
2022-01-25,439.05,104.59421614632583,15.51677689530885,18.616720838747046
2022-01-26,438.5,105.72148992736088,15.485406322158955,19.335028307155643
2022-01-27,437.16,103.55488472229501,15.511172038339286,18.524112530922938
2022-01-28,438.02,102.6103291848915,15.486373375614793,18.71236997247386
2022-01-29,436.03,102.90974603854738,15.518049870844541,19.28548890894576
2022-01-30,437.9,102.2141895793181,15.51357020292476,18.600028265232833
2022-01-31,435.9,96.9645902111286,15.517179394325478,19.02556231462878
2022-02-01,437.49,97.52073591697972,15.521322431396177,18.560354547295006
2022-02-02,439.26,102.5677807795046,15.491352652565212,18.53440476446403
2022-02-03,434.77,98.97431985156388,15.516963244404383,18.918198871748473
2022-02-04,435.8,99.50474118799282,15.482674186869236,18.752025225512714
2022-02-05,437.45,105.14721620733917,15.480449648446873,19.13845258819277
2022-02-06,435.48,104.71254261551854,15.49996956579772,18.877967064149534
2022-02-07,438.52,106.43739113845567,15.500929454662314,18.882994787560435
2022-02-08,437.13,101.13240622192711,15.512019975621365,18.44635566137567
2022-02-09,438.74,96.66895369096166,15.479322419757239,18.931165535027453
2022-02-10,437.58,95.99303947450024,15.504009187280907,19.184371329943463
2022-02-11,438.22,102.31665021819354,15.496351028334816,18.477208853016744
2022-02-12,439.51,99.63958500471927,15.525872664029265,18.692949596517973
2022-02-13,439.97,98.52284567795752,15.520070845930306,19.571948736360607
2022-02-14,440.52,98.6238236409788,15.49370542909772,18.889205503081197
2022-02-15,436.36,102.25865603717594,15.541117911231192,18.512081699367986
2022-02-16,439.01,98.03566843226875,15.507639234979942,19.404753684249563
2022-02-17,440.05,97.32955267833144,15.478332156824624,18.346271736549824
2022-02-18,440.2,102.39320767622922,15.513148549804429,19.55905453229961
2022-02-19,438.01,97.05784751501388,15.468134552661263,18.129143164686635
2022-02-20,437.68,100.78086001419162,15.505119901340011,18.338084654018765
2022-02-21,438.85,102.04279221346022,15.495436853544724,18.83837232960196
2022-02-22,438.66,101.32195055467882,15.509614492858416,18.561362373124908
2022-02-23,439.55,94.38173756706398,15.502597694664429,19.009379791401706
2022-02-24,439.97,100.44331444469974,15.490916998405469,18.719441765407442
2022-02-25,439.63,98.21966021420067,15.518566922676154,18.784715664073925
2022-02-26,439.45,97.18756014690945,15.511837934640313,18.358545326924425
2022-02-27,441.25,98.07523355307157,15.504826920824874,18.877451410423266
2022-02-28,440.4,99.41578378408681,15.500991840370375,18.63877116921894
2022-03-01,442.0,101.4738634304718,15.462078458120734,19.335397582542576
2022-03-02,440.77,101.77297184768398,15.487327811486624,18.784131606436937
2022-03-03,440.09,105.74034294752725,15.491665843551111,19.40213669266147
2022-03-04,441.44,103.41307877171722,15.490509550635899,18.673211420858298
2022-03-05,439.07,106.04749417309297,15.472370811428005,17.938849119550042
2022-03-06,440.2,98.06354880530704,15.491298259002921,18.551183067708884
2022-03-07,440.48,100.31599544074417,15.519801960632224,18.875708247467262
2022-03-08,441.38,98.3686027502384,15.497694859235,19.051051779742068
2022-03-09,440.19,100.16059023608467,15.51801658369126,18.32987565219918
2022-03-10,442.86,103.86743280699858,15.51095500418546,18.86046828748511
2022-03-11,441.43,98.2630007146895,15.478208149510792,19.062692858360208
2022-03-12,442.52,95.45252820940155,15.492720449605809,18.43643874239849
2022-03-13,441.56,101.61086195750558,15.49875996995689,18.314788045971884
2022-03-14,441.29,98.73630984487458,15.467956199953129,18.931838060642054
2022-03-15,441.25,96.54766184626618,15.532539420577253,18.399333172654504
2022-03-16,442.15,101.00818237578854,15.510542667560628,18.98380560586215
2022-03-17,441.86,103.01229481837521,15.52290123628356,18.637889675931305
2022-03-18,440.49,99.37945477631449,15.506457876673377,18.702993012972037
2022-03-19,441.37,95.61470699292013,15.516804021718837,18.773086630590427
2022-03-20,440.89,98.09374091710762,15.495777095694844,18.303435698479117
2022-03-21,441.23,97.01255710103294,15.498276029616537,18.319585649338674
2022-03-22,442.4,103.58937949030438,15.489545945787883,18.87891571085645
2022-03-23,440.52,99.37006351312311,15.481997396776743,19.43470029807257
2022-03-24,441.96,103.61584845987348,15.50976448436149,18.738785202905074
2022-03-25,444.55,104.75206926960954,15.49433419715709,18.672303844672488
2022-03-26,440.08,102.82578769232173,15.49429681559605,18.34692658149685
2022-03-27,442.25,107.35922109582016,15.51605743213544,18.590678209387168
2022-03-28,441.79,99.16476882017166,15.515938139138694,18.712685376327357
2022-03-29,444.57,106.23559921143456,15.509919949561608,19.238282646772173
2022-03-30,444.02,101.87198817253366,15.500822785784372,18.928164974155084
2022-03-31,445.67,97.02685683626416,15.518339513118203,19.228320738355563
2022-04-01,442.31,99.14130730098192,15.494444314424664,19.716849960394647
2022-04-02,441.54,96.20896970023296,15.502638095751214,18.27547661827675
2022-04-03,443.62,96.69520630216711,15.500178664491427,18.980380384570594
2022-04-04,442.53,99.36779368757938,15.494235453471308,18.99601901321246
2022-04-05,443.76,99.07178904203924,15.51605003988365,18.34713529130761
2022-04-06,443.83,95.73453352779556,15.511726282471413,18.729812962393435
2022-04-07,443.32,103.93928152569035,15.494290789453832,18.99082884190278
2022-04-08,444.77,102.95453657680731,15.4851284630768,18.67566827549079
2022-04-09,443.53,98.71106948521239,15.495709351935043,19.03341438508638
2022-04-10,442.31,96.14659259474284,15.493695734841083,18.761881673362996
2022-04-11,443.83,104.9931874531741,15.517914522804656,19.07684451915201
2022-04-12,444.03,103.81907973213609,15.52837140404058,18.571911932873704
2022-04-13,440.73,99.83838652899261,15.520666664353714,18.5363263789145
2022-04-14,444.03,98.0462952608308,15.527717629212855,18.812081610162675
2022-04-15,441.63,105.64306606728302,15.506226313211883,19.30477252971633
2022-04-16,442.71,99.90737215440208,15.482036715805421,19.060534033890942
2022-04-17,444.36,98.86790347212569,15.51214539934908,18.530303599615856
2022-04-18,445.65,101.51815406334917,15.49191547380775,18.567080308725053
2022-04-19,444.33,99.16470534569378,15.510634717125994,18.76978671276954
2022-04-20,443.14,96.04213594315979,15.499236240715225,18.665885128125236
2022-04-21,445.65,103.97462073800686,15.527329536172266,18.977600887907926
2022-04-22,447.13,103.63978285253597,15.473923581208371,19.189769659616946
2022-04-23,445.14,101.0348943191413,15.506908534661477,18.794680457387
2022-04-24,443.57,99.13160690224497,15.481120543850063,18.985891823541262
2022-04-25,444.48,103.21312823800021,15.485590622255204,19.1206174601748
2022-04-26,445.1,104.85458998201929,15.513121284537432,18.665289605627333
2022-04-27,444.68,101.60290938603688,15.531534193483282,18.64760800197798
2022-04-28,445.93,101.75066205506472,15.49576165181878,18.55298069566975
2022-04-29,446.3,100.07747080905771,15.506043523056116,19.009471866322517
2022-04-30,446.36,104.31878513014935,15.500962661903209,19.425148250380385
2022-05-01,446.41,103.65297177436955,15.512219413886093,18.968880036414607
2022-05-02,447.11,98.39866225869481,15.488968834232672,18.313117904066203
2022-05-03,445.08,102.15010426834961,15.501446705104703,19.227418980822744
2022-05-04,444.84,101.68601459506502,15.486738699289344,19.31425322694311
2022-05-05,443.73,98.90407757843657,15.487942945595963,18.97913213648652
2022-05-06,446.04,98.32410083157541,15.506733105268248,19.04445480343246
2022-05-07,446.01,95.22421096444377,15.496542375780535,18.58411665244075
2022-05-08,444.79,102.41655776020194,15.475168772189424,18.90016186250257
2022-05-09,445.22,102.84367493468781,15.543367520175845,18.23983083517623
2022-05-10,447.96,98.25655504395024,15.516451927206225,18.76021054494278
2022-05-11,443.34,99.64080822642109,15.509246078189536,19.460829936449418
2022-05-12,447.38,100.35083924788013,15.508925954462777,18.5511097377696
2022-05-13,445.1,96.34315562528869,15.475786865839526,18.972056198433258
2022-05-14,447.16,100.79135608697153,15.52910336346548,18.24008558027833
2022-05-15,445.77,101.53329459530389,15.493299950319786,19.077517405721647
2022-05-16,447.53,99.01318097830722,15.479231371633743,18.813190190181384
2022-05-17,445.93,101.68391253786135,15.506521419918142,18.6653626848703
2022-05-18,446.44,102.78294509149129,15.502515893773387,19.107621175492568
2022-05-19,445.92,102.4862854484419,15.514647004600995,18.845293308359903
2022-05-20,447.31,101.76076504620178,15.512095556151824,18.368233746303357
2022-05-21,447.52,99.53477445688647,15.506798315644865,18.7642019435091
2022-05-22,447.7,101.08790720235358,15.487299906798137,19.008743758597237
2022-05-23,448.82,94.93916671707079,15.503662800908508,19.433692456969418
2022-05-24,447.44,97.6273847207365,15.489913547846289,19.41614328127901
2022-05-25,448.24,100.35785366695586,15.478511187730318,19.148150254392878
2022-05-26,447.08,105.40471371134939,15.50172700212813,19.288140038411694
2022-05-27,445.38,99.50837460038989,15.517572273635372,19.51920058291939
2022-05-28,450.37,103.30247291683936,15.525020664002755,18.46537582602088
2022-05-29,447.66,100.02865214302842,15.492990754275752,19.196240906417447
2022-05-30,446.09,102.7451739015859,15.502591185699405,18.886103468303904
2022-05-31,448.69,104.18028617866227,15.520533939927265,18.908959978529943
2022-06-01,447.65,98.79727479902664,15.486540446082326,18.431315897587055
2022-06-02,447.63,95.4263356498931,15.500170575403173,19.259505264262557
2022-06-03,445.68,103.40039519167419,15.500937466376067,18.766822564465343
2022-06-04,448.52,104.27093179583756,15.522829889878432,18.04450519249985
2022-06-05,445.81,101.97664337577638,15.491031911269275,18.90713017498756
2022-06-06,449.41,104.1773060845931,15.49606209739472,18.73652177346339
2022-06-07,447.55,98.7904966735192,15.491082642097119,18.748203831132486
2022-06-08,445.75,103.10039910126473,15.505252554182663,19.25130615851393
2022-06-09,446.79,100.21531494590486,15.531670980782238,18.665785321211928
2022-06-10,449.76,102.42540678345118,15.500813225237948,18.90340619978272
2022-06-11,448.57,100.76510336274701,15.5214471908783,18.990561428953647
2022-06-12,451.92,104.70470574666138,15.502496491050024,18.765760336691898
2022-06-13,449.1,98.79154913090976,15.464890542711892,18.229455566840848
2022-06-14,450.32,98.01261760444578,15.487702484965267,18.20150797609568
2022-06-15,449.94,95.86002663473624,15.496809735267632,18.936704994765567
2022-06-16,447.84,101.23155363171124,15.507445104717839,18.76377978415059
2022-06-17,447.48,102.97430604319945,15.476973179054935,18.804704272777844
2022-06-18,448.86,104.35535972627954,15.515628726471617,18.742303998717116
2022-06-19,448.82,100.57800494795654,15.49062899641764,17.985752876536115
2022-06-20,446.73,98.89300813376856,15.510885054295594,18.77424963367078
2022-06-21,450.06,100.0934184784391,15.486176779539703,19.191218676227034
2022-06-22,450.56,100.0623475850717,15.51822956173832,18.597629417890754
2022-06-23,448.17,101.77906948356855,15.508564525177478,18.54110823342259
2022-06-24,449.65,100.93357677310323,15.484066026506445,18.836936576089393
2022-06-25,451.22,99.53737227976609,15.514529541197671,18.92141606406858
2022-06-26,449.59,100.82992484134991,15.501056725693903,18.220294409184834
2022-06-27,450.93,99.03689750258637,15.478123068986994,18.621737401614315
2022-06-28,449.71,100.21308011109721,15.5040830835816,18.757497612218163
2022-06-29,449.35,102.67456814988013,15.506575664941023,18.9018351886673
2022-06-30,448.61,100.66035762847157,15.487099477302696,18.960472523231974
2022-07-01,452.13,103.41312286286399,15.517779156511093,19.053894590004326
2022-07-02,447.97,98.84601547689893,15.521591539253151,18.267889587553817
2022-07-03,450.13,102.63511261429194,15.494874747101575,18.366000971114957
2022-07-04,451.76,98.27736397252986,15.479723764475379,18.957365907249887
2022-07-05,449.08,100.45098035232687,15.51519791135006,18.985322073667497
2022-07-06,451.21,94.40488449667686,15.500447049420721,18.4239848565116
2022-07-07,449.26,102.10938900060404,15.486424376360237,19.026558907661567
2022-07-08,449.59,100.59715463123092,15.4801551662232,18.575000843518374
2022-07-09,451.74,100.71080398571605,15.498140170023152,18.463698657031777
2022-07-10,449.42,101.12377336061864,15.507129598905859,18.100142575093646
2022-07-11,449.83,102.69509765072169,15.49585953134002,18.5862045802678
2022-07-12,451.19,97.92723714158419,15.491945337789092,19.112908115784013
2022-07-13,450.45,100.89918884191145,15.484346139667199,19.255116393199465
2022-07-14,450.57,103.2451464480919,15.502001334142546,18.705748954636654
2022-07-15,448.26,102.69976443559476,15.488851063652515,18.876569671760475
2022-07-16,450.65,96.07222992588265,15.50692273971054,19.310700043598548
2022-07-17,450.8,103.54999628620666,15.50720827504493,18.553040385849695
2022-07-18,451.79,103.16691030874752,15.48599293082835,18.838367565411364
2022-07-19,450.49,105.03961564301859,15.503370668278066,18.939091097573606
2022-07-20,450.58,102.66003843687896,15.511079696198033,19.337652967537846
2022-07-21,454.3,102.72772063199864,15.512647154560566,19.076319759400867
2022-07-22,449.86,105.5833834957901,15.496393690624732,18.747742698271743
2022-07-23,452.8,100.88070718831081,15.517818765193628,18.946766351871176
2022-07-24,452.61,99.1616154490792,15.51951000875184,18.87287603194481
2022-07-25,452.75,99.47026128394148,15.494202315577022,18.51360040698187
2022-07-26,452.85,100.65786153370493,15.49317923803145,19.316786885542868
2022-07-27,450.77,93.20192019421815,15.519375141212157,18.86522689121667
2022-07-28,451.47,106.10701739341766,15.478606061767406,18.35160571830357
2022-07-29,452.58,102.12380365733414,15.498228523758485,19.011083979363864
2022-07-30,453.62,103.6378475729463,15.516719793283706,19.07220861517503
2022-07-31,452.01,102.16751553234145,15.486413414006376,19.687813093905696
2022-08-01,450.69,107.25755150742964,15.507073989183276,19.448460438670654
2022-08-02,452.38,101.50074579448064,15.510794182539374,18.842250882946633
2022-08-03,453.72,102.54302876474459,15.488166359115208,18.338889872099333
2022-08-04,452.21,101.13707330856403,15.49012653244717,19.451132608485317
2022-08-05,452.8,98.68277685711594,15.498804707272944,18.603306369001047
2022-08-06,452.23,105.37584887628907,15.495474678380395,19.814538592521835
2022-08-07,454.4,100.35820504476415,15.493826492836673,18.510525825162436
2022-08-08,455.95,99.66907251427413,15.491756478848501,19.051025728361378
2022-08-09,454.36,100.87495381936498,15.487331203328653,18.41633496080184
2022-08-10,451.67,97.9159060963919,15.523598051404447,19.046959144363363
2022-08-11,452.9,101.64420100390117,15.476065394527769,18.277925856118273
2022-08-12,451.66,102.67294560236287,15.499594725019959,18.485407116765142
2022-08-13,453.1,99.37202821850202,15.48582337021231,18.15804648289019
2022-08-14,455.23,96.51556242485185,15.513891187715739,19.008027346171172
2022-08-15,453.98,102.12543718440136,15.503884083383328,18.481219235356207
2022-08-16,454.44,101.06487266920416,15.513055318211142,19.09788645156926
2022-08-17,453.37,102.84372944146698,15.500315645091808,18.012545132892217
2022-08-18,453.69,100.83135241881678,15.484380296290583,18.34202313068384
2022-08-19,456.44,101.14811703800729,15.516988998817494,19.43008316396737
2022-08-20,454.41,102.2632773840429,15.495897349312942,18.992413826893475
2022-08-21,454.6,97.8176344178262,15.508728052940192,18.998503328164556
2022-08-22,451.91,101.21416507462506,15.530238995880211,17.907497773540964
2022-08-23,453.67,97.76404275103665,15.508727572526654,18.6658461686966
2022-08-24,455.05,101.18767352422991,15.4981214033447,19.871112250718717
2022-08-25,454.82,102.0375787199163,15.501844587511345,19.1264730016608
2022-08-26,456.37,95.47280042093432,15.519756854943733,18.92341402811215
2022-08-27,453.08,99.04372720731106,15.505675796647562,19.223252085743066
2022-08-28,454.38,101.51964952852958,15.504749570417745,19.486117456304605
2022-08-29,452.44,105.01716227737089,15.48815706378944,18.952878705583696
2022-08-30,454.33,100.35380761623135,15.4949642342747,18.109907651640732
2022-08-31,457.05,100.65334016976291,15.487353003904762,18.390828872766278
2022-09-01,456.44,102.28396670837485,15.502532697338392,18.74449420838486
2022-09-02,453.9,98.18274919963142,15.4680870513172,19.67408979866591
2022-09-03,455.3,98.21487239055583,15.497712917593761,19.339214137988193
2022-09-04,456.02,102.37833798659071,15.51239926966323,18.683333390328126
2022-09-05,453.12,105.46030753626452,15.479524606648296,18.92132908691012
2022-09-06,456.55,95.34925270886947,15.50422850260061,18.62594740488027
2022-09-07,455.81,104.42004136676368,15.503531053827736,18.96470869819707
2022-09-08,456.91,103.23923970175697,15.46871525275635,19.090444383197987
2022-09-09,456.89,99.23522566632694,15.500950511441683,18.84550435593511
2022-09-10,454.96,101.47783312989793,15.499565820002733,18.83902125596518
2022-09-11,456.4,96.8801984972852,15.488437117615426,18.367044110706363
2022-09-12,457.49,97.94470745296849,15.507811044480896,18.75658482897687
2022-09-13,456.77,95.87387623166795,15.488028409883134,19.438244040298212
2022-09-14,457.24,101.20275221278315,15.483885992589622,18.144859441582255
2022-09-15,457.59,104.61828882921667,15.489240911521772,18.703722947156525
2022-09-16,458.67,97.3469617512191,15.498681487104964,18.664620082421234
2022-09-17,457.56,99.90980651709893,15.491323607271772,19.004662158272414
2022-09-18,456.42,103.22120178995269,15.526823445144558,18.779800837024755
2022-09-19,454.24,97.16451761528496,15.518301182591612,18.693997120977816
2022-09-20,458.54,101.34958780311727,15.517942439887884,19.11977543333874
2022-09-21,457.12,102.18516728274346,15.501536022192058,19.778044796639726
2022-09-22,458.08,97.9885453493741,15.517009501090971,18.282644162234693
2022-09-23,458.91,99.71048194136074,15.507725251907049,18.448336634854357
2022-09-24,458.86,101.89071112425803,15.535415461356108,19.2171840647593
2022-09-25,457.83,99.82696568646332,15.503790139397438,18.82174681019551
2022-09-26,456.52,98.5646202705332,15.466159891555291,18.823914892886627
2022-09-27,458.23,96.85016866048919,15.518532254287468,18.2275027256448
2022-09-28,458.46,104.28130881350594,15.490984496679836,19.060971267331446
2022-09-29,459.28,100.02913380532334,15.522141575098175,18.894987517759873
2022-09-30,457.58,104.20296608548735,15.493270265929496,17.91651783095203
2022-10-01,460.43,99.90730637103508,15.492028666061367,19.490425907944054
2022-10-02,455.99,102.94809423366519,15.501148464596952,19.157761542215802
2022-10-03,457.88,104.74411666622582,15.499141269196935,19.45417492360748
2022-10-04,457.29,100.48571712552175,15.518212071259684,18.749092539005808
2022-10-05,457.9,101.05853425442469,15.493951524303263,18.67823942105852
2022-10-06,459.17,98.95321374209306,15.480968243878102,18.59651004959159
2022-10-07,456.51,99.36737497712231,15.537131511922654,18.949027878632727
2022-10-08,455.41,103.08540482281748,15.505797954346649,18.788289540496248
2022-10-09,457.74,100.9251150748855,15.497166065525265,18.222275823701228
2022-10-10,458.63,98.01415820525685,15.47976627263101,18.103544447520246
2022-10-11,458.67,101.5215467724827,15.512652467412172,18.575940338396975
2022-10-12,458.12,101.47895607593321,15.501035489116818,19.23305988072116
2022-10-13,459.75,101.03772666681627,15.490785107226062,18.85709828684742
2022-10-14,457.55,97.8487762026642,15.48647415639071,18.416442938149437
2022-10-15,458.77,102.38496935631392,15.489401611849248,19.223781858388282
2022-10-16,461.15,99.19349556854971,15.479583800976068,19.628855640927863
2022-10-17,458.05,100.76933501240333,15.5041862608646,19.252345016605744
2022-10-18,458.31,101.48750634975055,15.490186793409737,18.542138285667036
2022-10-19,457.48,98.33041226023474,15.4882691846045,19.26694911676789
2022-10-20,459.64,96.87126638286927,15.501172041596725,18.933067844620563
2022-10-21,459.43,102.83845753243963,15.496508365018766,18.83898180509442
2022-10-22,459.15,102.17925243249047,15.51752295671605,19.440139015107817
2022-10-23,460.72,99.65098912571925,15.496909904413778,18.049467566069755
2022-10-24,459.03,96.7408238677353,15.508462143381577,19.29844555513685
2022-10-25,461.64,103.63471979395435,15.472593375006678,18.408196244409773
2022-10-26,461.62,99.39855809870222,15.477643338899195,19.048712911691762
2022-10-27,459.34,101.43464491897143,15.503064337922492,19.03501376651585
2022-10-28,460.93,100.08481739424663,15.506689518506457,18.934596977623013
2022-10-29,462.03,100.28422882111043,15.48243178167589,19.403182308050752
2022-10-30,460.19,98.7536331461868,15.485706429339041,18.795249291589172
2022-10-31,461.4,101.7490710084648,15.479126433296532,18.797876853392424
2022-11-01,459.3,102.85303329716676,15.512594939419525,18.88811340381892
2022-11-02,461.18,96.83156553192528,15.490583046078335,18.36848339413773
2022-11-03,461.91,99.11544976991212,15.502135648064792,18.74430010759173
2022-11-04,459.21,97.15955104747438,15.487074911588332,19.19134727204878
2022-11-05,458.97,96.5819418423494,15.523100251371467,18.480065882204958
2022-11-06,458.29,101.02963943786465,15.510683351304978,18.701222738464978
2022-11-07,460.91,104.0574482079245,15.497255331653571,18.91079238303749
2022-11-08,460.78,98.48269346056014,15.50214825199296,19.199035143670113
2022-11-09,460.93,93.41103817818461,15.505771022762813,18.841595240952177
2022-11-10,460.82,100.9591868650733,15.506932205705077,18.66090059073577
2022-11-11,461.52,99.41472603467258,15.495647648780311,18.930486815950356
2022-11-12,458.33,97.78034636154423,15.508045181840734,18.925023598711473
2022-11-13,459.54,99.04075592631763,15.502686052383032,18.74614967141185
2022-11-14,459.26,99.55177152026322,15.4880017980089,18.530254940987376
2022-11-15,460.52,103.23832578268107,15.512280330716248,18.439806334065846
2022-11-16,461.45,100.32094069744844,15.489327441145658,18.927039289516156
2022-11-17,462.84,100.67123209318044,15.47577374465707,18.876939358928915
2022-11-18,462.69,99.30520526475743,15.504217655383037,19.21306066858052
2022-11-19,462.57,93.41115894576325,15.50307421244505,19.406242878993897
2022-11-20,458.47,99.29862930190116,15.503952026079858,19.149522346781747
2022-11-21,461.94,101.06914859885894,15.50434046986624,19.365039663499637
2022-11-22,460.08,99.24878555003433,15.487487405091851,18.610490451101455
2022-11-23,460.31,102.18951823249822,15.488252334012058,19.040573472094174
2022-11-24,460.95,100.90541301313002,15.504529052766635,18.326622657430395
2022-11-25,461.85,97.2357315571891,15.514663838413265,19.089340551978403
2022-11-26,463.46,99.27397669212591,15.474948737200103,18.650801455574932
2022-11-27,465.04,101.50614400987692,15.479902780226752,18.96709792753362
2022-11-28,461.59,99.45245716673622,15.49274546796953,18.743442509753635
2022-11-29,460.03,101.94496379154458,15.495208314424183,18.678215728106526
2022-11-30,461.3,103.42657289707887,15.511517118042425,18.649827098761236
2022-12-01,462.39,100.85304553923987,15.49224196787238,18.778165588986393
2022-12-02,459.66,100.03983985403579,15.499574182362398,18.696034523461055
2022-12-03,464.11,106.68623138959332,15.505786715796313,18.20330723592865
2022-12-04,462.45,97.7083940082099,15.50406148076583,18.612602483515897
2022-12-05,464.55,98.44306838273619,15.48148463199662,18.21340089318287
2022-12-06,460.48,99.27425867845008,15.512794915057718,18.18029813804339
2022-12-07,462.85,101.40292002375503,15.502348269195029,18.759477089158374
2022-12-08,464.24,98.56696732157576,15.49185257452149,19.194693913634485
2022-12-09,463.46,104.86469422578942,15.496949199351926,19.444559981027716
2022-12-10,463.77,103.27429070614501,15.496884637646573,18.278144873593522
2022-12-11,462.51,100.6613359672801,15.458944693313462,19.305410078354846
2022-12-12,464.2,107.81715405926757,15.52103068361051,19.297007082124654
2022-12-13,462.19,103.99364509024929,15.498232723901122,18.475428477794054
2022-12-14,464.11,108.02864764009615,15.484640711471666,18.643801411577023
2022-12-15,466.4,99.15765889214914,15.47874130946643,19.20241961570793
2022-12-16,465.33,101.48263076016528,15.52858844517215,18.538731416567025
2022-12-17,464.2,103.68811522303105,15.499344411721498,18.822668910730364
2022-12-18,463.32,104.44007168464998,15.497948950117621,18.763538123478767
2022-12-19,464.91,100.0892274655317,15.485678150428434,18.839921054093313
2022-12-20,465.31,98.53859137802993,15.489015867984888,18.651654191844127
2022-12-21,463.87,101.42587392610905,15.513780447136888,18.858684023020672
2022-12-22,464.45,100.45919371632715,15.511348714555819,18.68079293183134
2022-12-23,466.33,96.4876930583055,15.514492548899328,18.965713877642248
2022-12-24,465.24,101.1352518174522,15.519184338896048,19.167587006979765
2022-12-25,466.01,96.86483307908573,15.496008362428746,18.73062003538629
2022-12-26,464.88,96.90030156180256,15.492791112191467,18.31331385438646
2022-12-27,464.0,97.75270226957794,15.483704367210391,18.489365059795027
2022-12-28,460.88,101.05235837755347,15.484730937371276,19.20337195432483
2022-12-29,462.84,97.14083548596467,15.486389783653518,18.97027584791576
2022-12-30,463.56,102.15436329373256,15.508263308991795,18.0770321532208
2022-12-31,462.75,99.7818149308096,15.505784787112361,18.347207485390054
2023-01-01,465.91,82.35370529910443,18.71377626279186,24.39003934938261
2023-01-02,468.59,75.42776075675768,18.760576981687233,24.39859913720442
2023-01-03,471.41,78.92819660348152,18.77162430096498,24.463369100779914
2023-01-04,471.51,81.28507297556753,18.75807153455269,26.125730544054562
2023-01-05,473.34,79.89349483252522,18.756638554343557,23.510980737356956
2023-01-06,476.05,83.6806574535768,18.7555142962944,24.381785491917128
2023-01-07,477.03,83.90001521148749,18.775498041575297,24.586653492367432
2023-01-08,477.45,81.8675583025345,18.742460313834236,23.763294873478674
2023-01-09,479.25,84.82707685452748,18.771744695808078,24.30884973157512
2023-01-10,484.01,81.36105139339716,18.76555491629179,24.970697207007593
2023-01-11,484.89,81.18198876728003,18.697165002284102,25.322504888084417
2023-01-12,488.64,81.28044991392059,18.750927804382215,24.676218860643072
2023-01-13,487.48,82.27448619725719,18.75257716418995,24.64475767615939
2023-01-14,488.33,82.29558262567865,18.738395085817704,24.55771386998568
2023-01-15,491.14,85.09971299681659,18.754490345586802,25.240930818061283
2023-01-16,495.07,83.49333869919303,18.77584079040669,24.143878478912153
2023-01-17,494.61,83.0012138812725,18.720337765793655,24.583178066938792
2023-01-18,495.03,83.583523031322,18.73724634033667,23.587236412428894
2023-01-19,498.86,86.34686151104891,18.74961657695769,25.163364851318658
2023-01-20,501.47,81.76117983170674,18.73324467481915,25.18752599335484
2023-01-21,503.26,82.8357733709763,18.749443101595663,25.23175810851731
2023-01-22,502.97,85.79792968791429,18.735282273338196,24.323345677587664
2023-01-23,505.35,84.57834055785862,18.757961436524997,24.427566599250266
2023-01-24,506.19,84.62537276797376,18.722856810310773,24.356676112055695
2023-01-25,509.14,79.10960675165207,18.756744734156065,24.7103368139935
2023-01-26,508.39,81.78639652462084,18.765270896744887,24.4508883065128
2023-01-27,511.33,80.82770607090056,18.752733903177063,24.497867830302024
2023-01-28,514.03,80.94050903759805,18.755677086755846,23.88457834303697
2023-01-29,513.34,85.50998331205469,18.78392808454248,24.60349114360979
2023-01-30,517.78,82.12579095358602,18.762610802731103,25.54592559615644
2023-01-31,521.69,84.66828147917079,18.731066116670025,23.74155338241718
2023-02-01,521.79,79.94454960701376,18.751811193669944,24.267466522837104
2023-02-02,523.71,81.31630597494305,18.766727472627,25.097918792811015
2023-02-03,525.64,77.3920456644289,18.769585013851334,24.398759946425816
2023-02-04,526.71,84.59811149363469,18.74672809358044,24.933956312116653
2023-02-05,526.57,83.66696571012571,18.729119921838496,24.527439930207613
2023-02-06,531.63,82.43998751933903,18.75106571433176,24.7493346682919
2023-02-07,532.47,79.28252755300272,18.76187247953372,24.781231985608233
2023-02-08,534.03,81.22679816382966,18.773681634996468,24.640140503263204
2023-02-09,536.12,85.68352844230222,18.722937439142243,24.390617859766632
2023-02-10,538.72,87.5732787178443,18.732195833171346,25.12301596067639
2023-02-11,538.1,85.32650311068004,18.73636827679065,25.305076556171176
2023-02-12,539.39,82.3959439391662,18.746436259357964,24.718443213625758
2023-02-13,542.72,81.36583190667992,18.73958091980043,24.639107217543042
2023-02-14,545.38,84.57670082311996,18.728237471099153,24.577358120825608
2023-02-15,544.31,82.90543984096749,18.769821527016564,24.312602986788463
2023-02-16,550.33,82.17768071925717,18.74511076963132,24.727123232712714
2023-02-17,548.25,83.45494452622674,18.75836157715114,24.535840942285493
2023-02-18,553.08,85.97458616451966,18.75928797309975,24.859278451431965
2023-02-19,555.06,85.3914748212381,18.765613397390275,23.56927248283857
2023-02-20,556.16,83.50795642994296,18.764850171788098,24.632272319805995
2023-02-21,555.44,82.76604199323714,18.745009904837033,25.413825983372856
2023-02-22,557.96,80.12862193775072,18.75399580030919,24.500545213832332
2023-02-23,558.27,82.64944359369896,18.74129185021405,24.987065526581734
2023-02-24,562.14,80.89160868594206,18.76460883470277,24.964083946426395
2023-02-25,562.95,82.5290888714853,18.75893259982161,24.827028459710053
2023-02-26,566.21,85.58592852745475,18.734785280767877,24.874310773093445
2023-02-27,565.62,82.27183651381256,18.71458425720139,23.525222120215158
2023-02-28,567.48,81.37716193040144,18.762310921622927,24.891519899375712
2023-03-01,572.1,80.02059205555909,18.72878138019864,23.99565785279018
2023-03-02,572.26,83.58780670412692,18.741404641495915,23.823690452471542
2023-03-03,576.26,74.97073626732224,18.76545287154432,25.88120531557234
2023-03-04,576.1,83.91407336367304,18.746928763112948,24.011364390127607
2023-03-05,580.0,84.15332592369025,18.739880280806283,24.160573570725816
2023-03-06,580.56,80.53266991384804,18.766522721512963,24.997403672779928
2023-03-07,585.09,80.24972951806274,18.79959922239006,24.70397893709754
2023-03-08,582.66,81.71424660979898,18.784197653817127,23.93552796801413
2023-03-09,583.43,85.29903555854611,18.716947847905573,24.74079527352203
2023-03-10,585.47,76.98548575649356,18.775095915480062,24.637057848952818
2023-03-11,590.89,78.60649493073224,18.74888858893425,24.272758767522863
2023-03-12,586.03,83.88635740344938,18.775325295420096,25.22367225979693
2023-03-13,593.63,82.69429050856434,18.754211804159976,24.48333250337311
2023-03-14,593.34,83.4050952917353,18.770087512149,24.8486423094719
2023-03-15,597.44,81.366982318939,18.770777782742876,24.230486497929476
2023-03-16,600.38,79.43507839648109,18.73741383558247,24.274076716319787
2023-03-17,601.13,80.90927679546675,18.781569793995562,24.162707828696735
2023-03-18,600.76,87.36327404105276,18.763004177402294,24.738356802319224
2023-03-19,604.38,86.37105508332606,18.723264119633093,25.189326257267663
2023-03-20,600.93,82.9390772265033,18.739881025049172,24.19162718248836
2023-03-21,607.03,77.51506208394827,18.738498954159063,24.022437531220834
2023-03-22,610.77,83.09380988317649,18.757677499200554,24.82252521214109
2023-03-23,607.27,83.77851714633566,18.7739739971619,24.373486074004987
2023-03-24,611.41,80.3348524781514,18.766053056904386,24.287971041194726
2023-03-25,612.31,85.91187482517313,18.777970323927956,25.142287597388485
2023-03-26,620.25,83.88258054574172,18.820231483929298,24.61465404995066
2023-03-27,615.7,82.01096052245083,18.761535792956003,25.33606384415141
2023-03-28,619.19,81.8673165294871,18.730683806728578,24.704619114631377
2023-03-29,621.34,81.10371244259612,18.769562948408957,24.398532421256927
2023-03-30,628.5,87.04022455057788,18.75832314578855,23.54906827883186
2023-03-31,622.34,81.75290357401003,18.771191001579517,24.547922234657484
2023-04-01,628.59,81.28736514039419,18.747540103309955,24.429900964598147
2023-04-02,630.68,79.58212852951792,18.747803635043642,24.828661478070483
2023-04-03,630.08,83.23580514602061,18.738901813945446,24.189685576793526
2023-04-04,629.87,79.52824130029673,18.738581231454006,24.967005252757534
2023-04-05,634.66,87.84748879819364,18.745733764585026,23.944190604529872
2023-04-06,633.72,80.85047716577947,18.7631007245639,23.35148107162246
2023-04-07,636.32,81.59097832362262,18.751007171782277,24.934916578894036
2023-04-08,638.63,84.35969317380076,18.7413271495625,24.09807999889243
2023-04-09,639.66,78.145284078741,18.77789853216308,25.179193287850502
2023-04-10,639.83,82.26460567137528,18.760889631885448,24.97213101662072
2023-04-11,642.8,83.80490562066795,18.74696337441769,24.502759227813584
2023-04-12,647.04,86.64162008091735,18.769932615134625,25.776201192112605
2023-04-13,645.93,80.45779794159776,18.758060426299586,24.42163807433813
2023-04-14,649.14,82.81400209557881,18.758834175962765,24.53709025845475
2023-04-15,649.65,86.604092163316,18.739027692064184,23.687259289610058
2023-04-16,647.01,79.74834058663082,18.771064433275512,23.784613248337365
2023-04-17,652.24,84.17494981425249,18.75945058488,24.771355521237016
2023-04-18,661.43,85.76678323979401,18.747860933974433,25.38571469976862
2023-04-19,656.6,85.092891774331,18.77088713176495,24.58837414747579
2023-04-20,657.78,82.91570766304515,18.775002954349926,24.328458211718335
2023-04-21,660.59,80.81938146313162,18.736674240768135,24.95786125610723
2023-04-22,657.77,82.63398555764323,18.74373331252528,24.883975148013846
2023-04-23,663.91,85.32814874394505,18.746250334566163,24.235813819294094
2023-04-24,667.31,82.92662918803026,18.76228822042131,25.53510773746443
2023-04-25,668.53,86.14477747186226,18.750349182930208,24.71373878910148
2023-04-26,670.03,78.41392335879424,18.744553475986972,24.47321944899857
2023-04-27,670.23,82.90251438577619,18.735057387440833,24.48529639364829
2023-04-28,672.55,81.64473435153086,18.753548193934616,24.883004920168865
2023-04-29,676.35,77.21171205534472,18.778498135997275,25.42711980333599
2023-04-30,674.27,84.18679136075924,18.74150605440313,25.74952449213335
2023-05-01,679.85,85.42701756612405,18.7330396417393,24.26380828709571
2023-05-02,676.42,81.49479861136544,18.746855948242477,25.10980455142075
2023-05-03,683.51,83.32211285943542,18.75587524937669,24.232964387275107
2023-05-04,683.02,78.49035778583357,18.751177170213555,23.649508429851103
2023-05-05,685.16,82.24174674166005,18.721647691793212,25.03683658035398
2023-05-06,688.62,82.80581553661942,18.75533537389562,24.342671354677282
2023-05-07,688.2,87.81629895707279,18.767709690592646,23.862223242471902
2023-05-08,691.11,84.77359735188452,18.748411630992038,24.362469389865865
2023-05-09,693.66,74.1355923530392,18.75597207066054,25.327137182793795
2023-05-10,698.12,79.58362899235159,18.754644276803255,24.791697226613532
2023-05-11,697.17,78.98550304166015,18.72808368017963,24.118728710834898
2023-05-12,696.14,88.52353570642866,18.754445629559523,23.850112054381302
2023-05-13,701.77,81.62784160842588,18.72888561026298,24.69681266740539
2023-05-14,699.98,79.38872826544556,18.78458368649435,25.250997001416398
2023-05-15,704.46,83.66850679062969,18.74833028061318,24.429195653161607
2023-05-16,701.08,83.78902386870526,18.744847431165056,25.191674101201407
2023-05-17,708.93,83.82941837443532,18.71142064343964,24.308667552145614
2023-05-18,713.65,81.3983912296344,18.80536105319232,25.19590003102284
2023-05-19,711.25,79.60883873956817,18.753422487198108,25.445778638394334
2023-05-20,709.34,81.82053567347064,18.786221538672788,24.136453599439626
2023-05-21,713.33,81.18936240715838,18.73333558353869,24.365276502459366
2023-05-22,715.38,85.67639652712376,18.730862423608702,24.09287169925554
2023-05-23,717.0,86.9237701382839,18.732519760485,24.654128666680947
2023-05-24,720.92,80.83146156247732,18.767834137983638,24.575808457862884
2023-05-25,718.73,83.82687321296487,18.75842143772241,24.697472587319616
2023-05-26,723.77,78.34092689332638,18.757853882054963,25.115587054695794
2023-05-27,727.3,79.89054172515208,18.76092763004212,24.43618000889753
2023-05-28,723.43,80.73459687454427,18.752214839341512,25.077200763741303
2023-05-29,725.88,84.62169873341576,18.764718375926304,24.252848048594068
2023-05-30,725.56,81.05531042794055,18.746756465567053,24.046062351185142
2023-05-31,733.0,79.1582255559278,18.758476673717368,24.889507527402078
2023-06-01,729.87,80.86940621700921,18.743878401104553,24.16535790609217
2023-06-02,734.4,81.37058535644331,18.755218052014424,24.353316034468914
2023-06-03,736.0,80.38116705780746,18.760942472599353,24.430958882773385
2023-06-04,739.24,83.94839397436124,18.766121668982162,24.01756103781402
2023-06-05,739.46,79.99311308984618,18.73780594350553,24.15871562145523
2023-06-06,742.42,83.32455327998035,18.76263464081691,24.96456794747492
2023-06-07,743.02,85.23140794757953,18.74276684534359,24.44748824249853
2023-06-08,742.72,89.33577671887319,18.746070891873323,25.021392699153363
2023-06-09,746.81,83.2112130352726,18.735435653704776,24.402305391372103
2023-06-10,749.88,80.94943546720687,18.755218083349668,25.743616271430362
2023-06-11,753.09,84.35934285675202,18.72993742690017,24.792716680950136
2023-06-12,750.8,83.55298362550629,18.7527305970273,24.408663511189943
2023-06-13,756.44,81.30204860616102,18.79106276535067,24.919870820372612
2023-06-14,756.3,83.37915196275843,18.723689518511634,25.543204719840144
2023-06-15,758.16,76.7956184575533,18.704962487025806,23.921432601436305
2023-06-16,756.07,79.35606794842313,18.751225988633557,25.067736566973707
2023-06-17,755.44,82.41463463628943,18.747894254523203,24.501654753924832
2023-06-18,759.4,78.01667823472096,18.723194809717736,24.588466386374602
2023-06-19,761.03,76.24220171030187,18.792486000014907,24.639018869467854
2023-06-20,763.72,80.07589583025154,18.782518017859747,24.519043247516116
2023-06-21,760.71,81.2234726466058,18.77356944828669,24.37437151433487
2023-06-22,759.72,81.55871678633312,18.73091911878057,24.92824247311353
2023-06-23,762.69,82.95350697682414,18.758321679526805,24.705774527605953
2023-06-24,765.29,87.32203832863716,18.75414958774801,24.370700691979785
2023-06-25,762.84,81.2072123825789,18.750405865388466,25.166222641599663
2023-06-26,764.39,81.20354026806723,18.770240847159105,25.12500615165493
2023-06-27,767.28,82.38334427074534,18.755476621049922,24.77890828501463
2023-06-28,772.81,85.49010660684155,18.748148888998724,24.45693002509922
2023-06-29,769.69,81.69100263815068,18.72351358674071,23.730120897685577
2023-06-30,769.14,82.27965256864158,18.778380878847493,25.33946969728398
2023-07-01,769.98,86.98433439123184,18.766907920086922,24.55380045857065
2023-07-02,771.22,81.72643453136185,18.76242049195491,24.885746749008632
2023-07-03,769.0,85.27084047952707,18.73805835323909,24.827078383315346
2023-07-04,774.5,80.84833836518747,18.784382054190985,24.923473062398905
2023-07-05,776.37,86.70666240263846,18.72973694989367,24.77043849801611
2023-07-06,778.22,84.39506805153479,18.73592041450571,24.63223558240293
2023-07-07,779.83,80.30033728971712,18.71892215998889,24.73113571741437
2023-07-08,779.77,85.7656270967833,18.775499028888532,24.660668418193705
2023-07-09,783.23,88.38451935063982,18.714781186108738,24.530942718053048
2023-07-10,783.86,77.33785336525027,18.748394832763093,25.004681223535027
2023-07-11,777.89,85.97819511950233,18.75796956894385,25.589305765650188
2023-07-12,785.92,82.04496723267809,18.748544777265113,24.50203241396274
2023-07-13,778.93,85.25148568682603,18.762811161749188,23.82741613380056
2023-07-14,783.69,86.79176646604326,18.74187038169079,24.705098362538415
2023-07-15,784.9,77.40595030611347,18.748145477156864,25.57591135570748
2023-07-16,782.35,82.5770456353074,18.773732410766055,24.41693487760534
2023-07-17,789.14,83.87378224018437,18.729579071566654,24.74881876151499
2023-07-18,787.15,78.87393216950252,18.776257474589567,24.506878557500524
2023-07-19,794.04,80.60689794271153,18.732715658099032,25.754892110576236
2023-07-20,793.84,82.81937989474036,18.762410592733406,24.606885303266168
2023-07-21,790.41,84.7058081698844,18.710970548264324,24.335493789602527
2023-07-22,791.39,85.40133801494105,18.74681210563041,24.48389519799269
2023-07-23,795.05,81.29624576449078,18.763802983653203,24.81683740074061
2023-07-24,795.73,84.93106923489154,18.758037456971326,24.22538814698439
2023-07-25,793.19,79.48566855774335,18.73385605173976,24.797797297089936
2023-07-26,797.07,83.54057528006571,18.7384535200166,24.7677934029555
2023-07-27,794.29,83.19293566067702,18.73221811844606,24.903949434407803
2023-07-28,798.67,79.43066998316267,18.73826411437456,23.8797520167067
2023-07-29,797.76,87.07376674949128,18.723996304143167,24.47182405407099
2023-07-30,800.8,81.33621876338611,18.766350890880446,24.54865194110547
2023-07-31,801.09,80.51470161932603,18.751065315692173,24.265416526910016
2023-08-01,803.05,86.96216837275837,18.725274975690027,24.757358668433923
2023-08-02,803.46,82.152665049194,18.751551732189586,24.964303913739535
2023-08-03,805.22,79.9234264576064,18.756306966513733,24.36279629674072
2023-08-04,799.71,81.09765750682492,18.742133491625797,24.795739071745366
2023-08-05,808.43,83.9658001681706,18.77741485781264,24.94421018791907
2023-08-06,805.14,83.16703530607911,18.71396001766412,24.44652068424604
2023-08-07,809.39,80.77579666655507,18.75542959974711,25.112759026056057
2023-08-08,809.02,81.0143057785989,18.743345212910484,24.646167611178665
2023-08-09,812.09,84.68981587154059,18.78340032767804,24.777560492343735
2023-08-10,808.05,84.41525593492585,18.74873542748506,24.085591381028877
2023-08-11,813.6,81.44583998317324,18.737860521022373,24.402029116315862
2023-08-12,814.19,76.40739740802044,18.746734354117986,23.93572901142769
2023-08-13,813.04,84.04898729133826,18.752906171593807,24.64188597013511
2023-08-14,815.82,83.0572257149651,18.743008003778154,24.733371937237592
2023-08-15,817.24,86.14501712189211,18.71266378855332,25.00346949326078
2023-08-16,816.68,83.40635129025272,18.75261953214379,24.59311758429237
2023-08-17,814.71,85.20004954947768,18.771225093492237,23.997616956327473
2023-08-18,821.49,81.84895094697586,18.747794637983414,24.422577249895426
2023-08-19,821.08,83.10139476808207,18.757562713613282,24.36398348186785
2023-08-20,824.95,81.46789649279361,18.762868485493872,25.24105767877357
2023-08-21,826.91,87.54727910877868,18.755127251015494,25.4226345187314
2023-08-22,825.33,78.19407805006225,18.7430863275461,25.031362728564144
2023-08-23,828.49,81.87230277658533,18.73852504425227,24.465320723938486
2023-08-24,826.59,83.37857435513332,18.739696615773646,24.5055683109024
2023-08-25,829.47,81.91504805587485,18.736230447854386,24.30565463307718
2023-08-26,828.21,85.5534801073742,18.75896942190422,24.57096133832653
2023-08-27,823.63,83.24555380187027,18.75698958998958,25.351687258333914
2023-08-28,829.64,81.24071497380314,18.73283996676235,24.559254425969172
2023-08-29,830.4,81.23301501269306,18.70414019490369,25.187786488005123
2023-08-30,825.05,81.09893767216859,18.74000450627046,24.418952174844417
2023-08-31,834.06,87.00710908512718,18.72356853683963,24.759417622702625
2023-09-01,831.39,86.05108309896983,18.756634483348023,24.138086764852897
2023-09-02,830.31,87.29070113088007,18.769323351082793,25.744915778139166
2023-09-03,836.53,80.08182758092263,18.755760138418875,24.595140798390666
2023-09-04,837.47,83.0028012127913,18.727778430334087,24.50404927237076
2023-09-05,839.46,78.40205424135075,18.762229443970693,24.524396531266433
2023-09-06,840.84,79.14469180651805,18.766387882039023,24.647385797253726
2023-09-07,838.0,81.72392741884396,18.77610616651146,24.913364907829667
2023-09-08,841.16,81.76827420120642,18.747391482543335,24.891712744085456
2023-09-09,840.72,82.81005642927785,18.767322652632572,24.845666444654974
2023-09-10,840.03,83.15532092474504,18.735746467899983,23.838284849121354
2023-09-11,840.56,80.73688514187882,18.76478717549935,24.988803024254537
2023-09-12,843.17,82.0546102420943,18.759348086602337,24.683208055852848
2023-09-13,844.3,81.36213357297306,18.733062424505935,25.201642148614866
2023-09-14,843.92,78.92588433731459,18.75314091618232,24.414638244123374
2023-09-15,847.66,84.68724029443548,18.74694022914759,23.727017496352463
2023-09-16,847.68,82.23292641257629,18.69973267118636,23.997507180689052
2023-09-17,845.52,82.7422907070504,18.74545302214449,24.112967939770233
2023-09-18,845.88,81.72896812743758,18.7330831104417,24.076660569969253
2023-09-19,851.71,83.5552699618069,18.770654243163076,23.769816959873193
2023-09-20,851.45,78.04764025542758,18.75677980778302,24.366198006546444
2023-09-21,852.68,78.83804026878967,18.77503950937463,25.12237250854847
2023-09-22,854.28,84.9026565958474,18.76986621062867,24.71971928649891
2023-09-23,850.98,84.31666667357744,18.772165235615645,24.136415346875026
2023-09-24,852.87,85.98161332414483,18.745093248901245,25.10658912218381
2023-09-25,861.67,85.00559280098551,18.75645982572265,24.69518190221833
2023-09-26,859.94,86.12654124357962,18.742050654279588,24.50588472564834
2023-09-27,855.46,83.50456337597325,18.73982140671011,24.389633381395498
2023-09-28,858.65,81.16765834899289,18.76035164246033,25.19372832370408
2023-09-29,861.68,81.09312153128691,18.74523434528352,24.713581228207424
2023-09-30,860.98,81.26004136182675,18.72801437020481,24.665766135849932
2023-10-01,862.19,83.21094699436595,18.725302553024083,24.67239454122222
2023-10-02,862.14,82.85013481119253,18.78871872209773,25.537453564594003
2023-10-03,863.18,84.70517631266924,18.73756977805733,24.886724768464827
2023-10-04,868.14,84.65253057946695,18.746298910253667,25.14707234920335
2023-10-05,865.22,83.27340480318117,18.747049653671738,24.534655302128172
2023-10-06,865.86,84.71081359070234,18.721373163354404,24.45049835944135
2023-10-07,866.42,83.72860302004324,18.763879793993837,25.384037380136007
2023-10-08,870.17,86.23000151538062,18.715053746406188,24.070902028280116
2023-10-09,872.63,85.60057837934357,18.710390342130975,23.59312188376448
2023-10-10,869.67,82.77734968309301,18.732072169152207,24.449677188289943
2023-10-11,875.76,78.21895387149802,18.760936126781385,24.31093600517352
2023-10-12,873.12,81.48843426165999,18.752109940077602,25.105483502929992
2023-10-13,874.73,83.264223476106,18.735526855427505,25.437634838134965
2023-10-14,873.53,80.35498623703742,18.769499766950187,24.591837161667655
2023-10-15,870.87,81.65024664604381,18.745733338453018,24.974823484326784
2023-10-16,882.3,87.1218823595639,18.749364960534187,23.608764522210876
2023-10-17,873.81,83.38779417023964,18.73023962084964,24.968042423337106
2023-10-18,873.71,82.8480483421739,18.756960543808795,24.45131704182872
2023-10-19,878.08,83.36249094296987,18.769045337677095,24.442609394520474
2023-10-20,882.62,83.13199450517733,18.74142752071122,24.63020965407981
2023-10-21,878.68,84.50516986740023,18.776741901844048,24.260866520578027
2023-10-22,886.95,83.03733466913806,18.757150965989972,24.54236840578503
2023-10-23,884.68,81.83461103893035,18.754698663615493,24.92522319478733
2023-10-24,884.67,79.76841757888332,18.779570523992042,25.22180001064932
2023-10-25,886.22,80.96634393784377,18.7388867161706,24.866396985262956
2023-10-26,891.04,86.61750345138412,18.72283753864059,25.52188504236571
2023-10-27,889.16,88.79960100172167,18.73808570909475,25.032425096540717
2023-10-28,891.53,79.54022715312699,18.774095585682517,24.751063862237967
2023-10-29,887.54,80.37810573385927,18.754916499241947,24.75600629239163
2023-10-30,888.38,85.2742804249369,18.740657813129342,24.092773322390638
2023-10-31,890.26,82.64153271070761,18.775013348795582,24.76249911689187
2023-11-01,891.05,84.72377490062672,18.75163153034681,25.034184119852913
2023-11-02,889.08,79.00946440359625,18.735812032545955,23.84835057692205
2023-11-03,891.67,78.10385783915989,18.773615246798563,24.188178324427557
2023-11-04,893.49,82.42928203484867,18.773557475119773,23.233240943303148
2023-11-05,897.76,80.38186879600386,18.76445162417774,24.267361859362737
2023-11-06,898.74,83.83509715523192,18.778202166590933,25.42683805021084
2023-11-07,895.77,82.06412316623015,18.721705209673974,24.880982483452815
2023-11-08,902.77,79.77448929828742,18.72310662297177,26.11635371746717
2023-11-09,897.33,85.17413812980432,18.753416098111163,24.163537743232276
2023-11-10,901.87,82.43188925976885,18.699570545496165,25.710540229115345
2023-11-11,902.96,86.09504934003814,18.765361384442674,24.53099808807937
2023-11-12,906.1,83.17489054911508,18.752120338141896,25.127804189558642
2023-11-13,906.05,77.3549983456454,18.752193074633855,25.11211641045785
2023-11-14,908.1,82.3093621461399,18.76092682536566,24.25898200857946
2023-11-15,904.46,83.60517321804707,18.761992312157197,24.60478747519659
2023-11-16,908.54,84.1079522336504,18.73227437922299,24.507787852784556
2023-11-17,908.76,85.19148629742467,18.750659748453884,24.58526941871517
2023-11-18,907.55,89.22584256095215,18.71164480173143,24.707811043077587
2023-11-19,906.84,80.48663342624951,18.74699989925686,25.21624885792293
2023-11-20,912.98,86.62147304558478,18.76657282312827,24.8978429247634
2023-11-21,914.12,84.04367535975038,18.739476613016294,24.97928650808731
2023-11-22,917.34,80.44303721447076,18.7369941280385,24.692650467423576
2023-11-23,910.57,76.09523362333739,18.74098710483718,23.96455710660023
2023-11-24,915.65,80.38895278873568,18.735368336500795,24.917806536763855
2023-11-25,913.21,81.66568873068618,18.76105905046827,24.45560741808709
2023-11-26,915.81,80.99461159276827,18.749857549214816,24.110363026615136
2023-11-27,917.63,83.83688839584413,18.74717795940099,24.63289118738557
2023-11-28,921.08,85.01777306157558,18.73743316000741,24.72699799650173
2023-11-29,924.88,80.90370164447981,18.75690513680891,24.732301831437468
2023-11-30,919.08,83.052648808997,18.745687335736694,24.517185618388947
2023-12-01,925.3,84.38270007243041,18.738323536650054,24.546899858981295
2023-12-02,926.29,81.2501732724354,18.766074061375463,24.874246588028235
2023-12-03,926.71,84.44128525168503,18.75149415410073,24.771182533289682
2023-12-04,922.91,82.08471218365061,18.780636540191423,23.784117410273723
2023-12-05,924.58,80.93623190875334,18.7332819053431,24.291274451324856
2023-12-06,929.06,82.36036557816693,18.72795554669728,23.93746777766775
2023-12-07,925.86,81.03000434437074,18.760023594882764,24.724783929043447
2023-12-08,930.76,83.58867669325315,18.726806523070874,24.09821469799641
2023-12-09,928.6,80.77458390641662,18.703860536440217,24.726010990066985
2023-12-10,932.66,85.80265034478649,18.747406931625022,24.481566432712004
2023-12-11,933.28,79.25601499510314,18.77476577542974,24.47737542162605
2023-12-12,930.38,82.41913012285686,18.731861168341126,23.795297012632474
2023-12-13,932.29,84.28125642218379,18.74099945303969,23.90445348894755
2023-12-14,929.51,81.25988739976393,18.75964643603563,24.97478106912993
2023-12-15,935.95,82.31255112876279,18.75491353799026,24.008722217555594
2023-12-16,937.33,80.87406756026276,18.740735304284005,24.311557172085365
2023-12-17,939.64,82.463784702972,18.757290314112986,25.0773858781234
2023-12-18,936.28,83.39195438582338,18.728458973941773,24.948199250853357
2023-12-19,944.57,85.64266360373236,18.761459483101945,24.705461383661323
2023-12-20,948.73,79.69143420077859,18.738686986117177,25.134896963578363
2023-12-21,943.26,78.94676879907472,18.74025489918609,24.645658604737672
2023-12-22,946.54,88.602263838409,18.753486840339413,24.51991826204708
2023-12-23,948.07,83.39017543619055,18.71607741756789,24.75828303683843
2023-12-24,948.82,83.09981804796644,18.73728203068342,24.99528170532862
2023-12-25,941.92,83.24888587556401,18.76798164002113,24.5629149463075
2023-12-26,946.64,82.03096067249541,18.740301940441537,24.516200536044348
2023-12-27,946.85,81.88927887400307,18.746905371711165,24.294546344947765
2023-12-28,943.9,79.76143593111168,18.75068090057555,25.249107820110275
2023-12-29,954.54,84.6463287267714,18.777356661054583,24.244557895016904
2023-12-30,953.07,82.67452425504352,18.74799636369367,25.650944669440122
2023-12-31,949.02,84.16771665108577,18.72823730503044,25.123643724262003
2024-01-01,975.56,77.66581807567064,27.217887848009575,33.34921089726748
2024-01-02,978.64,85.30339756988431,27.205847948282873,32.564500266650775
2024-01-03,1007.17,80.29662355707791,27.25489207231165,32.676883736231986
2024-01-04,1022.71,83.21718819279775,27.2398637601527,33.44100768026915
2024-01-05,1038.16,80.38502311761218,27.256998020076022,32.44317079199278
2024-01-06,1056.78,78.59112399186887,27.28077082750386,32.73650539351188
2024-01-07,1078.34,81.28694612513658,27.208217574810398,33.733036885621786
2024-01-08,1098.85,83.06652953918605,27.259164707791477,34.2886858738235
2024-01-09,1109.48,77.0077631903625,27.26995207579294,32.47445106806137
2024-01-10,1129.46,85.55871239547153,27.2667992387913,33.206334778379166
2024-01-11,1152.95,79.2914270811259,27.260133867667037,32.55381586874982
2024-01-12,1164.48,82.49353045485917,27.222339482377944,33.206633125249155
2024-01-13,1180.09,78.68789127384937,27.20639653771059,34.3217914320975
2024-01-14,1200.1,79.04472334243724,27.316551491466033,32.50907870375697
2024-01-15,1214.09,83.74339729523221,27.237989656121357,33.52479098643268
2024-01-16,1233.92,81.69202782519383,27.201338688977994,33.825936549944615
2024-01-17,1257.49,84.7833172367759,27.25179966372189,33.19808289254918
2024-01-18,1271.57,79.75561980687662,27.229251019155985,32.730379689054914
2024-01-19,1285.39,81.21100011249119,27.234144702961142,32.750300201634865
2024-01-20,1310.1,78.73481484993587,27.24101785892803,33.10591167845875
2024-01-21,1322.46,84.18079580898451,27.22767805152085,33.661777968237516
2024-01-22,1342.52,78.1157141731462,27.209274880932156,33.624639492657806
2024-01-23,1350.87,84.74752541462223,27.245129700873623,33.731181083217926
2024-01-24,1381.76,82.23675775084331,27.196783822481063,33.34941683715292
2024-01-25,1400.59,79.775115679742,27.23923364806981,31.992084726432687
2024-01-26,1414.62,81.01047505260959,27.21530752969142,33.80792828324784
2024-01-27,1433.17,82.30222024318853,27.223201253921335,32.63199450431023
2024-01-28,1443.86,74.794260702655,27.22471914797395,33.10211817485482
2024-01-29,1455.89,78.60408821150111,27.215176041062694,30.99962619642564
2024-01-30,1455.59,78.88515407930323,27.280893597681818,33.099894091219525
2024-01-31,1446.58,76.79519157342554,27.261519583705297,33.25444389714148
2024-02-01,1465.37,81.71557783412162,27.260033380558333,31.48746521008113
2024-02-02,1453.78,78.84281240884997,27.26329227784208,32.84469747976238
2024-02-03,1448.76,80.30649724296963,27.24873600747461,32.45613105301545
2024-02-04,1458.63,86.40111480751503,27.241155457728382,33.015727847297846
2024-02-05,1450.15,76.18729353776217,27.28006914662907,33.99995680989534
2024-02-06,1452.14,82.07963897828225,27.244304869966285,33.37672496682981
2024-02-07,1454.4,80.23893751471938,27.22485912943051,33.70052668275613
2024-02-08,1455.21,79.73301747193933,27.269274397263217,33.49381965432388
2024-02-09,1462.33,80.59716166734727,27.23230913668514,32.991940350394415
2024-02-10,1455.42,81.31245334533729,27.281716168549035,33.05400918134925
2024-02-11,1458.84,84.92126938320966,27.21008817551909,32.87430734110383
2024-02-12,1463.99,75.38730669165757,27.282218169672085,33.43572287778714
2024-02-13,1467.23,84.3459600083734,27.256294569166695,32.677725333875486
2024-02-14,1464.13,83.9813782231855,27.26702545310023,33.67411764938253
2024-02-15,1458.52,80.16707250048749,27.32120464880145,32.74114965849245
2024-02-16,1457.59,82.5010610976737,27.267701617852364,32.81715590663924
2024-02-17,1468.89,78.42038536384389,27.179087117026366,31.8941091918735
2024-02-18,1461.58,79.2117837964813,27.208401820798215,32.794621871777245
2024-02-19,1464.41,81.19259094246121,27.27373540920508,32.989896967291685
2024-02-20,1467.32,77.53115645480052,27.228856352281117,32.5554224866641
2024-02-21,1464.87,79.75843795446941,27.2775884872667,32.59038095284999
2024-02-22,1467.97,81.22258125035492,27.28632200850446,34.8754017286298
2024-02-23,1469.11,83.56257223692063,27.27340754618867,32.359431703238734
2024-02-24,1470.16,78.87396730451809,27.233911782798234,32.784992349398834
2024-02-25,1470.76,78.61863785528976,27.227521597077423,34.25595654504926
2024-02-26,1475.16,83.36878687604066,27.24004283282932,33.34471288376224
2024-02-27,1480.34,79.34655850210837,27.222148992135594,33.82532614168568
2024-02-28,1476.12,80.5111783578793,27.24221395998012,32.56152658774934
2024-02-29,1466.3,78.70035679107038,27.24088199534575,32.21656736431816
2024-03-01,1477.19,76.83019103339889,27.29081285420066,32.53703917102101
2024-03-02,1478.55,80.00090078698699,27.216421735577125,33.91067280676374
2024-03-03,1473.54,80.38498253610474,27.271231737459964,33.09288505340938
2024-03-04,1481.61,79.17708191193748,27.21172274983282,32.16724504661793
2024-03-05,1478.39,75.16637148975266,27.21370397404463,33.37747385538527
2024-03-06,1478.97,77.5675526418482,27.269284121435984,33.6018338853008
2024-03-07,1476.34,80.08517491932518,27.27835780953673,33.364920906715184
2024-03-08,1479.6,76.35510211346676,27.218409775792693,33.64361983866933
2024-03-09,1489.35,81.12691642450298,27.28475450500713,33.462596432772365
2024-03-10,1479.07,84.78411978984582,27.260793656789918,34.25570874402729
2024-03-11,1485.89,82.28655511682399,27.257861944393632,33.15979573665684
2024-03-12,1483.24,78.48927731569528,27.31098383374827,33.27555793642982
2024-03-13,1488.58,79.5963727415104,27.26109366457396,32.5145502503036
2024-03-14,1492.08,81.5984846493444,27.270962178448013,32.666340376518406
2024-03-15,1479.44,76.43387263520836,27.285221746260508,33.184345819806936
2024-03-16,1483.25,84.2371675527788,27.294730195861966,33.014339387569514
2024-03-17,1481.98,83.11601152792495,27.262148558068752,33.606082089919376
2024-03-18,1488.88,82.2873403956097,27.25318327728945,33.58316163170174
2024-03-19,1492.61,78.27631148598029,27.272262572170813,32.008312123408466
2024-03-20,1486.86,80.85050633522373,27.235635847248165,33.649517627898575
2024-03-21,1489.96,74.64958862448194,27.264330721295256,33.71563221261245
2024-03-22,1492.38,81.21481656663121,27.286454218951636,32.10585725953694
2024-03-23,1489.52,81.38381267298575,27.276760816691255,33.930409204207464
2024-03-24,1492.28,79.20780464037726,27.236758026598736,34.0591249240902
2024-03-25,1490.47,79.53041092316538,27.170091808094405,32.833540633794534
2024-03-26,1494.91,85.77667907762586,27.213936223871986,32.76297621994043
2024-03-27,1502.43,78.85702537306118,27.247579693051957,32.62532441846716
2024-03-28,1493.67,77.50506256473719,27.28619954707963,32.3771015404074
2024-03-29,1501.32,80.53601474378083,27.228098091986997,33.02867272968101
2024-03-30,1499.42,84.78071301856359,27.242302305510275,33.423200323739636
2024-03-31,1502.44,79.68414568855835,27.23389705230624,33.41866001133996
2024-04-01,1510.08,80.52693752675039,27.262534711792117,33.47829541477235
2024-04-02,1496.88,79.58564601442261,27.23261316333509,33.78118722496286
2024-04-03,1502.3,78.7563992690935,27.251865482687993,32.72934359222724
2024-04-04,1505.98,76.56407722577818,27.247173087572666,32.24421820852553
2024-04-05,1506.72,77.41898426856896,27.22793229393394,32.74658346760941
2024-04-06,1508.22,80.52630351235737,27.241002743474453,32.755027456028394
2024-04-07,1509.2,75.33237334083468,27.318755192392015,33.72686527772534
2024-04-08,1509.26,80.21152130034194,27.271703853297733,33.990157621572685
2024-04-09,1510.08,81.80775643770372,27.232885882899684,32.85706712107264
2024-04-10,1515.52,80.59065691067507,27.268946376531755,33.13844131541867
2024-04-11,1507.12,78.67423269394104,27.27703315434758,34.05923069537144
2024-04-12,1511.18,80.71384870055975,27.20388178156617,33.77302132772854
2024-04-13,1509.1,78.33693337027312,27.283520686665987,33.50782345323041
2024-04-14,1515.01,80.90111828196994,27.26363238980359,33.038565534138606
2024-04-15,1502.92,81.86139414473251,27.21926104839808,34.41869799140548
2024-04-16,1512.09,79.12473824004029,27.244522798648813,33.72237152070643
2024-04-17,1508.99,80.2660957829865,27.2881065736689,33.66017986899685
2024-04-18,1509.33,75.80951561633708,27.239892833088643,33.77547061808994
2024-04-19,1511.37,79.1842723145383,27.25602366403712,33.61095372651631
2024-04-20,1517.44,78.52492365287712,27.269838403144387,32.74112716010156
2024-04-21,1513.44,81.85115242084186,27.223656634985318,33.52545667228178
2024-04-22,1520.33,80.99126332680923,27.250226458535803,33.377753277426756
2024-04-23,1517.92,79.05956092210172,27.296506581081815,33.32139517420994
2024-04-24,1529.54,80.81286625184158,27.288236253523884,32.22814532473396
2024-04-25,1527.65,79.53756178480171,27.254623227433882,32.61559637198731
2024-04-26,1523.25,79.74335108797162,27.237926281882345,33.57213125738151
2024-04-27,1519.41,81.19730343928185,27.22144349236258,34.091211910011296
2024-04-28,1525.79,80.20248953879491,27.216846309016233,32.94605744863349
2024-04-29,1519.4,83.33477972417889,27.246214517441206,33.03723631776756
2024-04-30,1524.48,81.17342302826474,27.259352468958372,33.883506721521215
2024-05-01,1528.94,79.09710848114182,27.21624896332699,32.97072445197935
2024-05-02,1529.69,80.25503986857306,27.25964228254376,33.076014282598166
2024-05-03,1525.88,78.67183368080796,27.235539274854197,32.89368385797236
2024-05-04,1529.08,83.75195938928644,27.264585369870144,32.43296491453524
2024-05-05,1533.24,81.34105714822839,27.278101919561262,32.46178648416069
2024-05-06,1524.66,85.32230920648978,27.309562595522838,32.27993736122825
2024-05-07,1539.15,78.02952607980943,27.204329646397973,33.75068964672714
2024-05-08,1537.42,80.4335306871028,27.24761698931745,33.58853439786326
2024-05-09,1527.61,78.00856103354494,27.234682739376588,32.89677173443048
2024-05-10,1528.33,80.08272836287178,27.23372120819785,33.216376339003375
2024-05-11,1526.35,81.41623091896449,27.25059523939816,33.64480846790928
2024-05-12,1537.02,77.20721386006575,27.251199242216842,32.970396628182534
2024-05-13,1532.26,80.55694172269608,27.249018705471403,32.67918802009817
2024-05-14,1537.47,80.18945362906115,27.283914063636225,33.68213565711915
2024-05-15,1535.5,82.84512478928443,27.254788016760156,32.96061529304924
2024-05-16,1542.17,80.34371823415447,27.263060374662146,33.26095050284147
2024-05-17,1538.34,80.810334599798,27.208952273104615,32.737786451111056
2024-05-18,1542.26,82.3913736164729,27.207829974652043,33.440509725545446
2024-05-19,1544.99,77.36066007374815,27.268177773563597,34.252340115486305
2024-05-20,1546.14,78.73983176777948,27.25734795963788,32.38372236994752
2024-05-21,1538.68,81.41225458116375,27.19425280673066,32.88543679608746
2024-05-22,1541.09,83.04695578538681,27.23206815368729,33.66980865745666
2024-05-23,1545.31,75.74610058492627,27.275775906482284,33.21021655915684
2024-05-24,1545.03,82.75702646943091,27.17401101874859,32.84097478510827
2024-05-25,1542.74,86.87147745328575,27.296228116077145,32.618056125339486
2024-05-26,1546.19,78.20577159718985,27.290748260916896,33.86382636748896
2024-05-27,1548.0,77.001679796357,27.284968766439274,32.643902287616406
2024-05-28,1552.59,85.6525434116942,27.250210126237224,33.197216842065934
2024-05-29,1550.1,82.6331908731973,27.233348516775163,33.14894485420267
2024-05-30,1543.36,80.07100158726226,27.215551671507733,32.24678814697029
2024-05-31,1563.86,79.57979688417805,27.256158398617142,33.872124876661324
2024-06-01,1552.57,81.11056834868955,27.260780291853177,34.39552567113924
2024-06-02,1546.7,75.98481626365918,27.23027099363173,33.65810453233068
2024-06-03,1557.59,80.28477118422647,27.261497675223154,33.39355015591347
2024-06-04,1558.86,85.03011979726666,27.267760415572354,34.68856040122615
2024-06-05,1558.79,81.69956745502401,27.205652720078696,32.80907980732645
2024-06-06,1550.91,78.85773414342566,27.285628315403955,32.95504714922086
2024-06-07,1563.75,77.96407285578793,27.23117000245007,32.51213055924687
2024-06-08,1561.39,81.91608362350591,27.278445304144807,33.46266368078741
2024-06-09,1564.41,79.23836439201598,27.231082134415445,33.244883012379425
2024-06-10,1554.75,80.644181085287,27.232614964688093,31.84143814753022
2024-06-11,1566.38,80.21417722641263,27.236747744081615,32.99713670454667
2024-06-12,1561.93,80.49102078652334,27.242573264742884,33.58483134161354
2024-06-13,1559.32,79.36141129159607,27.2285107488938,33.741939210535655
2024-06-14,1558.98,81.04621202497846,27.252929255076555,32.51538397554307
2024-06-15,1560.91,80.60022618395985,27.262145096826476,33.039362086357286
2024-06-16,1567.98,81.33513513855661,27.26661299171394,34.10191785464155
2024-06-17,1572.32,79.33854617280853,27.236190434318576,33.83402635114858
2024-06-18,1561.13,81.14592215209022,27.237843391361206,31.932270168105983
2024-06-19,1564.14,79.49922329656239,27.251241977108283,32.17071829751499
2024-06-20,1563.79,82.51514236103503,27.307435789605027,32.00660082404796
2024-06-21,1565.62,82.09831795679503,27.260274285617793,32.64813299451966
2024-06-22,1564.23,79.84154659971813,27.26457655712511,32.88640224198916
2024-06-23,1573.17,78.85314815853395,27.255687983563192,32.82406784154367
2024-06-24,1571.82,81.13066853144385,27.206284645406104,33.477563390900926
2024-06-25,1572.07,79.08271809232191,27.265787136491554,33.25268055934114
2024-06-26,1575.95,81.15259726780639,27.30271427769572,33.6131949776636
2024-06-27,1571.32,82.29570636826978,27.247825027913358,34.17609284671672
2024-06-28,1572.81,79.39357175206835,27.227331367986128,32.679964754359865
2024-06-29,1572.82,78.58722799276052,27.287039248478873,33.74017366175435
2024-06-30,1575.18,78.31967208281137,27.264381432553304,32.61432935313526
2024-07-01,1573.76,81.09640661363615,27.223900323427628,33.399036701519236
2024-07-02,1580.62,79.58549704338226,27.230618399666987,32.184164304634365
2024-07-03,1572.5,74.93333612553069,27.244430264129335,32.37284930868406
2024-07-04,1575.56,74.17263477824112,27.30890814195763,34.033409875611305
2024-07-05,1575.89,79.37032935168028,27.25190207422631,34.10615993936378
2024-07-06,1577.75,78.73494373686127,27.237735049543943,33.16493158494867
2024-07-07,1586.76,81.06443837641187,27.25238752329652,32.66154169713086
2024-07-08,1584.9,82.07795933167677,27.211834984000532,32.732672225637316
2024-07-09,1590.76,81.02562353937306,27.26188212233914,34.263014673442036
2024-07-10,1585.57,83.2031335569096,27.222951888203497,33.32515287785653
2024-07-11,1594.81,78.37351466920973,27.25203459746404,33.937300772628596
2024-07-12,1583.21,84.12312572795156,27.234543898988242,34.481473052677
2024-07-13,1589.21,80.69923238588952,27.273944180098752,33.8965099399602
2024-07-14,1584.79,78.1246935425278,27.23626170805425,32.68912001826784
2024-07-15,1592.31,80.35481162744053,27.241722198571374,32.91738348144469
2024-07-16,1586.61,79.94041553334887,27.255875165226865,32.820298611538135
2024-07-17,1583.3,76.95484080845684,27.2292795445809,32.65531239805773
2024-07-18,1589.75,83.32553969352251,27.26893770768897,33.544610484838856
2024-07-19,1594.21,81.32876472088627,27.201799263109486,32.89437708272704
2024-07-20,1599.73,81.13052030880893,27.247539861285635,34.089231367345
2024-07-21,1592.7,78.4039177158643,27.256722225823445,34.06746189425352
2024-07-22,1594.75,79.80473553893029,27.24393925298491,32.9984715165937
2024-07-23,1590.22,78.0525992658405,27.293032919034225,34.56014199774184
2024-07-24,1602.62,82.87304971560108,27.28645733506456,33.42805476545668
2024-07-25,1597.61,82.57715843783971,27.225382978320482,33.42063502948911
2024-07-26,1610.92,78.10275927447702,27.280635753416373,34.21735918207449
2024-07-27,1601.12,82.56774277813957,27.186953403843624,34.445253787065866
2024-07-28,1593.21,84.36878683864204,27.2805135130954,33.864680114355515
2024-07-29,1602.22,78.006965316374,27.297030949462,33.27552496300697
2024-07-30,1595.41,84.54561335296061,27.26737312799571,33.44938893976018
2024-07-31,1594.57,77.82019435679659,27.233552923414422,33.298540354823196
2024-08-01,1592.64,86.39008348616859,27.305477733392102,33.0596462903262
2024-08-02,1600.29,82.46286126839463,27.22652782083018,32.109246870705185
2024-08-03,1597.1,79.91777730089814,27.297649347842817,33.15132186795426
2024-08-04,1601.34,78.85010521560967,27.236683928596328,33.37800218906621
2024-08-05,1596.9,76.52344032932407,27.230781953655118,33.76815740265411
2024-08-06,1597.25,85.43656922041357,27.292636918914365,33.65893977817471
2024-08-07,1598.3,79.21956169304512,27.273803274609474,33.84790798777917
2024-08-08,1596.55,81.12957544416874,27.242284772043213,33.16861613558803
2024-08-09,1600.51,82.39477213869687,27.304999414159074,32.72916485767932
2024-08-10,1594.53,82.11988094284743,27.24522463459826,33.57605183904426
2024-08-11,1596.15,85.52169346770964,27.239116468398496,32.96568014096455
2024-08-12,1592.89,82.11264327117317,27.24143815223479,32.66097570772872
2024-08-13,1594.37,80.11004448709745,27.209913223014883,33.074296684151456
2024-08-14,1601.91,81.80704745196522,27.281075587223413,32.964985786768686
2024-08-15,1592.02,83.2763215410714,27.25488029683478,32.72465909104206
2024-08-16,1595.72,77.2638737525059,27.26045617069176,33.64235428163115
2024-08-17,1589.29,79.55898747856392,27.25785273456377,32.657750861376286
2024-08-18,1594.07,82.6432544075919,27.234974640054315,33.24715512113231
2024-08-19,1599.17,78.54433599191498,27.252565844259145,32.84628681634554
2024-08-20,1591.39,78.2841786933929,27.279235054099395,32.72458476993198
2024-08-21,1599.91,79.15324567424234,27.288192143534506,32.99594349523253
2024-08-22,1598.04,81.08447931766867,27.25583884217347,33.320657571010685
2024-08-23,1589.74,80.41766944798039,27.252320096492127,32.69736253407601
2024-08-24,1600.01,80.64451391257866,27.25047016236895,32.825696195919946
2024-08-25,1590.48,77.87346196713099,27.25017954153895,33.438523468903604
2024-08-26,1592.64,82.27131967352325,27.27917882158908,33.794880050204675
2024-08-27,1596.47,79.77925690445426,27.243715081766386,32.171447106802
2024-08-28,1594.23,80.1195842041041,27.250653717450543,34.40746532711791
2024-08-29,1595.14,80.45369079117589,27.252908155514266,31.69623872161819
2024-08-30,1590.94,80.73369648195276,27.216116814699433,33.19079393946491
2024-08-31,1594.14,79.74888778947566,27.243702570702272,34.163939196850905
2024-09-01,1585.52,81.46972830171273,27.210765949100583,33.45091263910032
2024-09-02,1585.46,78.61908140910846,27.29334257777479,33.07410606829198
2024-09-03,1589.45,81.7553200821551,27.24346619928295,33.081321432167584
2024-09-04,1581.09,83.59464207583441,27.27852776432884,32.95353298351745
2024-09-05,1595.44,80.48733682030145,27.242028549664695,34.74281949684667
2024-09-06,1590.95,78.44784773459344,27.212346278297513,34.04670876134141
2024-09-07,1588.22,81.39377858351344,27.29117527466239,32.8444957872743
2024-09-08,1589.46,76.44286471672415,27.25614488060613,33.11000497651282
2024-09-09,1577.94,77.707679508134,27.23048683514407,33.51785389642041
2024-09-10,1592.7,79.28786486456882,27.215114216198007,32.88934051645532
2024-09-11,1579.76,79.18343837716488,27.269979348472432,33.54605709499886
2024-09-12,1586.37,79.72180259077687,27.271551961056268,33.23143402231839
2024-09-13,1589.61,78.19623240680622,27.24304679911123,33.31808403195707
2024-09-14,1581.05,79.69486363980157,27.255339612113502,33.42193631159742
2024-09-15,1581.03,81.61161825660436,27.22898339959593,32.89099918451727
2024-09-16,1586.81,78.09268583090056,27.27706187520833,33.369070711627025
2024-09-17,1578.03,81.0690561794572,27.22588805126034,33.790492507277534
2024-09-18,1582.43,82.44490610833154,27.28643567210836,33.386011009658716
2024-09-19,1589.33,80.31571711861424,27.278283645796368,34.58794523551796
2024-09-20,1585.67,82.88735878475434,27.224550450135673,33.40925598613371
2024-09-21,1586.39,79.15070919413569,27.229214058686058,33.579018797780634
2024-09-22,1585.72,78.61313322258923,27.279554708599175,33.40478310666924
2024-09-23,1583.04,81.33179884543777,27.280369587394834,32.56047123582871
2024-09-24,1575.83,79.90803473395461,27.24387569768916,33.29236933990309
2024-09-25,1585.34,82.11221827521574,27.276105477813935,32.21550184668827
2024-09-26,1580.59,83.0446314431726,27.23493292016276,33.49288174898042
2024-09-27,1584.81,79.08373499899724,27.250466218792518,33.465869649300956
2024-09-28,1591.99,84.5673800133983,27.286010174034388,32.641228252951706
2024-09-29,1583.42,78.09186234346069,27.282241573159713,33.659873975037044
2024-09-30,1577.12,81.61274087161718,27.228556183449022,32.791204020099926
2024-10-01,1579.95,77.80361067168926,27.22451431467275,33.40477679748978
2024-10-02,1577.68,83.19807292422338,27.20029025095599,32.741647011951756
2024-10-03,1581.72,82.26300988739361,27.212792644165752,32.39284976280927
2024-10-04,1574.54,82.28920687794493,27.254481078567512,33.64959150000718
2024-10-05,1574.27,77.32365883676451,27.23067732455026,33.4064189070652
2024-10-06,1581.56,79.94688812950794,27.256988862568328,34.04880360657392
2024-10-07,1580.37,82.18390559753655,27.210522911577765,33.71166517266796
2024-10-08,1575.43,80.53883598341471,27.210646301389428,32.503669993322525
2024-10-09,1572.6,77.75815914954453,27.28831661776887,34.14857434588076
2024-10-10,1585.57,80.42480626111315,27.28221011199683,32.76209310736399
2024-10-11,1569.43,82.27813123343707,27.21979268565634,32.280442709920855
2024-10-12,1579.8,75.05852481298693,27.279836474071022,31.856922604035667
2024-10-13,1570.07,76.99615952545203,27.187729412717612,33.483578118892424
2024-10-14,1576.76,79.8952571306937,27.26652838409419,31.690637493871254
2024-10-15,1573.05,79.60603347618976,27.281087956371294,33.07401052914262
2024-10-16,1574.62,76.41251089478182,27.23141340349977,34.471215006783915
2024-10-17,1580.2,82.20195906349268,27.24017864941316,33.613052584334476
2024-10-18,1573.47,75.66588941291639,27.26963372904496,33.63870177005698
2024-10-19,1570.59,84.29083531807515,27.244313913420566,32.64489297034053
2024-10-20,1569.79,77.34967555747664,27.216324767225913,33.776502688764445
2024-10-21,1571.42,78.74461861816432,27.23768720869749,32.58150391408752
2024-10-22,1572.75,77.06788040034924,27.24725408632605,33.11566707417762
2024-10-23,1570.0,78.4387513207119,27.309379259591335,34.084332191404606
2024-10-24,1565.39,79.27626970426833,27.24896775080501,33.10117351628226
2024-10-25,1573.27,81.44824576084251,27.226446230002498,34.412421750749075
2024-10-26,1572.99,78.47998577030093,27.269926763533782,32.85265813614246
2024-10-27,1571.96,80.70520877396157,27.226673590968282,33.96187213971194
2024-10-28,1563.77,80.16512461814793,27.232171394367338,33.606934960441365
2024-10-29,1571.49,79.8360179522006,27.259371661329784,33.16699887007519
2024-10-30,1568.6,81.48654484903402,27.223309264420656,33.14926867948446
2024-10-31,1572.77,78.99946349720038,27.257721097053096,33.83101929922516
2024-11-01,1561.37,79.3518190320433,27.232854772764515,32.60589449684367
2024-11-02,1563.25,81.11135074764385,27.25509730217421,34.34255760051885
2024-11-03,1565.9,81.59164770588787,27.25740444077413,31.058594550689314
2024-11-04,1574.9,77.09585868805245,27.283669763791412,33.26838054693184
2024-11-05,1572.37,81.61632859454062,27.22485560065075,33.77811119699683
2024-11-06,1575.01,81.99970455428112,27.258636190996782,33.49707043277383
2024-11-07,1567.82,84.17810211181995,27.214567032980767,31.909072329570666
2024-11-08,1566.84,77.63669331936335,27.213579853449016,33.97042941019894
2024-11-09,1561.7,76.51351175644672,27.28190568855336,32.574249853643124
2024-11-10,1564.53,83.57437874756761,27.265114840344047,33.2328477309996
2024-11-11,1570.02,79.45451146390737,27.239216320837052,32.30958077078978
2024-11-12,1570.17,78.53877320552039,27.23025608049551,33.60719039361469
2024-11-13,1561.58,80.19667768374555,27.190341587736594,33.15453405164383
2024-11-14,1561.95,79.51171259959958,27.2280570187674,32.93154385921692
2024-11-15,1559.16,78.83870189683633,27.244115585518912,32.93498829685078
2024-11-16,1567.54,80.66620811766239,27.220453012999457,33.27827000965701
2024-11-17,1575.27,76.47477004667932,27.260947583114074,33.43568370663461
2024-11-18,1558.19,79.17214070582158,27.282183870770314,33.19268552052709
2024-11-19,1560.56,79.66054089205656,27.25889560378679,33.47035910415649
2024-11-20,1561.76,79.93170777872123,27.262039360277743,34.21412414791125
2024-11-21,1564.09,81.19699817782475,27.22517818619369,33.74701408544678
2024-11-22,1567.75,79.47406970511207,27.29350057722633,32.95710939083949
2024-11-23,1566.21,78.79903027845911,27.20878239708449,33.40519543134545
2024-11-24,1557.53,81.08600470989107,27.222375055274874,32.53858116953318
2024-11-25,1566.81,82.11355747375427,27.239589600942928,33.26907723579699
2024-11-26,1563.12,78.25419651362239,27.24952959089723,33.303589379580735
2024-11-27,1566.93,77.02945115670413,27.262443026731198,33.12903538536972
2024-11-28,1557.22,80.43430080792461,27.244250444689044,31.00828398678374
2024-11-29,1557.21,79.63927803543017,27.274755993131784,32.08931335154147
2024-11-30,1559.44,80.00811745567931,27.24984775045556,32.37675630497292
2024-12-01,1555.77,80.39289011886285,27.224675727661808,32.04833283056709
2024-12-02,1557.38,77.76819942800364,27.252653363774087,33.56298433490482
2024-12-03,1560.35,79.92965065593356,27.258420967214317,32.51852263420459
2024-12-04,1560.89,81.0551749691178,27.191036881778036,32.85459043572886
2024-12-05,1555.53,82.11350173505667,27.267761313581747,32.25896902796102
2024-12-06,1553.06,81.44496087713652,27.267472470029396,33.46797704169498
2024-12-07,1554.25,76.57190292653486,27.279566071599234,32.75180815783771
2024-12-08,1556.2,84.89624825734283,27.269060022387084,32.34827762812288
2024-12-09,1555.46,80.29208540285919,27.26885720083331,34.14313060616902
2024-12-10,1558.43,80.75697613753437,27.240490807065978,33.71931036117446
2024-12-11,1550.92,82.0392143682874,27.222760141524706,33.19055040107507
2024-12-12,1551.42,85.49759946520774,27.25014689447283,32.57383474539447
2024-12-13,1557.88,80.93293557805276,27.247562003093844,33.67109743328378
2024-12-14,1551.05,78.79836128970595,27.2624727681203,34.1112062887578
2024-12-15,1556.28,84.66537289149065,27.25851771528428,33.67694606055482
2024-12-16,1557.35,77.87054432874835,27.254297922501696,33.750377926715956
2024-12-17,1546.72,78.07027700816573,27.2850439177965,33.87383164072688
2024-12-18,1554.56,82.08572245805951,27.238466821120888,32.61267058243289
2024-12-19,1552.35,80.55413230532615,27.23934510190762,32.88849437588418
2024-12-20,1555.37,79.48306582318432,27.291075991253013,32.911401178644276
2024-12-21,1555.99,79.47327319452388,27.217131069201024,32.62014570644159
2024-12-22,1550.69,81.29489865385908,27.284644044378318,32.74380146700505
2024-12-23,1553.2,81.82368641432963,27.219270306343898,33.43748170294006
2024-12-24,1546.09,80.83790132331316,27.244433756518752,33.23144982970215
2024-12-25,1549.28,81.12674146563727,27.280192435118114,33.626232855288805
2024-12-26,1551.6,80.07005088802835,27.195547932817007,32.868998327683585
2024-12-27,1547.91,78.22543749847449,27.237999644962184,32.55375053889677
2024-12-28,1557.38,79.42824689730402,27.267613288245503,32.615834682050455
2024-12-29,1556.65,85.50474297631426,27.24897145282528,33.63298186771743
2024-12-30,1545.14,80.72596112184773,27.274013351841862,33.130886472138904
2024-12-31,1548.95,80.68234245764344,27.239263893479617,34.39856145564598
2025-01-01,1554.22,77.81628648395538,27.27533833148444,33.01880459929882
2025-01-02,1549.72,80.21339085561546,27.259716940271183,32.62632726396231
2025-01-03,1542.39,82.25562564517665,27.252727947901366,33.04984919717067
2025-01-04,1551.92,82.54873838511347,27.27735550375062,33.51971620404614
2025-01-05,1551.89,81.48433078388824,27.304211704864233,33.82432233881617
2025-01-06,1536.13,80.10449663805929,27.225500188263812,34.31255770471269
2025-01-07,1547.98,84.92994059677343,27.270607381331725,33.32017086196732
2025-01-08,1546.03,78.271420762023,27.26558615596822,33.15136519350936
2025-01-09,1549.96,81.58353186761963,27.252102316845306,34.235340718712564
2025-01-10,1549.21,81.43582196648816,27.21872249239276,33.57228501721654
2025-01-11,1541.46,81.91445638564598,27.28707254777366,33.836462032107676
2025-01-12,1547.05,75.35337449102221,27.242998567761653,33.02623557719483
2025-01-13,1550.2,82.18213561952408,27.215084931214513,32.84651649673889
2025-01-14,1543.64,82.85170736520756,27.265375419986253,33.15432729679246
2025-01-15,1542.2,80.23265102957593,27.293600017563975,33.9297693136251
2025-01-16,1542.93,85.82200087383364,27.240637585410926,32.38008897985107
2025-01-17,1540.71,78.83119128446187,27.242490678642994,32.359112210735276
2025-01-18,1544.22,81.25699731938855,27.231444182963834,33.77359055463862
2025-01-19,1538.01,81.46044264272146,27.231616962970946,33.635766576787006
2025-01-20,1540.6,78.96793254029139,27.251239172208127,33.51937870754017
2025-01-21,1535.42,81.45736094058728,27.23955279964181,33.633910122896175
2025-01-22,1538.67,79.04470964452226,27.25813153071798,32.598806230439635
2025-01-23,1534.86,78.66676918800766,27.294834161031236,33.200665809294705
2025-01-24,1529.33,83.16865619417186,27.241352540181246,33.635669574903744
2025-01-25,1538.22,82.26122970363186,27.26381945361277,32.3621839279196
2025-01-26,1535.57,86.36222229390127,27.286356741273778,34.09732457906663
2025-01-27,1539.48,88.19339529305063,27.23387944251905,33.796499298440565
2025-01-28,1540.68,84.22818296469214,27.265226946055403,31.88781227286189
2025-01-29,1533.88,84.13722870777389,27.25966518685729,33.301435151295586
2025-01-30,1532.92,79.97306441716343,27.29511683444878,32.744191654369935
2025-01-31,1533.71,78.0508631848688,27.307464249123726,32.75657261002149
2025-02-01,1536.86,76.99510626907589,27.22896893919613,32.90654930745637
2025-02-02,1526.52,77.92601945120029,27.25771441013618,32.40646008045776
2025-02-03,1532.67,79.61883777830438,27.267636429535397,33.747315118967464
2025-02-04,1520.6,82.29175531955671,27.19940661803344,33.682178856597766
2025-02-05,1532.44,78.3748296957372,27.25794004565408,33.30286616977574
2025-02-06,1521.44,82.2869454930161,27.24517753476924,33.6051927294581
2025-02-07,1533.7,81.13302043362775,27.274571388385485,33.01098100852251
2025-02-08,1531.37,78.81528655122034,27.244396901688933,32.68558416872164
2025-02-09,1528.87,85.0821838147467,27.23448264411782,32.923939381608385
2025-02-10,1530.72,81.38156387930933,27.24031720604652,33.535985893984126
2025-02-11,1525.54,76.68921099013043,27.213096489417598,33.942965983054826
2025-02-12,1519.31,79.29996459958626,27.227077237276188,33.69112183907071
2025-02-13,1519.09,80.35225083389226,27.25715839924092,33.514766907103464
2025-02-14,1530.54,76.89242602688726,27.269608540818705,32.92645163999234
2025-02-15,1529.83,80.27137736100802,27.24653645843007,33.771271709818095
2025-02-16,1524.7,79.25077228146375,27.23680211223202,34.23747109542245
2025-02-17,1526.78,79.71202221834153,27.253751582940232,33.94435305690644
2025-02-18,1518.66,84.20780904407437,27.249063770674272,32.47845336401668
2025-02-19,1524.21,76.03430879435454,27.213015853413353,33.17473521148732
2025-02-20,1524.88,77.09069184426174,27.227970839727508,34.17494355994203
2025-02-21,1519.35,83.78864602611033,27.257460784432336,34.212240051331484
2025-02-22,1519.6,79.4205923525745,27.229299054525622,33.14484923701815
2025-02-23,1522.5,78.39019326266232,27.20478095305653,32.23999927572204
2025-02-24,1530.44,80.12085298582083,27.237398497642324,32.92124179154208
2025-02-25,1523.24,79.53811110691811,27.225328708190183,33.631834297701495
2025-02-26,1521.19,77.99647350059253,27.31056796899186,33.20242148477821
2025-02-27,1521.73,81.38021050868835,27.232564105668068,33.07981712259793
2025-02-28,1515.73,78.83796260288945,27.221036341484282,32.93854365436794
2025-03-01,1528.28,79.88479246965544,27.234863855854847,32.02302734963516
2025-03-02,1518.85,77.5167319516769,27.3339976682452,32.968515772031196
2025-03-03,1525.19,83.92447335575088,27.261269314760973,33.492326877361485
2025-03-04,1517.57,81.16697296755561,27.231255367342715,32.6363434025438
2025-03-05,1511.28,77.44534211465908,27.244958426247088,33.58307698146884
2025-03-06,1507.47,78.32017894256742,27.26189107503929,33.78187430180013
2025-03-07,1524.42,82.98829336380089,27.23954359444412,33.55226278722006
2025-03-08,1517.46,77.68799974567814,27.223297664490286,32.64235882127131
2025-03-09,1518.32,79.99278729225288,27.275856549008477,34.11891912479848
2025-03-10,1515.63,81.65070541219623,27.258065627333966,33.764108185953006
2025-03-11,1511.73,80.83847847843997,27.209779249938784,34.45423147624561
2025-03-12,1511.27,81.70840153805058,27.249022972690998,33.106711674505625
2025-03-13,1507.07,80.08108911550015,27.23916915666868,33.549943839775764
2025-03-14,1512.88,78.40330409693175,27.273889815453135,33.351252109684964
2025-03-15,1510.08,81.7364191636338,27.2600040655248,33.556497298605976
2025-03-16,1509.1,80.59003804299893,27.276086961923365,34.195487857314845
2025-03-17,1510.34,79.56573051760508,27.299668458725577,33.42765154862357
2025-03-18,1500.93,76.68328986789474,27.286568127069767,32.93433830915511
2025-03-19,1508.98,81.04925337291616,27.286642496308055,33.372261922156895
2025-03-20,1505.89,82.71114793327273,27.214082604764773,32.9346910868375
2025-03-21,1504.87,76.4159026619619,27.243419466077206,32.7579798629949
2025-03-22,1501.76,80.10457069951497,27.297587372205616,33.10351121620779
2025-03-23,1498.9,75.67667354004939,27.231961392374252,32.257195700539576
2025-03-24,1505.61,82.55965955993976,27.27514231334416,33.81556651247499
2025-03-25,1505.12,80.56472093472262,27.260397593140695,33.0616633753996
2025-03-26,1509.09,80.36605691547254,27.25732205072227,33.79468001727069
2025-03-27,1500.8,82.08470145957831,27.281289585484554,34.08530794472392
2025-03-28,1509.18,79.18487048698438,27.207439105471515,32.64031679228962
2025-03-29,1503.29,77.67686598914584,27.24740962188662,32.75229665526611
2025-03-30,1505.59,82.501275729647,27.269494640621357,34.00993685545973
2025-03-31,1502.0,81.9927944537304,27.308743281185155,32.44404098717979
2025-04-01,1492.33,80.57151492518057,27.218876504716523,32.40549639324208
2025-04-02,1503.55,83.33307977660364,27.23873015297041,32.465483810513014
2025-04-03,1504.2,74.97863455807344,27.270197984236393,34.52075109938401
2025-04-04,1496.49,79.3807745347146,27.289045327244118,32.9334726016155
2025-04-05,1500.17,80.50205245015971,27.239129032435272,33.320644754687876
2025-04-06,1494.5,83.8931461134791,27.250547378797215,33.19378258461474
2025-04-07,1490.74,78.84794440200912,27.257001807076477,32.8406371070192
2025-04-08,1504.32,80.75663574295784,27.231378142200654,32.897480940280566
2025-04-09,1498.61,81.78001803511167,27.238966088432004,32.14621328823337
2025-04-10,1495.92,78.7638343382388,27.26264581896302,34.10074182856331
2025-04-11,1490.95,79.5455847550235,27.2555821898432,33.41988357019179
2025-04-12,1492.88,78.42786311944863,27.25966003294114,32.441380343015695
2025-04-13,1491.56,84.86366682375662,27.26240351425066,33.99760676972031
2025-04-14,1498.28,82.32881583746779,27.24712045835436,32.98182018297005
2025-04-15,1481.37,82.34268190127057,27.265465922608698,32.649403855849435
2025-04-16,1505.96,78.00872562356079,27.247549860935575,34.76133568340684
2025-04-17,1492.34,81.1772685883551,27.263702976764343,32.81585435830869
2025-04-18,1498.95,82.21467465068069,27.23372824066817,34.422003938556934
2025-04-19,1500.41,79.69445679179675,27.26846087495278,33.02145147944837
2025-04-20,1490.6,82.51030074128039,27.248238425978162,32.714464060343374
2025-04-21,1491.6,78.31300346534188,27.238616561893032,33.4113106136616
2025-04-22,1491.91,78.09686610519171,27.270688667594815,33.559644221386165
2025-04-23,1496.2,81.1997061339368,27.232486998205303,34.418477321415075
2025-04-24,1483.06,80.70306564616138,27.262848896629507,33.06652411963462
2025-04-25,1491.72,81.57175100599521,27.25988837660259,32.02664936445633
2025-04-26,1484.92,75.51899747704633,27.240241638513897,32.60732054540522
2025-04-27,1493.71,80.07981075317379,27.180450597655295,32.960069176360484
2025-04-28,1483.56,82.3886810874997,27.26888523587903,32.02694630230013
2025-04-29,1489.17,78.46568582082067,27.249024525908432,32.83411513596286
2025-04-30,1485.36,83.85538135348905,27.278580820767274,34.759506704531844
2025-05-01,1490.53,78.54931070252893,27.232578199900768,33.63930532447597
2025-05-02,1481.11,79.93881566062689,27.242644386286674,34.27818729536838
2025-05-03,1485.32,77.677562490456,27.263555756416228,33.261335395379234
2025-05-04,1478.85,83.87476123749956,27.260856985338997,33.10052615872225
2025-05-05,1480.98,81.1906333997974,27.23295386557557,33.67587557409208
2025-05-06,1477.94,79.74155924133221,27.302147473915262,33.270428059307235
2025-05-07,1487.32,81.73861851374264,27.300284846222883,33.375238564233285
2025-05-08,1480.25,77.64308720843516,27.268666146169267,33.90496511874104
2025-05-09,1480.56,80.99187212462964,27.307836749421003,33.65372609927829
2025-05-10,1480.0,78.86520718614638,27.27451223295888,33.53040771317692
2025-05-11,1480.88,78.87689338567057,27.232722431936768,33.635598741571684
2025-05-12,1479.02,78.7336274424692,27.211612126965562,33.70485633283355
2025-05-13,1472.79,83.29077065514679,27.28758295616558,34.08748464978844
2025-05-14,1475.92,83.2518742202436,27.300679928565042,33.26143511651376
2025-05-15,1469.8,80.6574829818297,27.193258533291633,33.81193076050411
2025-05-16,1481.21,79.46255512600308,27.264496632175113,33.07231545236051
2025-05-17,1477.78,79.12339066156787,27.244428553300356,34.59430354106161
2025-05-18,1480.53,81.26293657421347,27.250483453423055,33.26889261198531
2025-05-19,1478.9,82.59628913353313,27.296567490051224,33.40228043590954
2025-05-20,1478.75,84.1332039308846,27.271085228916117,33.06674440344213
2025-05-21,1477.69,77.09301164028325,27.269615617547057,33.083384145618496
2025-05-22,1475.52,74.40481787415554,27.31517572960235,32.48629244268425
2025-05-23,1470.02,82.90767994175026,27.273099786084902,34.47487880832728
2025-05-24,1468.09,81.50045004551066,27.283736970944986,32.93135745292154
2025-05-25,1467.08,84.57359172008194,27.272793417807232,32.89649773149524
2025-05-26,1471.07,79.41132255224316,27.25338187047241,31.738465624285272
2025-05-27,1470.54,82.11119930766996,27.2967695041792,33.02587124460663
2025-05-28,1470.88,82.82291819194789,27.228677264113784,32.81260537482204
2025-05-29,1468.42,79.53617491870453,27.22694165435428,33.22330862255163
2025-05-30,1464.8,82.78175223604957,27.2272825017636,33.62846004959725
2025-05-31,1461.99,79.46257357090943,27.230141064845697,33.76063576687152
2025-06-01,1470.41,81.4894346009635,27.28987950774148,32.74760417901025
2025-06-02,1468.35,79.46414553957143,27.22991626178502,33.03291470756153
2025-06-03,1461.77,81.39226332187212,27.211098484265307,34.30195053748314
2025-06-04,1468.0,80.12700501384025,27.256755341029496,33.28159320532672
2025-06-05,1472.67,82.0487338050674,27.267963210616845,32.870793271958846
2025-06-06,1462.14,81.68396117859827,27.237483076796597,33.66957949477672
2025-06-07,1461.85,78.70401878664106,27.247689930536264,32.25603266145225
2025-06-08,1470.41,83.65165475301299,27.26690848578463,32.90546133261896
2025-06-09,1457.84,79.51619902401843,27.252845670249094,34.17768481200332
2025-06-10,1460.58,80.49185771535932,27.25174625433003,34.29330065392541
2025-06-11,1459.0,81.19756588167985,27.197212168473623,32.88312979701202
2025-06-12,1462.71,78.31174022672121,27.272088416445012,34.07726658120864
2025-06-13,1452.52,80.6922276873442,27.329184373025953,33.46002371266748
2025-06-14,1465.49,81.70383670716225,27.241580587690805,33.37652114772724
2025-06-15,1463.97,81.99614861724164,27.248110389940177,32.09011025856979
2025-06-16,1454.45,79.37494674515693,27.238929329389812,33.61916480862906
2025-06-17,1457.77,83.00461037528058,27.240955269761955,34.354942146671
2025-06-18,1459.2,86.53623114340377,27.286529852593137,34.0286782279343
2025-06-19,1463.15,78.57522483089265,27.26204602839576,33.302300156392675
2025-06-20,1458.9,81.55965460350198,27.232526236262576,33.13819149454727
2025-06-21,1452.16,77.18370822133934,27.24202523860063,33.006844319188566
2025-06-22,1458.55,76.82904150542244,27.206722966242406,32.222974319450046
2025-06-23,1453.55,79.79623401243339,27.241786979749175,32.856702546656344
2025-06-24,1457.13,78.1760401227786,27.257608089235994,31.748591813839322
2025-06-25,1455.39,84.80721886486897,27.234048200354486,32.708126521763454
2025-06-26,1448.85,77.46720813756666,27.27012408359204,33.146030719286294
2025-06-27,1453.28,81.51800903616892,27.295684240300275,33.23316801636634
2025-06-28,1450.75,82.41963309021561,27.244922143935224,32.83186313191345
2025-06-29,1457.91,82.80058736843611,27.264635802123195,34.1472099949952
2025-06-30,1449.1,82.36721173270044,27.241019171206386,32.93030646650317
2025-07-01,1450.36,78.48207058935641,27.237756771023438,33.39735149510665
2025-07-02,1454.71,81.13619595600078,27.270624280292974,32.80001857041071
2025-07-03,1452.68,83.27695797541179,27.24626123740981,33.33422267909972
2025-07-04,1457.45,80.68031607355135,27.275025783230017,34.11477528340422
2025-07-05,1451.34,81.49309468165575,27.30001545784843,33.341116680960816
2025-07-06,1446.45,79.95481921288253,27.255229557346293,33.014811743257205
2025-07-07,1447.93,81.55236866734349,27.255557558500715,33.91718589947296
2025-07-08,1452.91,79.27723882469489,27.24016902557927,32.49506909028894
2025-07-09,1455.22,79.36974256825724,27.24266214858301,32.60982155880629
2025-07-10,1450.81,79.97401703095458,27.26119902356639,32.804366413798945
2025-07-11,1445.43,80.33156844479518,27.277237146800186,34.02290600385902
2025-07-12,1444.86,79.26320643129799,27.24218418095181,34.20629806433075
2025-07-13,1448.95,81.05158637949559,27.289630749654197,33.21719334625588
2025-07-14,1443.53,81.18937485338442,27.24359121651934,33.373730159956814
2025-07-15,1434.43,77.32288051912418,27.265498799254058,32.97927924624253
2025-07-16,1442.96,80.86276771092646,27.308243939237055,32.75580538719857
2025-07-17,1452.17,81.42367585349652,27.237267854308705,32.74095221251133
2025-07-18,1435.7,81.44354003437977,27.266396495744544,32.59418124782337
2025-07-19,1439.66,78.89969482203617,27.224403174725495,31.56584217974641
2025-07-20,1447.36,77.95338996190215,27.289465239844446,32.96884448433532
2025-07-21,1440.2,81.62713648395382,27.20347964222394,33.06445476179278
2025-07-22,1445.03,79.39590792990793,27.257658853857077,33.670394633102966
2025-07-23,1442.52,80.41488566077503,27.26547376711722,33.645411508747074
2025-07-24,1434.33,79.08392707653996,27.285639280479355,32.826750526196
2025-07-25,1436.32,76.18867257806411,27.24560944519087,32.35437486424407
2025-07-26,1442.39,78.5854105092321,27.198385866694473,34.29477119996064
2025-07-27,1434.54,80.44251652331036,27.24555156514636,32.06759150232101
2025-07-28,1443.8,79.63008188046739,27.26259559219815,33.519745009464685
2025-07-29,1434.84,81.22632867918755,27.229783255526495,34.43406698541266
2025-07-30,1439.09,78.73101378322387,27.23368791648873,32.70601534854532
2025-07-31,1432.95,83.15545595665844,27.243285221005834,32.16127781680666
2025-08-01,1441.36,82.45915732070891,27.230557494322024,33.194791527018175
2025-08-02,1435.78,82.06746432350002,27.26706729433537,32.660282503045785
2025-08-03,1434.38,82.25135967343903,27.255603403402475,33.013496629332806
2025-08-04,1430.09,79.68305102999805,27.26036844370104,33.083977833044855
2025-08-05,1438.38,79.66763264718394,27.227356365351373,32.720800819743566
2025-08-06,1435.56,74.69354176611711,27.295625407722355,33.438374982263966
2025-08-07,1431.28,81.57879987286367,27.27149200321113,32.94028860565681
2025-08-08,1428.36,80.09003143818465,27.243626065919557,33.19528280522928
2025-08-09,1433.48,77.38283706901419,27.281116357546402,32.600613830156114
2025-08-10,1435.57,79.69299956872072,27.249119932465675,33.859935656609494
2025-08-11,1431.94,77.756225623318,27.23057331636557,33.26214970648261
2025-08-12,1430.84,82.31031886750982,27.292443913890562,32.41153614102041
2025-08-13,1432.99,81.76302618531805,27.20428092619817,33.33216177618489
2025-08-14,1430.3,79.75888543455811,27.2499826958104,34.116503812374404
2025-08-15,1436.73,81.67229695735584,27.218086978583322,32.34295155390558
2025-08-16,1427.89,81.16508645288037,27.264976214152163,32.750873470288795
2025-08-17,1427.03,83.6766568599243,27.244381302562857,32.64898651348315
2025-08-18,1429.94,78.98726555549815,27.290734769402043,32.93075455201119
2025-08-19,1426.21,83.24631005071913,27.247405969978114,33.07473562384284
2025-08-20,1422.83,80.51956075575018,27.255328722697442,33.02292184095435
2025-08-21,1418.85,82.10016291780767,27.23584499381945,33.14233046841418
2025-08-22,1423.39,82.2473905645698,27.21795527404857,32.85094825377399
2025-08-23,1422.71,85.07064345745314,27.296023297130983,32.590987011462374
2025-08-24,1429.55,82.63025774717472,27.24463554461848,33.994569330862056
2025-08-25,1422.4,79.80491115488444,27.233510680537382,32.435202042684814
2025-08-26,1427.51,79.00478252990078,27.277740984622646,34.07117205605316
2025-08-27,1431.26,81.5760949376038,27.198659689361367,32.71172244301121
2025-08-28,1415.05,77.93636981435236,27.276904866574633,33.4412791298413
2025-08-29,1427.52,77.79729313262244,27.226037940670572,33.309936449182096
2025-08-30,1414.09,80.68172299719035,27.198738297972678,33.73901644825066
2025-08-31,1417.32,81.18520902600564,27.241941556666987,32.96350847628991
2025-09-01,1415.36,80.26900164447056,27.267293320401333,33.25096771903966
2025-09-02,1414.69,79.90506107601185,27.262588842274404,33.35791829513532
2025-09-03,1417.13,79.5451516732923,27.266418153526836,33.42750769595763
2025-09-04,1421.45,82.57985216215158,27.21562856479875,34.11197005168658
2025-09-05,1417.23,84.45970304213807,27.239495701582403,33.11149799765914
2025-09-06,1411.5,77.77152063139802,27.295158526843327,32.9999642389457
2025-09-07,1413.28,83.41657964614036,27.292961966275783,33.01002924089755
2025-09-08,1415.41,76.30119811995372,27.260767185653034,33.476410581229715
2025-09-09,1418.35,78.88980336964917,27.236644510436538,33.169991928769115
2025-09-10,1408.36,77.77170877923612,27.285617296451033,34.130118747251196
2025-09-11,1419.03,83.21224337434211,27.266773361136764,32.344060282425986
2025-09-12,1404.14,87.55194241245358,27.271427111060344,33.799712026698096
2025-09-13,1406.92,85.24688631245412,27.220010180161804,33.033923346302046
2025-09-14,1413.19,80.21078408727823,27.287246990578076,33.87734571882528
2025-09-15,1412.1,78.78637364540712,27.234024509417353,32.492987769776924
2025-09-16,1409.81,82.85479752447444,27.245297501189956,33.56624934724599
2025-09-17,1397.63,78.8734466590472,27.247119848549055,32.61236946314075
2025-09-18,1409.21,84.96390639202927,27.275617665501123,33.90402551115551
2025-09-19,1407.43,80.9575179735184,27.230141732939693,34.11726521759155
2025-09-20,1406.92,79.86307421998383,27.26587405306147,33.928083070525894
2025-09-21,1408.22,85.56362057797138,27.25306660601592,33.44757975289613
2025-09-22,1408.14,80.23985222328052,27.23668790208753,32.651876360774935
2025-09-23,1409.38,78.03170950718118,27.228725672954177,33.80616284163064
2025-09-24,1403.27,80.46505270124025,27.219202924276157,33.69094975315973
2025-09-25,1409.33,82.97396392304549,27.22368584037713,32.752992910715264
2025-09-26,1405.75,81.48774696537875,27.24778411271944,33.74107369149138
2025-09-27,1403.8,79.26347556692346,27.230638725366425,33.31930666493131
2025-09-28,1408.58,81.50607554772432,27.2404087166764,33.2806599167967
2025-09-29,1413.14,78.29239726219043,27.264745046524574,33.863498002800874
2025-09-30,1396.53,81.2545470310852,27.239073482076822,33.850325029457686
2025-10-01,1403.43,80.88238433081438,27.238626445489256,32.780232306707504
2025-10-02,1396.13,79.27172768767602,27.242104288455327,33.41574213847276
2025-10-03,1407.24,78.52253203510382,27.250217938080205,34.14861116853786
2025-10-04,1398.75,77.54180224708948,27.19303150231068,33.30708122783644
2025-10-05,1403.76,77.26347498307382,27.214857961678632,34.17797218764959
2025-10-06,1398.58,76.04867426884864,27.23297236245104,33.29016408270308
2025-10-07,1402.72,83.33335420401137,27.245817350430276,32.958173173781105
2025-10-08,1403.38,80.96757965536615,27.236844260382,33.2009668604315
2025-10-09,1399.04,80.70391621503663,27.294596963323155,32.93452383075711
2025-10-10,1398.5,81.01988547472787,27.27088161441704,32.82215508640743
2025-10-11,1402.26,82.07740590487484,27.260247208160244,33.43282961215255
2025-10-12,1396.08,78.5038281505967,27.295577995490596,32.91533031136817
2025-10-13,1398.08,81.24914248133949,27.24127179627157,32.827954984931
2025-10-14,1386.31,79.04099502354075,27.29024135703482,34.07754528106905
2025-10-15,1398.19,82.7205380998394,27.218760429706137,32.546703212740326
2025-10-16,1403.14,81.04793703381466,27.226699025414906,32.733384646874896
2025-10-17,1397.6,84.72446462630604,27.27578837916321,34.5239902993302
2025-10-18,1399.23,84.44350029165442,27.2884047654874,32.98260233362643
2025-10-19,1390.34,81.58638326516048,27.260945310343498,33.1686768734347
2025-10-20,1398.77,79.76110076850979,27.256090707738842,32.439544768284634
2025-10-21,1395.59,82.46040035624712,27.25814654668627,32.84193742590083
2025-10-22,1388.93,79.41539640396115,27.233697135331507,34.07863184284978
2025-10-23,1388.06,81.08612840566035,27.197494675933147,33.66434561658658
2025-10-24,1388.15,82.06932325668922,27.2319407201648,32.50990722009766
2025-10-25,1381.13,82.65762221005363,27.223081228413445,32.04764707118219
2025-10-26,1389.88,79.1656124152458,27.23285888533225,33.08410101351912
2025-10-27,1384.76,82.3146420245957,27.151692585857973,32.96773767875701
2025-10-28,1395.54,80.41232877776285,27.2755498710249,32.52032189413768
2025-10-29,1395.49,80.97882477944916,27.27825544488613,31.609052470181997
2025-10-30,1395.55,79.89156773582087,27.28486768316965,33.48997949865995
2025-10-31,1383.76,79.11414886490206,27.225385173932604,32.47627729937913
2025-11-01,1387.02,76.29821957262831,27.245333107980887,32.184110716618754
2025-11-02,1389.31,80.73291523727583,27.278146676911515,33.387922844582796
2025-11-03,1386.45,79.34167451474201,27.26602091225645,33.13219476502921
2025-11-04,1385.16,77.20519187556191,27.26211633234964,32.90120655145242
2025-11-05,1384.41,77.9849839044296,27.290784270156603,33.6632321964738
2025-11-06,1379.79,82.83656053822818,27.233414584752133,33.214235895950445
2025-11-07,1384.07,78.98840423685917,27.236539390612688,33.380081783588665
2025-11-08,1384.84,79.72316960809337,27.271534824985523,33.645901434974185
2025-11-09,1384.23,75.93715389743898,27.262800897110285,33.61078843298374
2025-11-10,1377.34,83.23618283712588,27.248941722742213,34.28762605006667
2025-11-11,1379.49,80.89063393808117,27.269052461575843,33.32689846271313
2025-11-12,1378.12,79.0432078219436,27.2002524584618,33.6979791736884
2025-11-13,1377.05,82.79931972812052,27.238517205432977,32.91800380216581
2025-11-14,1379.26,77.34323168260408,27.261545775219155,33.5520738213852
2025-11-15,1380.4,76.54800770505607,27.240582008976684,33.58572718170162
2025-11-16,1381.84,85.23916176064192,27.28667905103705,32.14980625730668
2025-11-17,1381.55,82.0170047996652,27.27221558090228,33.583361210220815
2025-11-18,1374.26,77.9141147668223,27.255771207968706,32.386600300128826
2025-11-19,1374.32,79.9985057228528,27.26588229429803,33.149614360029865
2025-11-20,1381.97,77.95546757050865,27.26723988313001,32.84206742601325
2025-11-21,1370.83,83.57128163277122,27.30233043299681,33.72074315853685
2025-11-22,1369.6,80.39780600291675,27.21178494272883,34.026815853170625
2025-11-23,1382.37,79.76493934818694,27.28978712877588,33.65486100790815
2025-11-24,1378.7,76.54704535759325,27.273900403094828,33.234845919720925
2025-11-25,1374.11,81.28200025552275,27.250200988679094,33.18433388995096
2025-11-26,1378.89,81.39554310098785,27.23383117526932,33.57014648514609
2025-11-27,1373.7,80.97090860971961,27.209317773628367,34.27664869813032
2025-11-28,1370.18,84.06138318631898,27.230748100341557,32.995678849744706
2025-11-29,1367.18,79.88015698761876,27.260475334180168,32.8173982652224
2025-11-30,1374.48,81.94405115743696,27.270708691803236,32.23407165519223
2025-12-01,1368.85,81.18810634626077,27.277889485337624,33.58357872625943
2025-12-02,1368.23,79.53319366648623,27.227192383904548,34.10946051466683
2025-12-03,1365.22,79.30317016969143,27.258687402356397,33.26824987957848
2025-12-04,1371.89,81.98713365649414,27.269127536417198,32.86430679675308
2025-12-05,1362.01,80.20164412703852,27.222924967549673,32.43924427996488
2025-12-06,1363.93,76.19588358791029,27.241612189209054,32.75291970487992
2025-12-07,1369.02,82.46756967468056,27.251364794741583,34.01733303617165
2025-12-08,1367.65,86.60132504459736,27.239872335152363,33.74047447890836
2025-12-09,1358.19,82.79483134054037,27.25233997817043,33.14566871639098
2025-12-10,1366.06,83.53358865314394,27.235457850548652,34.37589182455413
2025-12-11,1360.93,85.1061620731312,27.29975358335411,33.30616701129026
2025-12-12,1365.17,79.91462293377448,27.23938548773789,33.758150451440464
2025-12-13,1365.33,77.28386599752749,27.250582344630416,31.809615467520057
2025-12-14,1362.41,82.76878353154919,27.261478382172943,32.54600212959189
2025-12-15,1359.9,83.66446441889764,27.286698785513487,33.172269876974354
2025-12-16,1366.9,80.66767019921095,27.247105770821648,34.676959962868054
2025-12-17,1361.16,80.9556163290282,27.281903439335444,32.78814684218682
2025-12-18,1356.13,78.65232177264383,27.21632971118707,33.49445440620149
2025-12-19,1359.16,78.46021353573444,27.260167648471842,34.170681728891374
2025-12-20,1359.87,80.99064272289054,27.21845571562993,34.08950704859168
2025-12-21,1361.83,81.08711399084292,27.244383281411206,31.6687752494782
2025-12-22,1358.11,81.44521216217775,27.246240586057493,32.902404200572214
2025-12-23,1350.95,81.97075856035231,27.25323363458951,32.571243619448
2025-12-24,1365.87,79.63207883960987,27.299611348829337,32.54319678752953
2025-12-25,1352.36,77.73913025108872,27.22100340483213,32.4619133756455
2025-12-26,1356.36,80.81483356816729,27.28803558724494,32.49730538326446
2025-12-27,1350.05,79.63424113831468,27.225927370384305,32.51041074797959
2025-12-28,1352.95,74.98126425387845,27.279519511270387,34.12396837959815
2025-12-29,1348.72,81.94593716204172,27.25412097508958,33.482097345729095
2025-12-30,1351.2,75.80975582402458,27.2401529089203,32.73521424275658
2025-12-31,1354.12,74.98187983667202,27.256679772347056,31.898269280058123
